especie,cenario,desvio_termico,desvio_bpm,variabilidade_bpm,queda_atividade,fragmentacao_repouso,taquicardia_repouso,risco
gato,saudavel,0.0,0.0,0.021375585968698502,0.026647549197769127,0.0,0.0,0
ave,letargia,0.0,0.0,0.020592233251910938,0.6128546581169965,1.0,0.0,1
cao,saudavel,0.0,0.0,0.037419097070271176,0.1086758377252276,0.28011989131348214,0.0,0
cao,hipotermia_choque,0.7738832411368672,0.0,0.22544446774895852,0.8556206149293428,0.0,0.0,1
bovino,taquicardia_repouso,0.0,1.0,0.042957563210724414,0.6749064079884698,0.0,1.0,1
gato,saudavel,0.0,0.0,0.023742911338124992,0.02249990161161719,0.0,0.0,0
ave,atividade_intensa,0.0,0.5248066512486336,0.061698395831268384,0.0,0.0,0.0,0
bovino,saudavel,0.0,0.0,0.039419946513672956,0.0380350652337218,0.16957343801666908,0.0,0
bovino,saudavel,0.0,0.0,0.03393544157593386,0.0,0.29675351652917087,0.0,0
gato,saudavel,0.0,0.0,0.021114067451459818,0.0,0.45977011494252873,0.0,0
ave,letargia,0.0,0.0,0.02504339938906114,0.5896302701304446,1.0,0.0,1
bovino,hipotermia_choque,0.3495288075638996,0.0,0.23433903902559436,0.8661754552526043,0.0,0.0,1
ave,saudavel,0.0,0.0,0.020245942769896143,0.0,0.0,0.0,0
cao,saudavel,0.0,0.0,0.03854284827421581,0.046121206946830084,0.42017983697022326,0.0,0
gato,hipotermia_choque,0.5270733240384697,0.17271743704451703,0.21743017553383187,0.8726647349637325,0.0,0.0,1
gato,letargia,0.0,0.0,0.027544613887587964,0.41252282670566764,1.0,0.0,1
bovino,saudavel,0.0,0.0,0.03420813325105894,0.0,0.16957343801666908,0.0,0
bovino,saudavel,0.0,0.0,0.04489503304109384,0.0,0.29675351652917087,0.0,0
ave,saudavel,0.0,0.0,0.024757960936153286,0.030942805195787848,0.0,0.0,0
gato,saudavel,0.0,0.0,0.018666489511251768,0.0,0.0,0.0,0
bovino,saudavel,0.0,0.0,0.03872410005698905,0.09061499133645834,0.2543601570250036,0.0,0
ave,atividade_intensa,0.0,0.4763078919992032,0.043359929138676895,0.0,0.0,0.0,0
cao,letargia,0.0,0.0,0.04637741232162779,0.3653823714938673,0.5602397826269643,0.0,1
ave,atividade_intensa,0.0,0.5579927865147367,0.06129043717166498,0.0,0.0,0.0,0
gato,febre,0.506921178894957,0.0,0.07611326679466074,0.11639020964511126,0.45977011494252873,0.03333333333333333,1
cao,saudavel,0.0,0.0,0.03344228197777606,0.0,0.28011989131348214,0.0,0
bovino,hipotermia_choque,0.26373542062617616,0.0,0.26840955224080143,0.8274348087375794,0.0,0.0,1
bovino,letargia,0.0,0.0,0.04523199527353619,0.22778655491067745,0.38154023553750543,0.0,1
gato,febre,0.6392261593854547,0.0,0.05865548155335067,0.20813227325170247,1.0,0.0,1
gato,saudavel,0.0,0.0,0.023916987107731814,0.018451355500763045,0.0,0.0,0
ave,febre,0.019175099011391694,0.0,0.058210082238561375,0.17527714851603204,0.22988505747126436,0.0,1
ave,saudavel,0.0,0.0,0.022850360224042028,0.0,0.0,0.0,0
cao,hipotermia_choque,0.6619064712180023,0.0,0.2175158171422763,0.8858539861436866,0.0,0.0,1
ave,febre,0.16188991666395935,0.0,0.08106634601269809,0.13030226919804377,0.0,0.03333333333333333,1
cao,febre,0.524124931556077,0.0,0.13721996381223828,0.09981507667963929,0.21008991848511163,0.13333333333333333,1
gato,saudavel,0.0,0.0,0.025722535207597538,0.0,0.22988505747126436,0.0,0
bovino,saudavel,0.0,0.0,0.029664263883426877,0.060118352378262574,0.1271800785125018,0.0,0
coelho,atividade_intensa,0.0,0.3379933724583255,0.04993464011124478,0.0,0.0,0.0,0
gato,febre,0.539010422218227,0.0,0.06501602264207934,0.17565245853743683,0.9195402298850575,0.0,1
coelho,hipotermia_choque,0.7489482163511241,0.0,0.3218175701293226,0.900056344028584,0.0,0.0,1
bovino,febre,0.5286037527117646,0.0,0.09364666162778469,0.17871313500025077,0.08478671900833454,0.13333333333333333,1
cao,saudavel,0.0,0.0,0.041874105931691524,0.08630838336599189,0.28011989131348214,0.0,0
coelho,taquicardia_repouso,0.0,0.8519387395824967,0.055649985521938866,0.7739652908329312,0.0,1.0,1
bovino,saudavel,0.0,0.0,0.027475174916866702,0.0535050746825233,0.21196679752083636,0.0,0
bovino,taquicardia_repouso,0.0,0.9547933354065479,0.04087190541043512,0.6854675524876868,0.0,1.0,1
cao,letargia,0.0,0.0,0.0474377574485546,0.4306209790878931,0.7703297011120759,0.0,1
cao,atividade_intensa,0.0,0.3385278009907473,0.049555834558622114,0.0,0.0,0.0,0
bovino,saudavel,0.0,0.0,0.034252361806539774,0.06489113532538604,0.2543601570250036,0.0,0
cao,saudavel,0.0,0.0,0.041070165355311376,0.03244529658503559,0.14005994565674107,0.0,0
cao,taquicardia_repouso,0.0,0.8211807760750545,0.04302204418694291,0.6932296190133838,0.0,1.0,1
coelho,saudavel,0.0,0.0,0.04007306863455039,0.0,0.0,0.0,0
cao,hipotermia_choque,0.8141433504156259,0.0,0.2843206073007344,0.8596228440015079,0.0,0.0,1
coelho,saudavel,0.0,0.0,0.04448049768789242,0.06594765385415047,0.0,0.0,0
ave,atividade_intensa,0.0,0.5288440163411041,0.055300357116061495,0.0,0.0,0.0,0
cao,saudavel,0.0,0.0,0.0376348247446448,0.05006074501721103,0.21008991848511163,0.0,0
bovino,saudavel,0.0,0.0,0.03113549678120843,0.053172786200426314,0.21196679752083636,0.0,0
gato,febre,0.5831573395941552,0.0,0.06164378100439679,0.12148343409053475,0.9195402298850575,0.03333333333333333,1
bovino,saudavel,0.0,0.0,0.03412594832094944,0.0,0.08478671900833454,0.0,0
gato,letargia,0.0,0.0,0.02168775988075352,0.4665606257262732,1.0,0.0,1
gato,hipotermia_choque,1.0,0.0,0.14605749169946136,0.8830582728630769,0.0,0.0,1
gato,letargia,0.0,0.0,0.03054305969110518,0.48566808001254735,1.0,0.0,1
gato,saudavel,0.0,0.0,0.01869072968443044,0.0066323648669573965,0.0,0.0,0
cao,febre,0.4244902382866731,0.0,0.13237610529821556,0.0562253641427759,0.07002997282837053,0.03333333333333333,1
cao,letargia,0.0,0.0,0.0520839801513473,0.44539783398392374,0.5602397826269643,0.0,1
gato,febre,0.658885991562538,0.0,0.07564813738406766,0.19077097043847446,0.6896551724137931,0.06666666666666667,1
gato,saudavel,0.0,0.0,0.016278522275417977,0.0,0.0,0.0,0
gato,hipotermia_choque,0.8802163304469561,0.0,0.18358483447647314,0.9106280518887534,0.0,0.0,1
bovino,saudavel,0.0,0.0,0.035683321005776175,0.014170320675559456,0.1271800785125018,0.0,0
cao,atividade_intensa,0.0,0.2892567549195981,0.04730556605216227,0.0,0.0,0.0,0
coelho,saudavel,0.0,0.0,0.04894001082674896,0.0,0.0,0.0,0
bovino,saudavel,0.0,0.0,0.029342321199769802,0.055505434939662646,0.2543601570250036,0.0,0
cao,letargia,0.0,0.0,0.05055245306511977,0.3476975665723796,0.6302697554553349,0.0,1
ave,letargia,0.0,0.0,0.03164926284607347,0.5517509715159714,1.0,0.0,1
coelho,saudavel,0.0,0.0,0.038880886759803085,0.019880082818338307,0.0,0.0,0
bovino,saudavel,0.0,0.0,0.032535607381994555,0.0,0.2543601570250036,0.0,0
coelho,taquicardia_repouso,0.0,0.7915321654651046,0.05224962076729887,0.7825632509766041,0.0,1.0,1
bovino,letargia,0.0,0.0,0.037566405203307056,0.32986530785900414,0.4239335950416727,0.0,1
ave,saudavel,0.0,0.0,0.02107818895038787,0.0,0.0,0.0,0
coelho,saudavel,0.0,0.0,0.032104557187316425,0.0,0.0,0.0,0
cao,saudavel,0.0,0.0,0.02899462812472209,0.0,0.14005994565674107,0.0,0
bovino,taquicardia_repouso,0.0,1.0,0.04430162411464312,0.6893958129320001,0.0,1.0,1
cao,saudavel,0.0,0.0,0.03503749634973547,0.005693166755261769,0.07002997282837053,0.0,0
gato,saudavel,0.0,0.0,0.01745813355381952,0.01741826046867745,0.0,0.0,0
cao,saudavel,0.0,0.0,0.03593415524314599,0.0,0.28011989131348214,0.0,0
cao,letargia,0.0,0.0,0.03534922332106907,0.3876856277918018,0.4902098097985938,0.0,1
cao,saudavel,0.0,0.0,0.03620687408959427,0.005910624349176552,0.42017983697022326,0.0,0
coelho,letargia,0.0,0.0,0.06320923464129106,0.5698680721621656,1.0,0.0,1
cao,atividade_intensa,0.0,0.3563773562322474,0.046476860077787306,0.0,0.0,0.0,0
cao,febre,0.5977105250565513,0.0,0.14508350517441257,0.10347499674436067,0.14005994565674107,0.1,1
coelho,taquicardia_repouso,0.0,0.8697674334992838,0.048693578425731965,0.7978631664990887,0.0,1.0,1
gato,saudavel,0.0,0.0,0.022730036227383794,0.0,0.0,0.0,0
gato,febre,0.9055033481682151,0.0,0.05526270367615693,0.08820982551540246,0.45977011494252873,0.0,1
bovino,letargia,0.0,0.0,0.04611695140870621,0.2446486859992818,0.38154023553750543,0.0,1
coelho,saudavel,0.0,0.0,0.03726656829900033,0.023830213023840585,0.0,0.0,0
ave,atividade_intensa,0.0,0.506940278260297,0.05458341791146118,0.0,0.0,0.0,0
gato,saudavel,0.0,0.0,0.026986382195666823,0.0,0.0,0.0,0
bovino,saudavel,0.0,0.0,0.028854397036742776,0.0,0.1271800785125018,0.0,0
cao,letargia,0.0,0.0,0.04849085848132378,0.36763817634678697,0.6302697554553349,0.0,1
gato,saudavel,0.0,0.0,0.02014206544221204,0.015021589911994204,0.45977011494252873,0.0,0
ave,saudavel,0.0,0.0,0.027601496755808197,0.0,0.0,0.0,0
coelho,saudavel,0.0,0.0,0.04474282475136781,0.0,0.0,0.0,0
coelho,febre,0.4024047025036832,0.0,0.11481048900978616,0.15696464889919481,0.0,0.0,1
cao,febre,0.642724523375769,0.0,0.10182216876881584,0.19937209042523918,0.35014986414185273,0.06666666666666667,1
coelho,saudavel,0.0,0.0,0.04241650686765793,0.0,0.0,0.0,0
cao,taquicardia_repouso,0.0,0.8727713135029624,0.048866900683816,0.7303148117701667,0.0,1.0,1
cao,saudavel,0.0,0.0,0.033228062877736865,0.031078226271524567,0.28011989131348214,0.0,0
bovino,saudavel,0.0,0.0,0.027423990558057006,0.0,0.1271800785125018,0.0,0
ave,saudavel,0.0,0.0,0.02571626149367191,0.0,0.0,0.0,0
gato,taquicardia_repouso,0.0,1.0,0.05376680162421918,0.7174661307420807,0.0,1.0,1
gato,letargia,0.0,0.0,0.03144386114513376,0.3783705781842748,1.0,0.0,1
bovino,letargia,0.0,0.0,0.04030835653636854,0.2560777554709237,0.4239335950416727,0.0,1
cao,atividade_intensa,0.0,0.3718109526195321,0.051629564863058024,0.0,0.0,0.0,0
cao,hipotermia_choque,0.1960752963945651,0.0,0.2839668970987189,0.8338291207062012,0.0,0.0,1
bovino,atividade_intensa,0.0,0.4028551158874756,0.04953248417124041,0.0,0.0,0.0,0
coelho,saudavel,0.0,0.0,0.03895690572065212,0.0,0.0,0.0,0
cao,letargia,0.0,0.0,0.0504288406839315,0.3672321562924993,0.6302697554553349,0.0,1
ave,saudavel,0.0,0.0,0.02159439098806599,0.012119361632997094,0.0,0.0,0
cao,saudavel,0.0,0.0,0.02288251011707958,0.0,0.14005994565674107,0.0,0
cao,saudavel,0.0,0.0,0.035134521112814524,0.0,0.0,0.0,0
gato,letargia,0.0,0.0,0.03356112286610053,0.4521665155649136,1.0,0.0,1
coelho,atividade_intensa,0.0,0.37242260418777384,0.04498076093400909,0.0,0.0,0.0,0
bovino,febre,0.6892344378487298,0.0,0.12243892669134862,0.08255280800822296,0.29675351652917087,0.16666666666666666,1
ave,saudavel,0.0,0.0,0.018902743003340147,0.0,0.0,0.0,0
cao,taquicardia_repouso,0.0,0.8607703154532076,0.04359381664167426,0.723006518692365,0.0,1.0,1
ave,letargia,0.0,0.0,0.02714753146017966,0.6547372476641691,1.0,0.0,1
cao,febre,0.2278662456089946,0.0,0.10023710177480295,0.24037606666374278,0.42017983697022326,0.0,1
ave,atividade_intensa,0.0,0.45838008802962493,0.05609885945690429,0.0,0.0,0.0,0
coelho,hipotermia_choque,0.25173550032919434,0.0,0.26825800536793365,0.883496712928077,0.0,0.0,1
gato,saudavel,0.0,0.0,0.022406568323395794,0.04742146515192236,0.0,0.0,0
bovino,saudavel,0.0,0.0,0.029961342159833693,0.0,0.2543601570250036,0.0,0
ave,taquicardia_repouso,0.0,1.0,0.051864262321200665,0.8050483541007919,0.0,1.0,1
ave,hipotermia_choque,0.6969713187177504,0.03626217940368215,0.20956260699241622,0.9189360521544372,0.0,0.0,1
cao,febre,0.3692572320092151,0.0,0.1072259035740346,0.17332599256148895,0.28011989131348214,0.06666666666666667,1
cao,taquicardia_repouso,0.0,0.809448362138371,0.039701853985063505,0.7043756309662599,0.0,1.0,1
bovino,atividade_intensa,0.0,0.37729614674687406,0.06165032506899004,0.0,0.0,0.0,0
gato,febre,0.9189356510944888,0.0,0.059890251808398416,0.1631110988638751,0.45977011494252873,0.0,1
bovino,taquicardia_repouso,0.0,1.0,0.04568074651852828,0.7268696692929233,0.0,1.0,1
ave,taquicardia_repouso,0.0,1.0,0.05024074075754282,0.8159384076627705,0.0,1.0,1
cao,saudavel,0.0,0.0,0.037659690989870785,0.09352424500839307,0.14005994565674107,0.0,0
coelho,atividade_intensa,0.0,0.3052013608655366,0.053555040025222135,0.0,0.0,0.0,0
bovino,febre,0.4480124415772859,0.0,0.09452040933678352,0.08165550822887158,0.16957343801666908,0.1,1
bovino,saudavel,0.0,0.0,0.02819811565920987,0.0,0.08478671900833454,0.0,0
coelho,saudavel,0.0,0.0,0.040511044422023836,0.016910552212440977,0.0,0.0,0
cao,saudavel,0.0,0.0,0.03918525251815403,0.04219603458265053,0.21008991848511163,0.0,0
coelho,saudavel,0.0,0.0,0.04138342920230312,0.0,0.0,0.0,0
coelho,saudavel,0.0,0.0,0.05547254976758478,0.0,0.0,0.0,0
gato,febre,0.32140325799223435,0.0,0.08078801953409101,0.16385675119165077,0.22988505747126436,0.1,1
cao,saudavel,0.0,0.0,0.03572244029573959,0.05476561119309331,0.5602397826269643,0.0,0
bovino,febre,0.5821555925664843,0.0,0.08545188950230435,0.17353352830985413,0.1271800785125018,0.0,1
cao,letargia,0.0,0.0,0.05038593892455386,0.3889674937187362,0.6302697554553349,0.0,1
gato,atividade_intensa,0.0,0.5629426625565741,0.044587191639730774,0.0,0.0,0.0,0
coelho,febre,0.1712188512419932,0.0,0.10601967641485455,0.14357212338358405,0.0,0.0,1
gato,saudavel,0.0,0.0,0.025453586536078678,0.0,0.45977011494252873,0.0,0
cao,febre,0.6702839584149982,0.0,0.10179059529997554,0.19275371640444972,0.42017983697022326,0.03333333333333333,1
bovino,taquicardia_repouso,0.0,1.0,0.04338976782011372,0.7054815234128239,0.0,1.0,1
cao,taquicardia_repouso,0.0,0.830109094115199,0.046761799167575266,0.7485766781839206,0.0,1.0,1
coelho,saudavel,0.0,0.0,0.046277958705980345,0.07371327146091844,0.0,0.0,0
bovino,letargia,0.0,0.0,0.035237639242767904,0.3043633021653265,0.4239335950416727,0.0,1
gato,taquicardia_repouso,0.0,1.0,0.04811561478112311,0.7755650741513331,0.0,1.0,1
bovino,febre,0.2584823007199759,0.0,0.0773914311101646,0.08247193753305238,0.16957343801666908,0.0,1
cao,letargia,0.0,0.0,0.03864395744797841,0.3944065615207808,0.7002997282837055,0.0,1
gato,hipotermia_choque,1.0,0.05981916555935607,0.19201491019971423,0.8617869307461765,0.0,0.0,1
coelho,febre,0.4856371722829351,0.0,0.12817617350142063,0.18355627093337645,0.9195402298850575,0.1,1
ave,febre,0.00048196706098480036,0.0,0.08441496949028018,0.1412374740987522,0.0,0.0,1
coelho,saudavel,0.0,0.0,0.04302661564194339,0.0,0.0,0.0,0
gato,letargia,0.0,0.0,0.02789871366792462,0.3947516134793345,1.0,0.0,1
bovino,saudavel,0.0,0.0,0.03077442967626112,0.0,0.21196679752083636,0.0,0
ave,febre,0.17006565076625435,0.0,0.05707026383057813,0.18407777455673446,0.45977011494252873,0.0,1
coelho,saudavel,0.0,0.0,0.036578975285781,0.0,0.0,0.0,0
bovino,saudavel,0.0,0.0,0.03698627577479773,0.0,0.2543601570250036,0.0,0
bovino,saudavel,0.0,0.0,0.028544977283115953,0.027671761598967337,0.21196679752083636,0.0,0
ave,saudavel,0.0,0.0,0.020543722285133847,0.0,0.0,0.0,0
ave,letargia,0.0,0.0,0.028647338562973038,0.5878932201475882,1.0,0.0,1
coelho,saudavel,0.0,0.0,0.042697389958029165,0.0,0.0,0.0,0
cao,taquicardia_repouso,0.0,0.9460282759541379,0.04387747076180025,0.7154578763441648,0.0,1.0,1
cao,saudavel,0.0,0.0,0.03198749747576768,0.0,0.14005994565674107,0.0,0
cao,febre,0.0798349444701365,0.0,0.11607296131684967,0.07837410955303403,0.21008991848511163,0.0,1
gato,saudavel,0.0,0.0,0.02443156494404636,0.0,0.0,0.0,0
cao,febre,0.40152344570093823,0.0,0.1388223965687011,0.1240686241738892,0.21008991848511163,0.13333333333333333,1
bovino,letargia,0.0,0.0,0.044695317513858406,0.27197261183783117,0.38154023553750543,0.0,1
gato,febre,0.37391225740171463,0.0,0.08654087694010879,0.19025975871125422,0.9195402298850575,0.1,1
gato,saudavel,0.0,0.0,0.024595776352079154,0.0,0.22988505747126436,0.0,0
coelho,letargia,0.0,0.0,0.03867594439153882,0.5333235031298782,1.0,0.0,1
bovino,saudavel,0.0,0.0,0.03843170960449748,0.004875076575488246,0.16957343801666908,0.0,0
gato,letargia,0.0,0.0,0.024697339462178693,0.4370418247485136,1.0,0.0,1
coelho,letargia,0.0,0.0,0.04604394081779443,0.5082385739308122,1.0,0.0,1
gato,letargia,0.0,0.0,0.02340002532798511,0.46411449527729176,1.0,0.0,1
cao,febre,0.05585905572209682,0.0,0.09853390401416072,0.20434713284125927,0.35014986414185273,0.03333333333333333,1
coelho,saudavel,0.0,0.0,0.04854815730840211,0.0,0.0,0.0,0
gato,saudavel,0.0,0.0,0.022165450083598614,0.01689607236986479,0.45977011494252873,0.0,0
ave,febre,0.018051551934107124,0.0,0.06449439723405992,0.11993946160753488,0.0,0.0,1
bovino,taquicardia_repouso,0.0,1.0,0.04622607872750256,0.6441092107151041,0.0,1.0,1
bovino,hipotermia_choque,0.9867071531264742,0.0,0.21976601063395598,0.8499743099967483,0.0,0.0,1
cao,atividade_intensa,0.0,0.392382752403023,0.05089573394918713,0.0,0.0,0.0,0
coelho,saudavel,0.0,0.0,0.04284306917398004,0.0,0.0,0.0,0
bovino,saudavel,0.0,0.0,0.028613191367872593,0.04672509824032711,0.33914687603333815,0.0,0
ave,hipotermia_choque,0.5324136227713652,0.10337170556142605,0.20317645518971209,0.9051990535943024,0.0,0.0,1
ave,febre,0.0,0.0,0.07291092356741984,0.19613140213419245,0.0,0.0,1
bovino,saudavel,0.0,0.0,0.03502787996153697,0.0,0.16957343801666908,0.0,0
ave,saudavel,0.0,0.0,0.019932557491949728,0.0,0.0,0.0,0
cao,febre,0.39455814486486473,0.0,0.12977894665227108,0.20270901371119732,0.21008991848511163,0.13333333333333333,1
ave,letargia,0.0,0.0,0.021318218765567994,0.5914203467932206,1.0,0.0,1
coelho,saudavel,0.0,0.0,0.03912898496145011,0.019628225911618835,0.0,0.0,0
cao,hipotermia_choque,0.601557324529634,0.0,0.26045345879024734,0.8917384010031557,0.0,0.0,1
cao,taquicardia_repouso,0.0,0.866780991281282,0.04661549383266149,0.7561971448561322,0.0,1.0,1
ave,atividade_intensa,0.0,0.4745772293627284,0.04858927174006604,0.0,0.0,0.0,0
coelho,saudavel,0.0,0.0,0.030476339707237003,0.0,0.0,0.0,0
bovino,letargia,0.0,0.0,0.039018038826726116,0.22700519073025893,0.33914687603333815,0.0,1
ave,letargia,0.0,0.0,0.024123550614119905,0.5809148474771646,1.0,0.0,1
coelho,atividade_intensa,0.0,0.3095188438647063,0.0666932319102186,0.0,0.0,0.0,0
ave,saudavel,0.0,0.0,0.02116586628156228,0.026390502354875944,0.0,0.0,0
coelho,hipotermia_choque,0.544066968042273,0.0,0.2510958633063872,0.9048556209376555,0.0,0.0,1
coelho,taquicardia_repouso,0.0,0.8327846982733123,0.03924524531367276,0.7932163399465771,0.0,1.0,1
ave,febre,0.30521564950576163,0.0,0.08942430701822632,0.17063903417727422,0.0,0.0,1
gato,saudavel,0.0,0.0,0.023301071583337378,0.03998040629112609,0.45977011494252873,0.0,0
gato,saudavel,0.0,0.0,0.023172547660550775,0.00803660366758907,0.45977011494252873,0.0,0
bovino,taquicardia_repouso,0.0,1.0,0.03410393998723227,0.7108063301473906,0.0,1.0,1
coelho,taquicardia_repouso,0.0,0.8466773884907839,0.042395414295266554,0.7740648230216689,0.0,1.0,1
coelho,saudavel,0.0,0.0,0.041061618881023415,0.0041271835509200105,0.0,0.0,0
coelho,hipotermia_choque,0.49482491497044134,0.0,0.2650692765147198,0.9049560422646826,0.0,0.0,1
coelho,saudavel,0.0,0.0,0.03635127768847157,0.0,0.0,0.0,0
cao,febre,0.24245984442839874,0.0,0.11377882786463346,0.09207117094267725,0.35014986414185273,0.0,1
cao,febre,0.2934048050653104,0.0,0.13767318462275618,0.18673791303241527,0.28011989131348214,0.1,1
bovino,saudavel,0.0,0.0,0.03660808596472295,0.0,0.16957343801666908,0.0,0
coelho,atividade_intensa,0.0,0.28839949493226524,0.05476816151082128,0.0,0.0,0.0,0
bovino,taquicardia_repouso,0.0,0.9885472802336337,0.05240890669272057,0.6426267979803598,0.0,1.0,1
cao,letargia,0.0,0.0,0.05164786706655427,0.3370657722032261,0.6302697554553349,0.0,1
bovino,saudavel,0.0,0.0,0.030160477044597758,0.0,0.2543601570250036,0.0,0
gato,febre,0.5094502955326508,0.0,0.074848965949724,0.11663179910120813,0.45977011494252873,0.06666666666666667,1
ave,saudavel,0.0,0.0,0.02195042225936084,0.011021548319907648,0.0,0.0,0
ave,saudavel,0.0,0.0,0.021396390927733277,0.018225554645373343,0.0,0.0,0
cao,letargia,0.0,0.0,0.04104025933078848,0.43715310149099373,0.6302697554553349,0.0,1
coelho,atividade_intensa,0.0,0.3231485844823194,0.05911370126262207,0.0,0.0,0.0,0
cao,febre,0.4031464321369316,0.0,0.13747296249171867,0.1693985186330489,0.28011989131348214,0.16666666666666666,1
gato,saudavel,0.0,0.0,0.02430307855090595,0.018013859861155224,0.0,0.0,0
gato,saudavel,0.0,0.0,0.027692438691459233,0.0,0.0,0.0,0
coelho,saudavel,0.0,0.0,0.05348400762682116,0.0,0.0,0.0,0
ave,saudavel,0.0,0.0,0.029296076425448663,0.035216445419595455,0.0,0.0,0
coelho,saudavel,0.0,0.0,0.04179894795620282,0.0,0.0,0.0,0
bovino,saudavel,0.0,0.0,0.03137604962214109,0.1232598515140213,0.29675351652917087,0.0,0
bovino,saudavel,0.0,0.0,0.029222067609712625,0.0,0.1271800785125018,0.0,0
ave,taquicardia_repouso,0.0,1.0,0.04422586339533032,0.8334475995335895,0.0,1.0,1
ave,taquicardia_repouso,0.0,1.0,0.04333547730049616,0.8373858745549396,0.0,1.0,1
bovino,hipotermia_choque,0.5763666364283513,0.0,0.27946555343994817,0.8107527755314005,0.0,0.0,1
coelho,letargia,0.0,0.0,0.05555851008887352,0.5195298484084019,1.0,0.0,1
coelho,saudavel,0.0,0.0,0.043236262062697144,0.0,0.0,0.0,0
gato,taquicardia_repouso,0.0,1.0,0.041804697894767914,0.7387284011836844,0.0,1.0,1
ave,saudavel,0.0,0.0,0.023248096548739973,0.0023799357380579478,0.0,0.0,0
bovino,febre,0.4357610311550768,0.0,0.0828580834455716,0.2154562284774525,0.0,0.03333333333333333,1
coelho,saudavel,0.0,0.0,0.03848608251811952,0.004335727700052194,0.0,0.0,0
bovino,saudavel,0.0,0.0,0.02983229107690736,0.021628873430701634,0.21196679752083636,0.0,0
cao,saudavel,0.0,0.0,0.03572341094328609,0.0,0.35014986414185273,0.0,0
coelho,saudavel,0.0,0.0,0.03940738975382871,0.0,0.0,0.0,0
gato,letargia,0.0,0.0,0.02907836165147509,0.4309140721235428,1.0,0.0,1
cao,febre,0.3692950035744329,0.0,0.11274407937051066,0.11677662952369883,0.4902098097985938,0.06666666666666667,1
ave,letargia,0.0,0.0,0.02527657597085522,0.5768722713801772,1.0,0.0,1
gato,taquicardia_repouso,0.0,1.0,0.03695311099450603,0.8005999129544794,0.0,1.0,1
cao,atividade_intensa,0.0,0.32482211420433127,0.0434623305626123,0.0,0.0,0.0,0
gato,hipotermia_choque,1.0,0.0,0.1489215238551785,0.9020832572492392,0.0,0.0,1
gato,hipotermia_choque,1.0,0.0,0.17517817739945277,0.8801701488643704,0.0,0.0,1
bovino,saudavel,0.0,0.0,0.03188893150760145,0.0,0.21196679752083636,0.0,0
cao,saudavel,0.0,0.0,0.038835607288787134,0.019500334839273936,0.28011989131348214,0.0,0
coelho,saudavel,0.0,0.0,0.03699124515522361,0.004214309540805261,0.0,0.0,0
coelho,febre,0.34318312992482447,0.0,0.1514750079747846,0.10547666145770396,0.0,0.0,1
gato,saudavel,0.0,0.0,0.021671216090341804,0.016488621746226673,0.0,0.0,0
coelho,taquicardia_repouso,0.0,0.8523752540894269,0.031119811057441205,0.7917396515295037,0.0,1.0,1
gato,letargia,0.0,0.0,0.03309211373236935,0.47626848029338265,1.0,0.0,1
bovino,hipotermia_choque,0.8434496961387576,0.0,0.24780093631645744,0.8278034845788976,0.0,0.0,1
gato,hipotermia_choque,1.0,0.0,0.16033789278454572,0.9014075185033231,0.0,0.0,1
coelho,taquicardia_repouso,0.0,0.8254455365283244,0.03992974307811756,0.8283813256621543,0.0,1.0,1
bovino,saudavel,0.0,0.0,0.028410285589109966,0.0,0.16957343801666908,0.0,0
cao,letargia,0.0,0.0,0.04518732275146479,0.3334028804084541,0.6302697554553349,0.0,1
coelho,atividade_intensa,0.0,0.32227820127701046,0.049762296253101586,0.0,0.0,0.0,0
gato,febre,0.9412485855360682,0.0,0.057906133272900354,0.09060252385072098,0.45977011494252873,0.0,1
bovino,febre,0.3876837515412035,0.0,0.12075714997181002,0.15518691786332717,0.08478671900833454,0.26666666666666666,1
gato,saudavel,0.0,0.0,0.02442900076699264,0.028187464154447617,0.0,0.0,0
bovino,saudavel,0.0,0.0,0.030840811421858048,0.04809704829038097,0.16957343801666908,0.0,0
cao,letargia,0.0,0.0,0.04922487034990656,0.37358005270283523,0.5602397826269643,0.0,1
ave,atividade_intensa,0.0,0.5458859070236948,0.05546511134220782,0.0,0.0,0.0,0
ave,febre,0.47913490969187933,0.0,0.07040531933514327,0.10190324080485125,0.0,0.0,1
coelho,febre,0.8073889554830675,0.0,0.1434297952474089,0.12965571767951956,0.0,0.0,1
gato,saudavel,0.0,0.0,0.02150087754501432,0.10721599476087496,0.22988505747126436,0.0,0
gato,saudavel,0.0,0.0,0.02257501354299407,0.01814792317314884,0.45977011494252873,0.0,0
gato,taquicardia_repouso,0.0,1.0,0.045884313815287174,0.7702986769435352,0.0,1.0,1
ave,atividade_intensa,0.0,0.4716533172470576,0.045791134725693114,0.0,0.0,0.0,0
gato,saudavel,0.0,0.0,0.02384176775382165,0.026819753027793936,0.45977011494252873,0.0,0
ave,atividade_intensa,0.0,0.5272037725442373,0.0648305955456299,0.0,0.0,0.0,0
cao,febre,0.5193956883051694,0.0,0.10508155501533918,0.16627097777498545,0.42017983697022326,0.03333333333333333,1
coelho,saudavel,0.0,0.0,0.03873511209942821,0.08814737588731969,0.0,0.0,0
gato,saudavel,0.0,0.0,0.020307203507948297,0.016392530597214572,0.45977011494252873,0.0,0
gato,taquicardia_repouso,0.0,1.0,0.05956396279676773,0.7757583478045338,0.0,1.0,1
gato,saudavel,0.0,0.0,0.022845266536247893,0.0,0.0,0.0,0
ave,saudavel,0.0,0.0,0.022271472878246504,0.0,0.0,0.0,0
cao,taquicardia_repouso,0.0,0.8550137914312601,0.049386322944475744,0.789195706516227,0.0,1.0,1
bovino,saudavel,0.0,0.0,0.027180142566996527,0.043569963871822215,0.2543601570250036,0.0,0
bovino,hipotermia_choque,0.8500059946786678,0.0,0.2369163430845646,0.8066029469314968,0.0,0.0,1
gato,saudavel,0.0,0.0,0.022236928363205854,0.02449664417533215,0.45977011494252873,0.0,0
ave,febre,0.0,0.0,0.07257016687336842,0.14481582220122302,0.0,0.0,1
cao,atividade_intensa,0.0,0.30280646748474416,0.05020084877792329,0.0,0.0,0.0,0
coelho,saudavel,0.0,0.0,0.04220049310215888,0.04116143334806033,0.0,0.0,0
coelho,saudavel,0.0,0.0,0.03827801334900021,0.012763174159681867,0.0,0.0,0
ave,saudavel,0.0,0.0,0.020928936213306503,0.0,0.0,0.0,0
bovino,saudavel,0.0,0.0,0.031311520344729844,0.016369604850287156,0.21196679752083636,0.0,0
bovino,saudavel,0.0,0.0,0.03350614827455217,0.0,0.16957343801666908,0.0,0
ave,saudavel,0.0,0.0,0.023684801008814167,0.07018675866548363,0.0,0.0,0
bovino,febre,0.21772758986762142,0.0,0.12067114534420603,0.2522497403329793,0.08478671900833454,0.26666666666666666,1
cao,saudavel,0.0,0.0,0.03815947794682288,0.0,0.28011989131348214,0.0,0
bovino,febre,0.4140247950716305,0.0,0.10748695979948143,0.12145763211305349,0.08478671900833454,0.13333333333333333,1
cao,saudavel,0.0,0.0,0.039084825336486134,0.0,0.28011989131348214,0.0,0
ave,saudavel,0.0,0.0,0.01921056102914626,0.01239446814825329,0.0,0.0,0
bovino,taquicardia_repouso,0.0,0.985120674612356,0.05839713598365423,0.6420762360653391,0.0,1.0,1
gato,febre,1.0,0.0,0.09222697824837026,0.17708782064508388,1.0,0.2,1
cao,saudavel,0.0,0.0,0.047903171381878724,0.0,0.0,0.0,0
cao,letargia,0.0,0.0,0.04787973867086443,0.404944122425005,0.42017983697022326,0.0,1
gato,hipotermia_choque,0.9052056651723559,0.0,0.16513602839197403,0.8689662838161116,0.0,0.0,1
bovino,atividade_intensa,0.0,0.4270073154436482,0.05344615188189629,0.0,0.0,0.0,0
coelho,saudavel,0.0,0.0,0.043711698446372946,0.014274969179304153,0.0,0.0,0
gato,taquicardia_repouso,0.0,1.0,0.051824690267196216,0.7734381744743979,0.0,1.0,1
bovino,saudavel,0.0,0.0,0.03075181612445122,0.08396790459059444,0.16957343801666908,0.0,0
coelho,hipotermia_choque,0.8694299853853427,0.0,0.31693310552346127,0.8828828179951236,0.0,0.0,1
bovino,letargia,0.0,0.0,0.04050982022897618,0.27533204144831347,0.4239335950416727,0.0,1
ave,febre,0.42646972370419434,0.0,0.06641376852354682,0.19058991696455685,0.0,0.03333333333333333,1
bovino,saudavel,0.0,0.0,0.028324020869997486,0.030489791789283127,0.16957343801666908,0.0,0
ave,hipotermia_choque,0.21137814048010029,0.06224849113226805,0.207054406077321,0.9261761043308939,0.0,0.0,1
cao,saudavel,0.0,0.0,0.029957206258210845,0.0440608154224994,0.21008991848511163,0.0,0
gato,saudavel,0.0,0.0,0.021807154986047874,0.0,0.0,0.0,0
bovino,febre,0.3625053245643528,0.0,0.09736796187159574,0.15151098114803097,0.21196679752083636,0.06666666666666667,1
coelho,saudavel,0.0,0.0,0.056691490791078575,0.0,0.0,0.0,0
coelho,febre,0.505925915503866,0.0,0.13579070477218044,0.121287020878863,0.0,0.0,1
coelho,saudavel,0.0,0.0,0.039746552575393695,0.0,0.22988505747126436,0.0,0
cao,saudavel,0.0,0.0,0.03910795525270627,0.0,0.21008991848511163,0.0,0
bovino,saudavel,0.0,0.0,0.0335579712804223,0.0,0.08478671900833454,0.0,0
cao,saudavel,0.0,0.0,0.03549408868480171,0.0,0.0,0.0,0
gato,taquicardia_repouso,0.0,1.0,0.0545846794667453,0.7441340219964632,0.0,1.0,1
cao,hipotermia_choque,0.6014255146456957,0.0,0.2379566932338637,0.8714912352664813,0.0,0.0,1
bovino,febre,0.3163713235930079,0.0,0.08388265791078839,0.18036344994199394,0.16957343801666908,0.0,1
ave,saudavel,0.0,0.0,0.02076604537966291,0.028083934626478624,0.0,0.0,0
coelho,saudavel,0.0,0.0,0.05075308559344974,0.041551537866346355,0.0,0.0,0
ave,saudavel,0.0,0.0,0.02133440557936307,0.0,0.0,0.0,0
cao,febre,0.24765525566331603,0.0,0.13923643033800856,0.15507743917127947,0.42017983697022326,0.13333333333333333,1
gato,febre,1.0,0.0,0.06374750830196621,0.10691926532908036,0.45977011494252873,0.03333333333333333,1
gato,saudavel,0.0,0.0,0.021521929769419683,0.02749873700336747,0.45977011494252873,0.0,0
bovino,saudavel,0.0,0.0,0.031167144894121705,0.0,0.29675351652917087,0.0,0
ave,febre,0.30247624146444707,0.0,0.06956332683134712,0.1436886812071676,0.0,0.0,1
ave,febre,0.36902413928735456,0.0,0.0724364250324083,0.18473178747986263,0.0,0.0,1
coelho,febre,0.60472686685812,0.0,0.12422898868213132,0.17142696022144088,1.0,0.0,1
gato,hipotermia_choque,1.0,0.0,0.158653576045429,0.8766471113123985,0.0,0.0,1
gato,atividade_intensa,0.0,0.576892739365541,0.061905974063876726,0.0,0.0,0.0,0
cao,febre,0.3847350170502659,0.0,0.1144967525867987,0.27169564816216774,0.14005994565674107,0.1,1
gato,taquicardia_repouso,0.0,1.0,0.0518639922015779,0.7821267098989745,0.0,1.0,1
gato,saudavel,0.0,0.0,0.020282342179623485,0.0,0.0,0.0,0
bovino,saudavel,0.0,0.0,0.03483644767548752,0.0,0.21196679752083636,0.0,0
coelho,atividade_intensa,0.0,0.3186484978462507,0.04314964771345356,0.0,0.0,0.0,0
bovino,saudavel,0.0,0.0,0.03013692169770022,0.04880213932438171,0.1271800785125018,0.0,0
ave,saudavel,0.0,0.0,0.026156829295341116,0.019390221410446884,0.0,0.0,0
cao,letargia,0.0,0.0,0.05015035167709754,0.40944542368662684,0.5602397826269643,0.0,1
cao,saudavel,0.0,0.0,0.04302289346649266,0.0,0.14005994565674107,0.0,0
ave,letargia,0.0,0.0,0.020735382363641364,0.6360534159199376,1.0,0.0,1
cao,saudavel,0.0,0.0,0.03353393326396917,0.0,0.28011989131348214,0.0,0
ave,febre,0.16323653325984822,0.0,0.07371441851900279,0.19709350691476502,0.0,0.0,1
coelho,letargia,0.0,0.0,0.06460979436016552,0.5383191985308868,1.0,0.0,1
gato,febre,0.20987710953145644,0.0,0.07846860548566695,0.17161904976787856,0.0,0.06666666666666667,1
ave,saudavel,0.0,0.0,0.022345407315085233,0.0,0.0,0.0,0
gato,saudavel,0.0,0.0,0.01752896198801121,0.03693186823145078,0.0,0.0,0
coelho,taquicardia_repouso,0.0,0.8854165957307616,0.044429732110720724,0.8101305397556101,0.0,1.0,1
bovino,saudavel,0.0,0.0,0.03461630990968767,0.0,0.1271800785125018,0.0,0
gato,saudavel,0.0,0.0,0.027391518501704848,0.026197087938962804,0.0,0.0,0
bovino,febre,0.3714658620134894,0.0,0.10957959530468968,0.20454558321452077,0.08478671900833454,0.23333333333333334,1
cao,saudavel,0.0,0.0,0.03432145000370683,0.0,0.28011989131348214,0.0,0
cao,letargia,0.0,0.0,0.056479167250568264,0.37170540517461026,0.6302697554553349,0.0,1
ave,saudavel,0.0,0.0,0.025349443024887022,0.0,0.0,0.0,0
bovino,atividade_intensa,0.0,0.3856454318181186,0.05345632566987718,0.0,0.0,0.0,0
coelho,taquicardia_repouso,0.0,0.8343280133011708,0.052910789314751294,0.7816945033688318,0.0,1.0,1
gato,hipotermia_choque,1.0,0.10187246052881704,0.21043886483002663,0.9021908799893612,0.0,0.0,1
coelho,atividade_intensa,0.0,0.3509386954860201,0.04992309303542039,0.0,0.0,0.0,0
ave,febre,0.023593470217612378,0.0,0.08526673047389563,0.16927421972467682,0.0,0.0,1
coelho,saudavel,0.0,0.0,0.04253588488727658,0.010316279894758584,0.0,0.0,0
coelho,saudavel,0.0,0.0,0.04304131613883607,0.02302290830763043,0.0,0.0,0
ave,febre,0.02520445003015226,0.0,0.07609453751433765,0.1781655937130736,0.0,0.0,1
ave,hipotermia_choque,0.31577092677708407,0.0,0.15907912477673647,0.9223154512717254,0.0,0.0,1
cao,letargia,0.0,0.0,0.043969214020015385,0.37532392494717803,0.5602397826269643,0.0,1
bovino,saudavel,0.0,0.0,0.029122192567698067,0.11422116044804265,0.1271800785125018,0.0,0
coelho,saudavel,0.0,0.0,0.040748339355384675,0.0,0.0,0.0,0
coelho,taquicardia_repouso,0.0,0.8379463345061957,0.05596176954781571,0.8046078994950077,0.0,1.0,1
coelho,saudavel,0.0,0.0,0.04887617644288449,0.0,0.0,0.0,0
bovino,saudavel,0.0,0.0,0.03207329375832797,0.0784692350274373,0.16957343801666908,0.0,0
cao,hipotermia_choque,0.5544812686536409,0.0,0.22270750618313168,0.8765320822313414,0.0,0.0,1
ave,saudavel,0.0,0.0,0.01893013578444137,0.014454907653400628,0.0,0.0,0
coelho,saudavel,0.0,0.0,0.033616516683535436,0.0,0.0,0.0,0
gato,letargia,0.0,0.0,0.026104618211006465,0.4440318813940791,1.0,0.0,1
ave,saudavel,0.0,0.0,0.022320803361205052,0.0,0.0,0.0,0
gato,saudavel,0.0,0.0,0.022772863577162624,0.0,0.0,0.0,0
gato,taquicardia_repouso,0.0,1.0,0.0610662969099249,0.7606617954349406,0.0,1.0,1
coelho,taquicardia_repouso,0.0,0.7865978666940494,0.050251133470500774,0.7982114878673462,0.0,1.0,1
bovino,taquicardia_repouso,0.0,1.0,0.03598909886306507,0.643662745470543,0.0,1.0,1
cao,febre,0.6252659441324049,0.0,0.11240998482453156,0.07600745151929733,0.21008991848511163,0.06666666666666667,1
bovino,taquicardia_repouso,0.0,1.0,0.0427273441190517,0.6409224894520261,0.0,1.0,1
cao,hipotermia_choque,0.23588648696578085,0.0,0.2732257951204938,0.8344333986684138,0.0,0.0,1
gato,atividade_intensa,0.0,0.6094581710388867,0.0585753216742049,0.0,0.0,0.0,0
ave,saudavel,0.0,0.0,0.025248608910091133,0.041316665575949596,0.0,0.0,0
bovino,taquicardia_repouso,0.0,1.0,0.04358958421648983,0.630967395442444,0.0,1.0,1
bovino,saudavel,0.0,0.0,0.03525647691938828,0.07723143108460995,0.33914687603333815,0.0,0
bovino,atividade_intensa,0.0,0.35431741400104144,0.041510119586592766,0.0,0.0,0.0,0
cao,saudavel,0.0,0.0,0.03335243032505948,0.0,0.14005994565674107,0.0,0
cao,saudavel,0.0,0.0,0.03821279727373389,0.0,0.35014986414185273,0.0,0
gato,saudavel,0.0,0.0,0.021381250081590784,0.0,0.22988505747126436,0.0,0
gato,saudavel,0.0,0.0,0.0213083232931458,0.02443002489617807,0.0,0.0,0
bovino,febre,0.6619883186913853,0.0,0.09433377878154492,0.2015690437305696,0.08478671900833454,0.06666666666666667,1
gato,febre,0.7872279806899467,0.0,0.08507360082679769,0.14616568142052133,1.0,0.1,1
gato,saudavel,0.0,0.0,0.023827813993434036,0.0,0.0,0.0,0
cao,saudavel,0.0,0.0,0.044508112574032886,0.04307970865680544,0.42017983697022326,0.0,0
coelho,atividade_intensa,0.0,0.31362173748561806,0.04881575795692556,0.0,0.0,0.0,0
bovino,saudavel,0.0,0.0,0.020092619651420094,0.08200486458324241,0.16957343801666908,0.0,0
gato,saudavel,0.0,0.0,0.01661371847523331,0.0,0.0,0.0,0
gato,saudavel,0.0,0.0,0.020471360310183064,0.05500480624237014,0.0,0.0,0
gato,saudavel,0.0,0.0,0.02404861630108569,0.01854381274321315,0.45977011494252873,0.0,0
gato,saudavel,0.0,0.0,0.020074464916823225,0.03805082236602442,0.0,0.0,0
bovino,saudavel,0.0,0.0,0.03172799203926636,0.0,0.21196679752083636,0.0,0
coelho,taquicardia_repouso,0.0,0.845803499048486,0.05449560211356506,0.7611816590281809,0.0,1.0,1
ave,atividade_intensa,0.0,0.5140583668868361,0.0577563875709925,0.0,0.0,0.0,0
gato,febre,1.0,0.0,0.060608381390651,0.15358210377748605,0.0,0.03333333333333333,1
cao,saudavel,0.0,0.0,0.025334868437128656,0.0,0.14005994565674107,0.0,0
cao,saudavel,0.0,0.0,0.031084608439806545,0.06754958470149253,0.14005994565674107,0.0,0
bovino,taquicardia_repouso,0.0,1.0,0.05592079954095478,0.670670396990856,0.0,1.0,1
coelho,saudavel,0.0,0.0,0.04012544241317043,0.0,0.0,0.0,0
gato,saudavel,0.0,0.0,0.017808464626113563,0.014317730864848666,0.0,0.0,0
gato,saudavel,0.0,0.0,0.022264354820320516,0.04293284686255705,0.45977011494252873,0.0,0
cao,saudavel,0.0,0.0,0.03726952013031027,0.0,0.14005994565674107,0.0,0
ave,saudavel,0.0,0.0,0.02524740463225729,0.0,0.0,0.0,0
gato,saudavel,0.0,0.0,0.020020209053252924,0.0,0.0,0.0,0
ave,saudavel,0.0,0.0,0.017309841206856927,0.027571034130489558,0.0,0.0,0
ave,febre,0.045900699990539806,0.0,0.08945657836906155,0.16783191305857692,0.0,0.0,1
coelho,febre,0.6844096046846175,0.0,0.1013460524746019,0.18521188738289296,0.22988505747126436,0.0,1
cao,febre,0.4584150020283351,0.0,0.13881636115415436,0.1448193019343036,0.4902098097985938,0.13333333333333333,1
cao,saudavel,0.0,0.0,0.04190218468580115,0.02061929597880352,0.21008991848511163,0.0,0
coelho,saudavel,0.0,0.0,0.04833014115112485,0.0,0.0,0.0,0
bovino,letargia,0.0,0.0,0.04336000613216428,0.23281183410601425,0.38154023553750543,0.0,1
ave,saudavel,0.0,0.0,0.021260826927132555,0.0,0.0,0.0,0
coelho,saudavel,0.0,0.0,0.045706773871129924,0.0,0.0,0.0,0
bovino,letargia,0.0,0.0,0.03997168631667821,0.17727503891401253,0.4239335950416727,0.0,1
cao,saudavel,0.0,0.0,0.04105827394412103,0.07635119344468755,0.42017983697022326,0.0,0
bovino,febre,0.09262990135206906,0.0,0.07783570379480709,0.18449829447519928,0.08478671900833454,0.0,1
bovino,saudavel,0.0,0.0,0.03154522531286616,0.0,0.1271800785125018,0.0,0
ave,saudavel,0.0,0.0,0.0188258310435065,0.009048793826473167,0.0,0.0,0
gato,saudavel,0.0,0.0,0.023334421814087125,0.0,0.0,0.0,0
coelho,saudavel,0.0,0.0,0.04204324672270107,0.0,0.0,0.0,0
bovino,saudavel,0.0,0.0,0.034694258744622244,0.011072159019803518,0.2543601570250036,0.0,0
gato,letargia,0.0,0.0,0.0331782073690714,0.45673036045987436,1.0,0.0,1
bovino,letargia,0.0,0.0,0.05122760405022906,0.14959860720313922,0.38154023553750543,0.0,1
ave,saudavel,0.0,0.0,0.016953951443352662,0.04206368046929965,0.0,0.0,0
bovino,saudavel,0.0,0.0,0.03803077471562414,0.0,0.21196679752083636,0.0,0
cao,taquicardia_repouso,0.0,0.8151853854085502,0.044790273505704505,0.7098045070681784,0.0,1.0,1
coelho,febre,0.18608395990272197,0.0,0.09305807443982866,0.13645174102517976,0.22988505747126436,0.0,1
gato,letargia,0.0,0.0,0.03211556241810042,0.48271244281200587,1.0,0.0,1
cao,saudavel,0.0,0.0,0.047551978491055545,0.0,0.28011989131348214,0.0,0
bovino,febre,0.5547301801758333,0.0,0.09028315607437679,0.16880242433303205,0.16957343801666908,0.0,1
gato,atividade_intensa,0.0,0.6338546519752755,0.04079838427931869,0.0,0.0,0.0,0
bovino,saudavel,0.0,0.0,0.029438032960392466,0.0,0.16957343801666908,0.0,0
cao,taquicardia_repouso,0.0,0.8342111865681523,0.03602471442003515,0.7408145795248802,0.0,1.0,1
coelho,saudavel,0.0,0.0,0.04727416985602967,0.03372319054456285,0.0,0.0,0
ave,letargia,0.0,0.0,0.021424509825933427,0.5719667809903093,1.0,0.0,1
coelho,letargia,0.0,0.0,0.047356351981132964,0.490915254569271,1.0,0.0,1
ave,hipotermia_choque,0.4381624448658741,0.014691085352419586,0.20638231441859722,0.9116876046420234,0.0,0.0,1
ave,saudavel,0.0,0.0,0.02445934693599338,0.0,0.0,0.0,0
bovino,letargia,0.0,0.0,0.03368934850974172,0.31262946730882757,0.38154023553750543,0.0,1
bovino,febre,0.784156771270015,0.0,0.08618432765026193,0.17279125984391464,0.16957343801666908,0.0,1
bovino,saudavel,0.0,0.0,0.028620874825262477,0.0,0.16957343801666908,0.0,0
bovino,febre,0.03171212074179652,0.0,0.09066469431248227,0.1499692800777367,0.16957343801666908,0.0,1
bovino,taquicardia_repouso,0.0,0.9170363811122564,0.04748901945589642,0.6179094381012953,0.0,1.0,1
ave,atividade_intensa,0.0,0.5099747778794934,0.05216244615861876,0.0,0.0,0.0,0
coelho,saudavel,0.0,0.0,0.04069490089691325,0.08267003223511105,0.0,0.0,0
cao,febre,0.6187250290464446,0.0,0.1359181027012068,0.20012108461797473,0.28011989131348214,0.13333333333333333,1
gato,saudavel,0.0,0.0,0.019234061336404026,0.03586345038670535,0.6896551724137931,0.0,0
gato,letargia,0.0,0.0,0.024368581101260906,0.41645412108632474,1.0,0.0,1
ave,saudavel,0.0,0.0,0.02074629131042303,0.06415719242745599,0.0,0.0,0
gato,saudavel,0.0,0.0,0.023010350160441444,0.0,0.0,0.0,0
coelho,saudavel,0.0,0.0,0.02680632938652627,0.0003774828485575421,0.0,0.0,0
cao,febre,0.09871117124673967,0.0,0.10945928326458072,0.22615490484015532,0.28011989131348214,0.06666666666666667,1
gato,letargia,0.0,0.0,0.029677113977586572,0.515336722005936,1.0,0.0,1
coelho,saudavel,0.0,0.0,0.03665485040950896,0.0,0.0,0.0,0
ave,hipotermia_choque,0.6491469825924909,0.0,0.15173331288957367,0.9071724597845999,0.0,0.0,1
coelho,saudavel,0.0,0.0,0.05235351158395789,0.007437297603980597,0.0,0.0,0
ave,saudavel,0.0,0.0,0.021477824269686585,0.0074910753206439695,0.0,0.0,0
ave,saudavel,0.0,0.0,0.017825187922322065,0.0015156263385378566,0.0,0.0,0
bovino,letargia,0.0,0.0,0.029615005985049465,0.2975956999132272,0.33914687603333815,0.0,1
cao,saudavel,0.0,0.0,0.03212927177834832,0.0,0.14005994565674107,0.0,0
cao,saudavel,0.0,0.0,0.037210031563155326,0.0,0.0,0.0,0
cao,hipotermia_choque,0.8502240902359557,0.0,0.2552600013980548,0.8435820832969463,0.0,0.0,1
ave,saudavel,0.0,0.0,0.024067174562676385,0.0,0.0,0.0,0
coelho,saudavel,0.0,0.0,0.04332659878696481,0.020769240036807468,0.0,0.0,0
bovino,saudavel,0.0,0.0,0.034204469062975196,0.003035572986248569,0.04239335950416727,0.0,0
coelho,saudavel,0.0,0.0,0.03565797299035223,0.014543727419225605,0.0,0.0,0
coelho,letargia,0.0,0.0,0.04423876720137978,0.4964404178440801,1.0,0.0,1
bovino,letargia,0.0,0.0,0.03921595163478733,0.2347958827271054,0.38154023553750543,0.0,1
bovino,atividade_intensa,0.0,0.42350095699646184,0.06568586156950736,0.0,0.0,0.0,0
ave,taquicardia_repouso,0.0,1.0,0.0504821514230919,0.835540367558192,0.0,1.0,1
ave,saudavel,0.0,0.0,0.020780420220413792,0.0,0.0,0.0,0
gato,saudavel,0.0,0.0,0.02133573272959562,0.0,0.0,0.0,0
gato,taquicardia_repouso,0.0,1.0,0.04781203954014494,0.7745258454475344,0.0,1.0,1
ave,hipotermia_choque,0.06724822363248961,0.23450518610335025,0.24616774535373695,0.9208757839414302,0.0,0.0,1
cao,saudavel,0.0,0.0,0.04173082916671101,0.0,0.14005994565674107,0.0,0
ave,saudavel,0.0,0.0,0.02151292482411611,0.01381207255921868,0.0,0.0,0
bovino,saudavel,0.0,0.0,0.033592294631669274,0.0,0.29675351652917087,0.0,0
gato,saudavel,0.0,0.0,0.022100951607440165,0.007109227616394542,0.0,0.0,0
cao,saudavel,0.0,0.0,0.03946096876904419,0.04525041243371919,0.35014986414185273,0.0,0
ave,febre,0.48332451038358926,0.0,0.0800041143407694,0.13233808007156822,0.22988505747126436,0.03333333333333333,1
coelho,letargia,0.0,0.0,0.05853838691932399,0.5468131537752832,1.0,0.0,1
gato,taquicardia_repouso,0.0,1.0,0.031075116298151732,0.8133378485366591,0.0,1.0,1
bovino,saudavel,0.0,0.0,0.028561757589120124,0.03878210837382423,0.21196679752083636,0.0,0
cao,letargia,0.0,0.0,0.048998763731916785,0.3948991890206318,0.7002997282837055,0.0,1
coelho,taquicardia_repouso,0.0,0.8014902283551055,0.05060592924484613,0.7931924471167857,0.0,1.0,1
cao,letargia,0.0,0.0,0.05535222721206005,0.36793194354060677,0.5602397826269643,0.0,1
coelho,saudavel,0.0,0.0,0.03873228195725964,0.04418844201150729,0.0,0.0,0
cao,taquicardia_repouso,0.0,0.8794055106755927,0.04510541783556497,0.7549826865796709,0.0,1.0,1
coelho,saudavel,0.0,0.0,0.043032743625414684,0.0,0.0,0.0,0
cao,atividade_intensa,0.0,0.36423164053956336,0.06020834412966477,0.0,0.0,0.0,0
ave,febre,0.33952880006486197,0.0,0.06497051929099373,0.12920808341493994,0.0,0.0,1
bovino,saudavel,0.0,0.0,0.03201047036953272,0.0,0.1271800785125018,0.0,0
cao,saudavel,0.0,0.0,0.04065121815620294,0.0,0.14005994565674107,0.0,0
cao,saudavel,0.0,0.0,0.037914495572937655,0.0,0.0,0.0,0
ave,febre,0.0,0.0,0.08365488088084576,0.1663061350264996,0.0,0.0,1
cao,letargia,0.0,0.0,0.044103150904895645,0.37018132149830874,0.6302697554553349,0.0,1
coelho,saudavel,0.0,0.0,0.04937375673361933,0.013437935211159546,0.0,0.0,0
bovino,hipotermia_choque,1.0,0.0,0.21012110019542998,0.8183698190046409,0.0,0.0,1
cao,febre,0.2452924103304226,0.0,0.11643699541302358,0.16322817406802992,0.35014986414185273,0.1,1
bovino,febre,0.729627886773784,0.0,0.09129183835616701,0.12351264942320173,0.16957343801666908,0.1,1
coelho,taquicardia_repouso,0.0,0.8212784480288524,0.05054235022612701,0.7866872523776961,0.0,1.0,1
coelho,atividade_intensa,0.0,0.3041801404485609,0.05107650213425921,0.0,0.0,0.0,0
cao,taquicardia_repouso,0.0,0.889975129936436,0.02785138440252441,0.7186121534826116,0.0,1.0,1
coelho,saudavel,0.0,0.0,0.04241893447356639,0.025152375220883205,0.0,0.0,0
bovino,letargia,0.0,0.0,0.04496803022155623,0.24064275808197266,0.4239335950416727,0.0,1
gato,hipotermia_choque,1.0,0.19220202931507013,0.21141005449036812,0.8536020113269049,0.0,0.0,1
bovino,febre,0.5446299747639689,0.0,0.11589791078187951,0.16309449504675244,0.21196679752083636,0.2,1
cao,febre,0.6195615813561925,0.0,0.12339756635774332,0.1529846820779993,0.28011989131348214,0.13333333333333333,1
coelho,saudavel,0.0,0.0,0.04370630200380838,0.0,0.0,0.0,0
gato,atividade_intensa,0.0,0.5642649270903468,0.054139557810041,0.0,0.0,0.0,0
coelho,hipotermia_choque,0.5111414850683123,0.0,0.25480480906828884,0.9105922812615765,0.0,0.0,1
cao,saudavel,0.0,0.0,0.022468622677104592,0.0005995667450761077,0.42017983697022326,0.0,0
bovino,taquicardia_repouso,0.0,1.0,0.04299665414808942,0.7291821568597142,0.0,1.0,1
coelho,taquicardia_repouso,0.0,0.8644729699922966,0.04581723392694501,0.8050941024613107,0.0,1.0,1
cao,atividade_intensa,0.0,0.30347186160857054,0.03944959481636565,0.0,0.0,0.0,0
coelho,saudavel,0.0,0.0,0.04305032916689969,0.0050403601820437904,0.0,0.0,0
bovino,saudavel,0.0,0.0,0.03313544805116619,0.0,0.21196679752083636,0.0,0
coelho,saudavel,0.0,0.0,0.028515147314292305,0.0,0.0,0.0,0
gato,saudavel,0.0,0.0,0.022079707505388357,0.02847950792154008,0.0,0.0,0
cao,saudavel,0.0,0.0,0.034445863283225894,0.0,0.28011989131348214,0.0,0
coelho,hipotermia_choque,1.0,0.0,0.2944622920425321,0.892483973568393,0.0,0.0,1
cao,hipotermia_choque,0.12475104690043315,0.0,0.2670646525438462,0.8506255278348894,0.0,0.0,1
gato,saudavel,0.0,0.0,0.018710660821144136,0.0,0.0,0.0,0
cao,taquicardia_repouso,0.0,0.8972932645310507,0.04480780628990676,0.7590356639477689,0.0,1.0,1
cao,taquicardia_repouso,0.0,0.8707753607876434,0.04794138603502149,0.8037340928729447,0.0,1.0,1
ave,saudavel,0.0,0.0,0.022272019680306565,0.013562796164367397,0.0,0.0,0
bovino,atividade_intensa,0.0,0.42055001929744695,0.049469154903637,0.0,0.0,0.0,0
gato,saudavel,0.0,0.0,0.02598006536790371,0.0,0.22988505747126436,0.0,0
bovino,saudavel,0.0,0.0,0.035565973371679445,0.0,0.2543601570250036,0.0,0
cao,taquicardia_repouso,0.0,0.8056692464290833,0.047747152232587145,0.7216613080007546,0.0,1.0,1
ave,saudavel,0.0,0.0,0.01991669423853857,0.0,0.0,0.0,0
coelho,saudavel,0.0,0.0,0.045662142770860586,0.014381153767531352,0.0,0.0,0
ave,taquicardia_repouso,0.0,1.0,0.03935305152500695,0.8120033523876782,0.0,1.0,1
cao,saudavel,0.0,0.0,0.04492936758037622,0.0,0.0,0.0,0
bovino,saudavel,0.0,0.0,0.03814226027358566,0.03851572791811042,0.2543601570250036,0.0,0
coelho,saudavel,0.0,0.0,0.03771159683952715,0.013678673241290351,0.0,0.0,0
coelho,saudavel,0.0,0.0,0.04606767871964394,0.0,0.0,0.0,0
coelho,saudavel,0.0,0.0,0.046633859497389976,0.0,0.0,0.0,0
ave,hipotermia_choque,0.6933127828714802,0.0,0.14916820199023767,0.9149462949867219,0.0,0.0,1
bovino,letargia,0.0,0.0,0.031705914718309136,0.2831800227103718,0.38154023553750543,0.0,1
coelho,hipotermia_choque,1.0,0.0,0.32119962765200155,0.8823197789963125,0.0,0.0,1
bovino,atividade_intensa,0.0,0.4429179425062024,0.05324957167841627,0.0,0.0,0.0,0
coelho,febre,0.12911812500042674,0.0,0.10429302305777123,0.10704070748027694,0.0,0.0,1
cao,febre,0.6241852590606383,0.0,0.13251587187326805,0.17980564689084477,0.28011989131348214,0.16666666666666666,1
bovino,atividade_intensa,0.0,0.3708674218139527,0.03937382634301909,0.0,0.0,0.0,0
gato,taquicardia_repouso,0.0,1.0,0.046994182102265296,0.735477975674378,0.0,1.0,1
ave,hipotermia_choque,0.3091033050511456,0.0,0.17561901220863077,0.8991293814134652,0.0,0.0,1
ave,saudavel,0.0,0.0,0.021981041539658897,0.0,0.0,0.0,0
cao,saudavel,0.0,0.0,0.034821230400373285,0.0,0.14005994565674107,0.0,0
coelho,saudavel,0.0,0.0,0.0446827123307581,0.018333880653948142,0.0,0.0,0
coelho,saudavel,0.0,0.0,0.039344036738831856,0.017309369856549073,0.0,0.0,0
ave,saudavel,0.0,0.0,0.018987875593586726,0.022899975131675077,0.0,0.0,0
cao,saudavel,0.0,0.0,0.043120388144443335,0.0,0.0,0.0,0
cao,hipotermia_choque,0.6479267054877571,0.0,0.23326660809804714,0.872039451548069,0.0,0.0,1
gato,taquicardia_repouso,0.0,1.0,0.048263359844765694,0.7279962099028594,0.0,1.0,1
cao,taquicardia_repouso,0.0,0.8500053390312616,0.05465452260762733,0.751042609826688,0.0,1.0,1
bovino,letargia,0.0,0.0,0.04003095049224087,0.2464287102392243,0.38154023553750543,0.0,1
ave,hipotermia_choque,0.4389052294467035,0.17931182450452376,0.2367781092486346,0.9109730081253593,0.0,0.0,1
gato,saudavel,0.0,0.0,0.01966147153128127,0.013598800406547817,0.0,0.0,0
cao,hipotermia_choque,0.8061327403276186,0.0,0.3041595173388151,0.8478616393742981,0.0,0.0,1
coelho,febre,0.11356370576210861,0.0,0.1304073985961422,0.18270347503516804,0.45977011494252873,0.06666666666666667,1
coelho,taquicardia_repouso,0.0,0.8772021842909412,0.03598083229731254,0.7990614481369647,0.0,1.0,1
bovino,letargia,0.0,0.0,0.037357219531140795,0.26424738996579644,0.33914687603333815,0.0,1
cao,saudavel,0.0,0.0,0.044436692524581205,0.0,0.28011989131348214,0.0,0
ave,atividade_intensa,0.0,0.5470715008382596,0.0500097128770551,0.0,0.0,0.0,0
gato,atividade_intensa,0.0,0.5841189394978621,0.05500297585245676,0.0,0.0,0.0,0
cao,saudavel,0.0,0.0,0.04352798559810371,0.0,0.14005994565674107,0.0,0
cao,letargia,0.0,0.0,0.05245636014877272,0.3472674654198641,0.6302697554553349,0.0,1
coelho,letargia,0.0,0.0,0.05513416367525402,0.5838046543894114,1.0,0.0,1
gato,saudavel,0.0,0.0,0.02572739662019402,0.008669199270602723,0.0,0.0,0
cao,saudavel,0.0,0.0,0.04142786717362726,0.0,0.14005994565674107,0.0,0
coelho,taquicardia_repouso,0.0,0.7961701598313755,0.04684970569728817,0.8121153633732733,0.0,1.0,1
ave,saudavel,0.0,0.0,0.019860595855408482,0.01134965838773927,0.0,0.0,0
cao,saudavel,0.0,0.0,0.03657329295953606,0.04159858901382185,0.28011989131348214,0.0,0
coelho,saudavel,0.0,0.0,0.04081236440774547,0.0,0.0,0.0,0
gato,saudavel,0.0,0.0,0.021756907921257874,0.019530070255183718,0.45977011494252873,0.0,0
bovino,febre,0.3652219868863351,0.0,0.10989952875567154,0.1677832244975611,0.21196679752083636,0.16666666666666666,1
gato,saudavel,0.0,0.0,0.020412998572152063,0.0,0.0,0.0,0
cao,saudavel,0.0,0.0,0.03321249935165157,0.0,0.14005994565674107,0.0,0
cao,atividade_intensa,0.0,0.3106842832224892,0.0501798522857704,0.0,0.0,0.0,0
coelho,atividade_intensa,0.0,0.37320574183661326,0.051320233975065355,0.0,0.0,0.0,0
gato,febre,0.9809501832036438,0.0,0.05075147693021374,0.1537751682902776,1.0,0.0,1
gato,saudavel,0.0,0.0,0.020821570198264288,0.0,0.0,0.0,0
ave,taquicardia_repouso,0.0,1.0,0.050774817855141215,0.8144320189900838,0.0,1.0,1
bovino,taquicardia_repouso,0.0,0.9995802359416346,0.0352817553200134,0.6960842280582262,0.0,1.0,1
coelho,febre,0.32140085502825855,0.0,0.12761649770092487,0.1331599962465213,0.0,0.03333333333333333,1
bovino,taquicardia_repouso,0.0,0.9791541518672702,0.04153893257981837,0.6754985419346639,0.0,1.0,1
gato,letargia,0.0,0.0,0.022910309491138484,0.46025608887613434,1.0,0.0,1
cao,letargia,0.0,0.0,0.037251314257192164,0.40333248105765884,0.5602397826269643,0.0,1
cao,taquicardia_repouso,0.0,0.9060963974125591,0.04541674347016094,0.7004144051606925,0.0,1.0,1
gato,febre,0.43981771501279243,0.0,0.07074007299540448,0.12765052384958775,0.9195402298850575,0.0,1
cao,saudavel,0.0,0.0,0.04457459542529988,0.04951347404936102,0.0,0.0,0
gato,atividade_intensa,0.0,0.4123886837452502,0.039145084159362395,0.0,0.0,0.0,0
bovino,atividade_intensa,0.0,0.43149572305230066,0.04795900738182218,0.0,0.0,0.0,0
bovino,febre,0.5918485117880152,0.0,0.11379356439426738,0.09075648401806424,0.08478671900833454,0.3333333333333333,1
coelho,febre,0.07782846895227635,0.0,0.1005824482187706,0.1944086835563662,0.0,0.0,1
cao,saudavel,0.0,0.0,0.031208876598230698,0.0,0.0,0.0,0
gato,saudavel,0.0,0.0,0.019104402305684377,0.0,0.0,0.0,0
gato,saudavel,0.0,0.0,0.018042396033274757,0.004159356107765855,0.22988505747126436,0.0,0
ave,saudavel,0.0,0.0,0.0248415458005126,0.0,0.0,0.0,0
coelho,saudavel,0.0,0.0,0.04845028912659618,0.0,0.0,0.0,0
coelho,saudavel,0.0,0.0,0.049245268007983255,0.0,0.0,0.0,0
cao,letargia,0.0,0.0,0.04168751533192569,0.37433006452182827,0.7002997282837055,0.0,1
gato,saudavel,0.0,0.0,0.023430078253864017,0.021814111766750632,0.22988505747126436,0.0,0
coelho,saudavel,0.0,0.0,0.04887187042624263,0.0,0.0,0.0,0
bovino,saudavel,0.0,0.0,0.030713001862450885,0.0,0.16957343801666908,0.0,0
coelho,febre,0.6685554809235914,0.0,0.12155265360496278,0.13509537574997288,0.0,0.0,1
bovino,atividade_intensa,0.0,0.3968802457312335,0.053866626133776116,0.0,0.0,0.0,0
ave,saudavel,0.0,0.0,0.02402317225483163,0.06947124050057174,0.0,0.0,0
cao,letargia,0.0,0.0,0.046321633275319664,0.32853883233532366,0.7703297011120759,0.0,1
bovino,saudavel,0.0,0.0,0.032321567895626395,0.0,0.2543601570250036,0.0,0
coelho,saudavel,0.0,0.0,0.042122384895612736,0.03218630358757546,0.0,0.0,0
coelho,letargia,0.0,0.0,0.05363329542618276,0.5120368708419059,1.0,0.0,1
ave,taquicardia_repouso,0.0,1.0,0.04691654266592692,0.8045339123742411,0.0,1.0,1
ave,atividade_intensa,0.0,0.43166831635894365,0.04616934399989203,0.0,0.0,0.0,0
gato,febre,1.0,0.0,0.06771664928061095,0.16544639723033838,0.6896551724137931,0.0,1
gato,taquicardia_repouso,0.0,1.0,0.03035233861722997,0.7896004727759933,0.0,1.0,1
bovino,saudavel,0.0,0.0,0.04079826541223015,0.0,0.2543601570250036,0.0,0
gato,saudavel,0.0,0.0,0.02405025302586648,0.0,0.0,0.0,0
coelho,saudavel,0.0,0.0,0.03972017069390766,0.022147453033228404,0.0,0.0,0
ave,febre,0.43251545070113906,0.0,0.07889144785941564,0.1671104891967632,0.0,0.03333333333333333,1
cao,taquicardia_repouso,0.0,0.905387448827139,0.0464421627121411,0.6984581613463936,0.0,1.0,1
cao,taquicardia_repouso,0.0,0.904814578471965,0.0509813498823871,0.7560425799577808,0.0,1.0,1
ave,hipotermia_choque,0.4792809996673597,0.17483091681144813,0.24143111406167483,0.9017671120827639,0.0,0.0,1
ave,saudavel,0.0,0.0,0.02377434302095803,0.020155612043582405,0.0,0.0,0
coelho,saudavel,0.0,0.0,0.04097437567597839,0.00777965471241826,0.0,0.0,0
cao,saudavel,0.0,0.0,0.03295073929609827,0.0,0.21008991848511163,0.0,0
coelho,letargia,0.0,0.0,0.050486970660109945,0.5503518409937562,1.0,0.0,1
bovino,taquicardia_repouso,0.0,0.9506599890389638,0.04425212170666911,0.6702346787793967,0.0,1.0,1
ave,febre,0.0,0.0,0.06534252949524556,0.19438830515607608,0.0,0.0,1
cao,letargia,0.0,0.0,0.047796421854805336,0.4472142945680466,0.6302697554553349,0.0,1
bovino,hipotermia_choque,0.26405910799510934,0.0,0.26002375870910965,0.8441281465143451,0.0,0.0,1
ave,hipotermia_choque,0.020407830195544818,0.0,0.18232888885486756,0.9037947975967524,0.0,0.0,1
cao,taquicardia_repouso,0.0,0.9271700487907644,0.05105525736508581,0.7500622188733678,0.0,1.0,1
cao,febre,0.10694416659034411,0.0,0.12062772650007042,0.11932178408095429,0.28011989131348214,0.1,1
bovino,taquicardia_repouso,0.0,0.9956347498454838,0.04355772210692734,0.6344767885471205,0.0,1.0,1
bovino,hipotermia_choque,0.680820634137935,0.0,0.21458964175548054,0.801080978190231,0.0,0.0,1
bovino,saudavel,0.0,0.0,0.02288407370591524,0.0,0.08478671900833454,0.0,0
coelho,febre,0.30923166890901643,0.0,0.1197582514433141,0.1589872475316113,0.0,0.06666666666666667,1
bovino,saudavel,0.0,0.0,0.03544140771711854,0.11486827370678099,0.16957343801666908,0.0,0
cao,febre,0.6788872954128891,0.0,0.1403807267249157,0.14967502847748415,0.4902098097985938,0.2,1
cao,hipotermia_choque,0.2599523883518582,0.0,0.23785142106051627,0.8907508600541305,0.0,0.0,1
cao,febre,0.30414299653282395,0.0,0.09823389886480174,0.06776197724980781,0.14005994565674107,0.0,1
ave,febre,0.10812820824653357,0.0,0.08520617788638518,0.1429006000109715,0.0,0.0,1
ave,saudavel,0.0,0.0,0.028753664551343153,0.04218691641766814,0.0,0.0,0
gato,taquicardia_repouso,0.0,1.0,0.049635266019171675,0.7371876644104263,0.0,1.0,1
coelho,letargia,0.0,0.0,0.051451326504490746,0.5659720550378464,1.0,0.0,1
cao,saudavel,0.0,0.0,0.04491786457541189,0.01154399760706526,0.21008991848511163,0.0,0
bovino,letargia,0.0,0.0,0.03139020771976414,0.2699822416645079,0.38154023553750543,0.0,1
gato,letargia,0.0,0.0,0.031257220831805675,0.4780702603959667,1.0,0.0,1
ave,febre,0.4143339518662046,0.0,0.0625456431870038,0.12427286915156854,0.0,0.0,1
bovino,atividade_intensa,0.0,0.4065116860343756,0.056879599271227425,0.0,0.0,0.0,0
gato,saudavel,0.0,0.0,0.023080631692520576,0.0,0.22988505747126436,0.0,0
gato,saudavel,0.0,0.0,0.025317570795377463,0.0,0.0,0.0,0
cao,febre,0.009576672275068754,0.0,0.13740718854892753,0.12838967409016222,0.28011989131348214,0.16666666666666666,1
ave,taquicardia_repouso,0.0,1.0,0.05152671409652376,0.7938321151119367,0.0,1.0,1
ave,atividade_intensa,0.0,0.5825961152649355,0.05971255670800598,0.0,0.0,0.0,0
coelho,febre,0.6167695674863485,0.0,0.10158615476638937,0.1522747997010777,0.0,0.0,1
gato,saudavel,0.0,0.0,0.021538130116636953,0.0311480562205787,0.0,0.0,0
cao,hipotermia_choque,0.4306810118792468,0.0,0.23088301508460854,0.8526345592067366,0.0,0.0,1
cao,saudavel,0.0,0.0,0.040323474790146446,0.05930329221431052,0.35014986414185273,0.0,0
bovino,taquicardia_repouso,0.0,1.0,0.049792183227776995,0.6936284221656877,0.0,1.0,1
gato,atividade_intensa,0.0,0.5554052346976306,0.04556942876297344,0.0,0.0,0.0,0
ave,saudavel,0.0,0.0,0.022328329085939312,0.0,0.0,0.0,0
bovino,saudavel,0.0,0.0,0.03261867123246912,0.0,0.16957343801666908,0.0,0
coelho,atividade_intensa,0.0,0.29759538832555354,0.05238645791789015,0.0,0.0,0.0,0
gato,saudavel,0.0,0.0,0.023851295037882084,0.03838128087367021,0.0,0.0,0
bovino,saudavel,0.0,0.0,0.03263845259130608,0.0,0.21196679752083636,0.0,0
coelho,letargia,0.0,0.0,0.05310752429599605,0.5614954900295211,1.0,0.0,1
bovino,atividade_intensa,0.0,0.38262037621462563,0.04809667277529519,0.0,0.0,0.0,0
coelho,febre,0.6363969159285432,0.0,0.12288097521795718,0.1092206590329321,0.0,0.03333333333333333,1
cao,saudavel,0.0,0.0,0.03648438127337577,0.028736690316581104,0.14005994565674107,0.0,0
ave,saudavel,0.0,0.0,0.01890596108676115,0.0,0.0,0.0,0
cao,letargia,0.0,0.0,0.05031765474186198,0.3707675403798695,0.7002997282837055,0.0,1
bovino,saudavel,0.0,0.0,0.032266831864234284,0.0,0.29675351652917087,0.0,0
cao,saudavel,0.0,0.0,0.04541900376797895,0.0,0.21008991848511163,0.0,0
bovino,letargia,0.0,0.0,0.032478965171077824,0.30488864280464234,0.33914687603333815,0.0,1
ave,hipotermia_choque,0.4774348553324046,0.06102442108780903,0.203123069733678,0.8938729630399085,0.0,0.0,1
gato,taquicardia_repouso,0.0,1.0,0.03710068456589143,0.7832279478514689,0.0,1.0,1
cao,taquicardia_repouso,0.0,0.8326091588416085,0.05969355935739963,0.7644697300821308,0.0,0.9666666666666667,1
bovino,saudavel,0.0,0.0,0.03484087105069224,0.0,0.21196679752083636,0.0,0
gato,atividade_intensa,0.0,0.5206253355096351,0.05623147033841931,0.0,0.0,0.0,0
bovino,saudavel,0.0,0.0,0.03522163514313364,0.02415127234149861,0.2543601570250036,0.0,0
gato,febre,0.9819490175109493,0.0,0.06425563322259485,0.14483740509506038,1.0,0.0,1
gato,taquicardia_repouso,0.0,1.0,0.04738172252352711,0.7671083990033175,0.0,1.0,1
ave,saudavel,0.0,0.0,0.02115736824054141,0.021134431582596536,0.0,0.0,0
cao,atividade_intensa,0.0,0.3851109506507513,0.053370095299496774,0.0,0.0,0.0,0
ave,saudavel,0.0,0.0,0.02761770567398127,0.0,0.0,0.0,0
bovino,taquicardia_repouso,0.0,1.0,0.05016040314008771,0.6947575314671746,0.0,1.0,1
bovino,taquicardia_repouso,0.0,0.9988982402055577,0.03918228354605666,0.6851590982478388,0.0,1.0,1
bovino,saudavel,0.0,0.0,0.03188030709490052,0.0,0.21196679752083636,0.0,0
coelho,taquicardia_repouso,0.0,0.7090585609399644,0.053284862985213954,0.7925227203843488,0.0,1.0,1
bovino,febre,0.5964424803682771,0.0,0.12210678286980256,0.09398830273004444,0.16957343801666908,0.13333333333333333,1
cao,atividade_intensa,0.0,0.3464874634976147,0.04758047665875618,0.0,0.0,0.0,0
bovino,saudavel,0.0,0.0,0.034348484562616875,0.0,0.16957343801666908,0.0,0
ave,febre,0.0,0.0,0.07882454496511128,0.17162676993506398,0.0,0.03333333333333333,1
bovino,taquicardia_repouso,0.0,0.9566164611466426,0.05004374652413584,0.6900819873981408,0.0,1.0,1
bovino,saudavel,0.0,0.0,0.037700119057532386,0.0,0.21196679752083636,0.0,0
ave,saudavel,0.0,0.0,0.02378631524650799,0.004500204942196939,0.0,0.0,0
bovino,saudavel,0.0,0.0,0.030915163334239958,0.0,0.29675351652917087,0.0,0
cao,letargia,0.0,0.0,0.03824313066371859,0.36293946451637016,0.6302697554553349,0.0,1
coelho,febre,0.7770762783053347,0.0,0.11184345572781129,0.17504420340907,0.0,0.0,1
gato,saudavel,0.0,0.0,0.022102051884563455,0.0,0.22988505747126436,0.0,0
bovino,febre,0.5361446672450729,0.0,0.09600269479250431,0.14115155611629504,0.16957343801666908,0.16666666666666666,1
ave,saudavel,0.0,0.0,0.020476915484413924,0.0,0.0,0.0,0
bovino,saudavel,0.0,0.0,0.03709355242857429,0.1603698916391051,0.16957343801666908,0.0,0
cao,taquicardia_repouso,0.0,0.865097813867608,0.03026763241955619,0.6631790928073227,0.0,1.0,1
coelho,saudavel,0.0,0.0,0.045681679422322305,0.0,0.0,0.0,0
cao,atividade_intensa,0.0,0.3151734883247215,0.0465806307532522,0.0,0.0,0.0,0
cao,letargia,0.0,0.0,0.036092420385052615,0.41369280756751736,0.5602397826269643,0.0,1
gato,febre,0.23964221790696594,0.0,0.08765233775683709,0.07444386091552779,0.9195402298850575,0.0,1
cao,hipotermia_choque,0.4818533602876576,0.0,0.27898707032508474,0.8419000756691482,0.0,0.0,1
bovino,atividade_intensa,0.0,0.455180294578188,0.05478905283488319,0.0,0.0,0.0,0
ave,atividade_intensa,0.0,0.5236125810457914,0.052858721289703904,0.0,0.0,0.0,0
gato,saudavel,0.0,0.0,0.028338385854573073,0.024465395185716443,0.6896551724137931,0.0,0
bovino,saudavel,0.0,0.0,0.034689654075935786,0.0,0.2543601570250036,0.0,0
coelho,saudavel,0.0,0.0,0.04286749292308677,0.010854618104785718,0.0,0.0,0
bovino,saudavel,0.0,0.0,0.03729729233873652,0.11031849595496956,0.1271800785125018,0.0,0
bovino,taquicardia_repouso,0.0,1.0,0.041042027203463886,0.681458714337807,0.0,1.0,1
cao,febre,0.16608991399686857,0.0,0.10811016487290809,0.17404348160599858,0.35014986414185273,0.1,1
gato,febre,0.2750782413493025,0.0,0.07346006955640921,0.16199246899090236,1.0,0.03333333333333333,1
cao,hipotermia_choque,0.7649214569900067,0.0,0.2430047813437619,0.8648339128180018,0.0,0.0,1
coelho,taquicardia_repouso,0.0,0.8152396034881413,0.05130396648944812,0.8118308023868404,0.0,1.0,1
ave,febre,0.0,0.0,0.0706090318670533,0.128511672522577,0.0,0.0,1
cao,saudavel,0.0,0.0,0.03653050900208798,0.0,0.0,0.0,0
gato,taquicardia_repouso,0.0,1.0,0.044750906932439403,0.7839495340535185,0.0,1.0,1
ave,atividade_intensa,0.0,0.5880330992744902,0.052167493485507914,0.0,0.0,0.0,0
ave,taquicardia_repouso,0.0,1.0,0.050536093151060626,0.8366781269944747,0.0,1.0,1
coelho,saudavel,0.0,0.0,0.04403595714616722,0.0,0.0,0.0,0
ave,hipotermia_choque,0.47240447314247547,0.0,0.1780290127475507,0.9016270978380716,0.0,0.0,1
cao,saudavel,0.0,0.0,0.03575476476168766,0.0,0.0,0.0,0
cao,saudavel,0.0,0.0,0.03610657340675508,0.0,0.21008991848511163,0.0,0
bovino,saudavel,0.0,0.0,0.03697738464602251,0.16557444876849547,0.1271800785125018,0.0,0
coelho,saudavel,0.0,0.0,0.031118318045488643,0.0,0.0,0.0,0
cao,febre,0.5589646426347492,0.0,0.11572314310230296,0.14428654330711355,0.4902098097985938,0.06666666666666667,1
cao,saudavel,0.0,0.0,0.03752649812900488,0.012429333667565712,0.21008991848511163,0.0,0
coelho,atividade_intensa,0.0,0.36549776428037317,0.06769521327942207,0.0,0.0,0.0,0
cao,taquicardia_repouso,0.0,0.888081504898647,0.04856475399760851,0.7112210840705504,0.0,1.0,1
coelho,saudavel,0.0,0.0,0.04388234992456265,0.02621060624909899,0.0,0.0,0
coelho,atividade_intensa,0.0,0.36045081167841575,0.0483789021008401,0.0,0.0,0.0,0
gato,febre,0.6345904647643847,0.0,0.05657800297499144,0.1728995191128817,0.9195402298850575,0.0,1
coelho,taquicardia_repouso,0.0,0.7863058295139522,0.04656252253475019,0.8064577594769718,0.0,1.0,1
coelho,taquicardia_repouso,0.0,0.8050873444236615,0.05282803222192271,0.8123353995964014,0.0,1.0,1
ave,saudavel,0.0,0.0,0.024621422907346636,0.0,0.0,0.0,0
ave,atividade_intensa,0.0,0.5922273282956281,0.042256391202646536,0.0,0.0,0.0,0
gato,atividade_intensa,0.0,0.4268036748108863,0.05886257172784034,0.0,0.0,0.0,0
cao,taquicardia_repouso,0.0,0.8845612322737673,0.0534503963059482,0.6557783686900587,0.0,1.0,1
bovino,saudavel,0.0,0.0,0.042753592983080256,0.0,0.33914687603333815,0.0,0
bovino,taquicardia_repouso,0.0,0.9588745748355045,0.05072776262301949,0.6751542982573195,0.0,1.0,1
bovino,atividade_intensa,0.0,0.4404371486168812,0.057384074410706795,0.0,0.0,0.0,0
gato,hipotermia_choque,0.44045607919626795,0.04746977667614094,0.20664224538766474,0.8822541734635267,0.0,0.0,1
ave,saudavel,0.0,0.0,0.019178272860604133,0.04335030963528619,0.0,0.0,0
coelho,letargia,0.0,0.0,0.055896329031773516,0.5537493111784829,1.0,0.0,1
coelho,letargia,0.0,0.0,0.0598022869372425,0.5677356423215749,1.0,0.0,1
coelho,taquicardia_repouso,0.0,0.8182320330270059,0.05555698292813105,0.800415422008002,0.0,1.0,1
cao,letargia,0.0,0.0,0.03453858234729731,0.3467082173795458,0.5602397826269643,0.0,1
ave,febre,0.3028506099419914,0.0,0.061369441258995114,0.14501826008047614,0.0,0.0,1
coelho,letargia,0.0,0.0,0.051137276704754084,0.5170389038433862,1.0,0.0,1
gato,letargia,0.0,0.0,0.025669345065391137,0.4948425483355706,1.0,0.0,1
cao,saudavel,0.0,0.0,0.03922768504625567,0.0,0.14005994565674107,0.0,0
bovino,taquicardia_repouso,0.0,0.9487308722027117,0.045527421582582724,0.6835652821449276,0.0,1.0,1
coelho,letargia,0.0,0.0,0.03684907718098583,0.567371023429634,1.0,0.0,1
bovino,atividade_intensa,0.0,0.4354728549020088,0.0482796588212293,0.0,0.0,0.0,0
bovino,saudavel,0.0,0.0,0.028501064708429825,0.0,0.21196679752083636,0.0,0
gato,saudavel,0.0,0.0,0.019688885354155087,0.013463312636750824,0.0,0.0,0
ave,saudavel,0.0,0.0,0.02478436570007077,0.003075557069422752,0.0,0.0,0
ave,saudavel,0.0,0.0,0.019908789647499456,0.0,0.0,0.0,0
bovino,febre,0.6135356478531453,0.0,0.07987010659511634,0.24726721224383597,0.1271800785125018,0.0,1
coelho,saudavel,0.0,0.0,0.04814985203585131,0.007468188250050023,0.0,0.0,0
cao,atividade_intensa,0.0,0.35601750833597867,0.05098090580850661,0.0,0.0,0.0,0
bovino,saudavel,0.0,0.0,0.030947460842154013,0.12750793541635919,0.1271800785125018,0.0,0
bovino,hipotermia_choque,0.6462007437188504,0.0,0.24279326345557437,0.8449046087735544,0.0,0.0,1
cao,atividade_intensa,0.0,0.35351934719886624,0.0535417657210781,0.0,0.0,0.0,0
cao,febre,0.3224398200616374,0.0,0.11127965815986694,0.11203380024660425,0.28011989131348214,0.06666666666666667,1
ave,hipotermia_choque,0.5215534032711702,0.04200599651193704,0.2132453570732826,0.9074485195034451,0.0,0.0,1
bovino,saudavel,0.0,0.0,0.029550511736683254,0.0,0.2543601570250036,0.0,0
cao,taquicardia_repouso,0.0,0.8423546429572049,0.043340365027899744,0.760404399811658,0.0,1.0,1
gato,saudavel,0.0,0.0,0.02091919567324151,0.0,0.0,0.0,0
bovino,saudavel,0.0,0.0,0.026391854932673507,0.1000538004522642,0.2543601570250036,0.0,0
gato,hipotermia_choque,0.5443669127707893,0.0,0.17438662483224615,0.8901855603070093,0.0,0.0,1
bovino,letargia,0.0,0.0,0.03298207715234632,0.29698471555108685,0.33914687603333815,0.0,1
ave,saudavel,0.0,0.0,0.025549700166479745,0.05058484442506295,0.0,0.0,0
bovino,febre,0.45888767788991913,0.0,0.1123822037997719,0.08107726679814686,0.1271800785125018,0.16666666666666666,1
bovino,saudavel,0.0,0.0,0.027463815268309152,0.0,0.2543601570250036,0.0,0
bovino,saudavel,0.0,0.0,0.025313599944086534,0.013341628902830638,0.29675351652917087,0.0,0
cao,saudavel,0.0,0.0,0.04058345085200128,0.0,0.28011989131348214,0.0,0
coelho,saudavel,0.0,0.0,0.04281272857308488,0.0025109599315931153,0.0,0.0,0
bovino,saudavel,0.0,0.0,0.030510156323299363,0.0,0.16957343801666908,0.0,0
coelho,atividade_intensa,0.0,0.31834460015408905,0.06434967227447976,0.0,0.0,0.0,0
ave,saudavel,0.0,0.0,0.019805304973631397,0.0,0.0,0.0,0
cao,saudavel,0.0,0.0,0.0431850793815407,0.02514799552738034,0.42017983697022326,0.0,0
ave,atividade_intensa,0.0,0.5682736893611497,0.04776337638046303,0.0,0.0,0.0,0
coelho,saudavel,0.0,0.0,0.04100375163148116,0.0,0.0,0.0,0
bovino,febre,0.7550105633136941,0.0,0.07932431218652782,0.11907492171895162,0.21196679752083636,0.0,1
cao,saudavel,0.0,0.0,0.04023913237743925,0.012649306297551899,0.21008991848511163,0.0,0
coelho,saudavel,0.0,0.0,0.04115219003171374,0.0,0.0,0.0,0
coelho,letargia,0.0,0.0,0.06208939726932275,0.5527771868806757,1.0,0.0,1
ave,febre,0.0,0.0,0.07160272291284113,0.14288886013176216,0.0,0.0,1
gato,hipotermia_choque,1.0,0.07521393548990574,0.1788763199142784,0.8640047952381892,0.0,0.0,1
coelho,febre,0.5423513000594653,0.0,0.12159798910275887,0.16693605996354544,0.0,0.03333333333333333,1
gato,atividade_intensa,0.0,0.5562929720460132,0.06129851466198072,0.0,0.0,0.0,0
coelho,letargia,0.0,0.0,0.043682775438801565,0.5510612444259988,1.0,0.0,1
ave,atividade_intensa,0.0,0.6571936047947369,0.05115533965680609,0.0,0.0,0.0,0
gato,hipotermia_choque,1.0,0.23819876004024243,0.2280765019330182,0.8798680161517285,0.0,0.0,1
cao,taquicardia_repouso,0.0,0.8553711209104691,0.04987505008318467,0.751366461194007,0.0,1.0,1
gato,taquicardia_repouso,0.0,1.0,0.04319604304031834,0.7917094178400147,0.0,1.0,1
coelho,letargia,0.0,0.0,0.0583107185178745,0.5454249084908185,1.0,0.0,1
ave,febre,0.0,0.0,0.08438635591912028,0.16786773514143416,0.0,0.06666666666666667,1
cao,saudavel,0.0,0.0,0.03603743575710364,0.0,0.28011989131348214,0.0,0
ave,saudavel,0.0,0.0,0.02341145721108993,0.02705853075443898,0.0,0.0,0
ave,febre,0.04986652121078805,0.0,0.06316794276644402,0.2004111797278476,0.0,0.0,1
coelho,saudavel,0.0,0.0,0.043880803069788483,0.005916370159838591,0.0,0.0,0
bovino,saudavel,0.0,0.0,0.02799871494280919,0.0006337984824349441,0.33914687603333815,0.0,0
cao,taquicardia_repouso,0.0,0.906563887687917,0.045465047317563234,0.7392231049836325,0.0,1.0,1
cao,atividade_intensa,0.0,0.3960983372566602,0.05739178271326993,0.0,0.0,0.0,0
gato,letargia,0.0,0.0,0.024967801837610964,0.45429207332253796,1.0,0.0,1
gato,saudavel,0.0,0.0,0.024170631524658023,0.0,0.0,0.0,0
coelho,febre,0.4347017295117819,0.0,0.10408182204635878,0.15554282856138202,0.45977011494252873,0.0,1
coelho,letargia,0.0,0.0,0.06341811801661493,0.5229830656815626,1.0,0.0,1
cao,saudavel,0.0,0.0,0.03862828634305213,0.023964331891345725,0.28011989131348214,0.0,0
cao,saudavel,0.0,0.0,0.030486350482003485,0.006218836477087097,0.14005994565674107,0.0,0
coelho,letargia,0.0,0.0,0.0431712633118572,0.5705453813955933,1.0,0.0,1
coelho,hipotermia_choque,0.7169801070414412,0.0,0.2636223557324227,0.898460011582007,0.0,0.0,1
ave,hipotermia_choque,0.3426584329371707,0.0,0.14545934110519482,0.9098778229554547,0.0,0.0,1
cao,saudavel,0.0,0.0,0.04240120980486541,0.0,0.14005994565674107,0.0,0
coelho,letargia,0.0,0.0,0.06963619131123483,0.5586378371652333,1.0,0.0,1
coelho,saudavel,0.0,0.0,0.03825385315455367,0.0,0.0,0.0,0
gato,saudavel,0.0,0.0,0.020137085445505007,0.03229388939143607,0.0,0.0,0
bovino,saudavel,0.0,0.0,0.029500609967668255,0.06068472927052482,0.08478671900833454,0.0,0
gato,febre,0.1650605242975205,0.0,0.05932538137914566,0.13644408739365255,0.6896551724137931,0.0,1
coelho,hipotermia_choque,0.821383112259402,0.0,0.25986762084557485,0.895132408103125,0.0,0.0,1
gato,letargia,0.0,0.0,0.023166312738367213,0.47141904498291365,1.0,0.0,1
gato,hipotermia_choque,0.6300907117736527,0.3182109825595396,0.2734493239547351,0.8872362914503491,0.0,0.0,1
bovino,saudavel,0.0,0.0,0.029009764885076197,0.0,0.16957343801666908,0.0,0
cao,letargia,0.0,0.0,0.04770455348327689,0.3530486958638549,0.6302697554553349,0.0,1
gato,saudavel,0.0,0.0,0.025105299375817493,0.0,0.0,0.0,0
ave,atividade_intensa,0.0,0.5472642147770399,0.04848766519288206,0.0,0.0,0.0,0
coelho,febre,0.7571570914502577,0.0,0.14987079898233124,0.175579484614513,0.0,0.06666666666666667,1
cao,saudavel,0.0,0.0,0.035452877649175804,0.0,0.14005994565674107,0.0,0
gato,hipotermia_choque,0.9554169296793305,0.08202531500282939,0.18388463198747676,0.8747336383252634,0.0,0.0,1
cao,saudavel,0.0,0.0,0.0433181712280364,0.0122208303639606,0.07002997282837053,0.0,0
cao,saudavel,0.0,0.0,0.04606527431359978,0.01938631446709216,0.21008991848511163,0.0,0
ave,saudavel,0.0,0.0,0.02398228098709913,0.021089833162451832,0.0,0.0,0
ave,letargia,0.0,0.0,0.023034186670496174,0.5582267053746814,1.0,0.0,1
gato,febre,1.0,0.0,0.06105573264159663,0.1613602404975918,0.6896551724137931,0.0,1
bovino,febre,0.7932666728987101,0.0,0.08735134686977589,0.21022889046734317,0.08478671900833454,0.0,1
cao,febre,0.5357207427433792,0.0,0.13466582709299604,0.23773625642879548,0.35014986414185273,0.2,1
ave,letargia,0.0,0.0,0.02995127572181489,0.5944884197272193,1.0,0.0,1
gato,saudavel,0.0,0.0,0.020549693254282256,0.05849806805564828,0.45977011494252873,0.0,0
bovino,hipotermia_choque,0.26412658057252725,0.0,0.22101911690190656,0.8391994956970145,0.0,0.0,1
ave,saudavel,0.0,0.0,0.02116388537882852,0.0,0.0,0.0,0
coelho,taquicardia_repouso,0.0,0.8282203699422874,0.042945212803960915,0.8244277522765571,0.0,1.0,1
gato,saudavel,0.0,0.0,0.02135889719073374,0.0,0.0,0.0,0
coelho,febre,0.43676975409484453,0.0,0.1389941113131399,0.22849321432474923,0.45977011494252873,0.03333333333333333,1
coelho,atividade_intensa,0.0,0.3411472659597925,0.0550056446385931,0.0,0.0,0.0,0
coelho,letargia,0.0,0.0,0.04119693455691531,0.49195002840907265,1.0,0.0,1
coelho,taquicardia_repouso,0.0,0.7928697822617172,0.03390655172575708,0.7769593368245991,0.0,1.0,1
gato,saudavel,0.0,0.0,0.023984734188231514,0.0,0.0,0.0,0
coelho,taquicardia_repouso,0.0,0.8630730805571234,0.0469461619182463,0.76860332092427,0.0,1.0,1
ave,saudavel,0.0,0.0,0.018089565017544416,0.06039446298872109,0.0,0.0,0
cao,letargia,0.0,0.0,0.0524918031583588,0.41878635909437534,0.7002997282837055,0.0,1
bovino,saudavel,0.0,0.0,0.029390328294359638,0.0,0.16957343801666908,0.0,0
gato,hipotermia_choque,0.3716767473594602,0.0,0.17173159345043926,0.9023676929955236,0.0,0.0,1
coelho,taquicardia_repouso,0.0,0.8768929102967722,0.04461027842040366,0.8209114576085949,0.0,1.0,1
ave,taquicardia_repouso,0.0,1.0,0.05321524328000112,0.8313947987001181,0.0,1.0,1
cao,febre,0.156576784651137,0.0,0.1360363689205142,0.1443905333684542,0.42017983697022326,0.1,1
cao,saudavel,0.0,0.0,0.0358172992923841,0.0,0.0,0.0,0
bovino,saudavel,0.0,0.0,0.033678771364996925,0.0,0.1271800785125018,0.0,0
coelho,saudavel,0.0,0.0,0.04822589819126864,0.0,0.0,0.0,0
coelho,taquicardia_repouso,0.0,0.8004456674190457,0.036677762997963305,0.8005768147170942,0.0,1.0,1
gato,atividade_intensa,0.0,0.5586496810962118,0.06138842845892432,0.0,0.0,0.0,0
cao,hipotermia_choque,0.23719626989051412,0.0,0.21722378064164577,0.8488094207814929,0.0,0.0,1
coelho,saudavel,0.0,0.0,0.03703176967157326,0.0,0.22988505747126436,0.0,0
gato,saudavel,0.0,0.0,0.020620491381627432,0.0,0.0,0.0,0
gato,saudavel,0.0,0.0,0.02089523140914903,0.0,0.0,0.0,0
ave,letargia,0.0,0.0,0.03198607483084746,0.6278177550139711,1.0,0.0,1
coelho,febre,0.5957613402238546,0.0,0.13740079495878668,0.23241228121180113,0.0,0.03333333333333333,1
cao,saudavel,0.0,0.0,0.04620629231206308,0.0,0.14005994565674107,0.0,0
bovino,saudavel,0.0,0.0,0.025605976981203864,0.0,0.33914687603333815,0.0,0
gato,taquicardia_repouso,0.0,1.0,0.0513243832448771,0.7286823543361631,0.0,1.0,1
bovino,saudavel,0.0,0.0,0.042177315964232805,0.0,0.2543601570250036,0.0,0
coelho,saudavel,0.0,0.0,0.04219840539288877,0.03336155007802888,0.0,0.0,0
ave,saudavel,0.0,0.0,0.02180156072461863,0.006832043605943139,0.0,0.0,0
coelho,saudavel,0.0,0.0,0.04453928519553867,0.04951913474715419,0.0,0.0,0
gato,saudavel,0.0,0.0,0.01879950328230524,0.002471450792453922,0.0,0.0,0
ave,atividade_intensa,0.0,0.5255331184695116,0.05919277035689932,0.0,0.0,0.0,0
cao,febre,0.11196005279744492,0.0,0.1162280703673557,0.18881515219215161,0.28011989131348214,0.03333333333333333,1
coelho,saudavel,0.0,0.0,0.043157191250463425,0.020524967844576247,0.0,0.0,0
ave,saudavel,0.0,0.0,0.023117146046328724,0.0,0.0,0.0,0
coelho,saudavel,0.0,0.0,0.03929892460244172,0.0,0.0,0.0,0
coelho,letargia,0.0,0.0,0.04706543528640561,0.5002877368391774,1.0,0.0,1
cao,saudavel,0.0,0.0,0.034412819681416074,0.04235666145723316,0.35014986414185273,0.0,0
ave,hipotermia_choque,0.2737185594367375,0.0,0.16166359814504774,0.9110937148480237,0.0,0.0,1
bovino,saudavel,0.0,0.0,0.03456017373067066,0.0,0.29675351652917087,0.0,0
bovino,saudavel,0.0,0.0,0.03460268743919533,0.0,0.4663269545458399,0.0,0
coelho,febre,0.49583981296651314,0.0,0.1120422996098587,0.2208579640176488,0.45977011494252873,0.03333333333333333,1
ave,saudavel,0.0,0.0,0.022088635669653512,0.0,0.0,0.0,0
gato,letargia,0.0,0.0,0.0306764205419906,0.5169378611730897,1.0,0.0,1
ave,letargia,0.0,0.0,0.018305129617960072,0.568990599606527,1.0,0.0,1
cao,atividade_intensa,0.0,0.40223360953023146,0.060262394089707724,0.0,0.0,0.0,0
cao,saudavel,0.0,0.0,0.036712434335150326,0.055402006653599845,0.21008991848511163,0.0,0
bovino,saudavel,0.0,0.0,0.03424959713367145,0.0,0.1271800785125018,0.0,0
gato,saudavel,0.0,0.0,0.02161713320945194,0.04115932901028285,0.22988505747126436,0.0,0
cao,atividade_intensa,0.0,0.3574427829732598,0.05061102836623519,0.0,0.0,0.0,0
bovino,saudavel,0.0,0.0,0.03854222668345966,0.09000731959873776,0.16957343801666908,0.0,0
ave,febre,0.42974073721969575,0.0,0.06884507428821239,0.1152453464680856,0.0,0.0,1
bovino,taquicardia_repouso,0.0,0.9799478362670917,0.04749195233770504,0.7072184075676249,0.0,1.0,1
cao,letargia,0.0,0.0,0.04728259528339504,0.40191584447491524,0.6302697554553349,0.0,1
bovino,febre,0.5196992160087461,0.0,0.11154083308648836,0.18889836726594444,0.08478671900833454,0.23333333333333334,1
cao,taquicardia_repouso,0.0,0.8068909632711629,0.0650819301993089,0.6945224927388336,0.0,1.0,1
ave,hipotermia_choque,0.5897435883032571,0.0,0.1825383356727795,0.8947626429091885,0.0,0.0,1
cao,saudavel,0.0,0.0,0.03479417124377032,0.08795865348934762,0.42017983697022326,0.0,0
cao,atividade_intensa,0.0,0.42153571029452186,0.053497886051080044,0.0,0.0,0.0,0
ave,febre,0.24888437024861076,0.0,0.08467335761379115,0.08749758360839455,0.0,0.03333333333333333,1
coelho,taquicardia_repouso,0.0,0.8166257266958383,0.04687462572854672,0.8097434098294138,0.0,1.0,1
coelho,saudavel,0.0,0.0,0.03917154086996703,0.04774878608552491,0.0,0.0,0
bovino,saudavel,0.0,0.0,0.035596565092388475,0.055945732067718246,0.16957343801666908,0.0,0
cao,atividade_intensa,0.0,0.42736758504872574,0.039784695122978345,0.0,0.0,0.0,0
gato,atividade_intensa,0.0,0.5291382756221226,0.05307600119624287,0.0,0.0,0.0,0
coelho,saudavel,0.0,0.0,0.054029386546019395,0.01002767683608019,0.0,0.0,0
cao,saudavel,0.0,0.0,0.0348274997924429,0.0025065026050389294,0.07002997282837053,0.0,0
ave,saudavel,0.0,0.0,0.01810099487714186,0.015754405702340546,0.0,0.0,0
ave,taquicardia_repouso,0.0,1.0,0.04814124017580605,0.8081703108386126,0.0,1.0,1
ave,saudavel,0.0,0.0,0.026766515797049237,0.0,0.0,0.0,0
cao,saudavel,0.0,0.0,0.04128259732133203,0.0,0.07002997282837053,0.0,0
ave,taquicardia_repouso,0.0,1.0,0.042022907976836325,0.8106383333691068,0.0,1.0,1
ave,saudavel,0.0,0.0,0.02347285387980948,0.0,0.0,0.0,0
coelho,febre,0.33726872851249823,0.0,0.1364254159333647,0.15741104192002753,0.9195402298850575,0.03333333333333333,1
cao,febre,0.040292151877465265,0.0,0.14538513984920742,0.1551151170548254,0.28011989131348214,0.16666666666666666,1
gato,letargia,0.0,0.0,0.026411961753180176,0.4770675196419941,1.0,0.0,1
bovino,taquicardia_repouso,0.0,0.9547526353518045,0.04027592450178417,0.6780814388852879,0.0,1.0,1
gato,saudavel,0.0,0.0,0.023197347137459134,0.013502193543508234,0.45977011494252873,0.0,0
cao,hipotermia_choque,0.6714466731470559,0.0,0.2859754834613031,0.8806437306544752,0.0,0.0,1
bovino,saudavel,0.0,0.0,0.03241076292112038,0.04368730797343723,0.16957343801666908,0.0,0
ave,saudavel,0.0,0.0,0.016170442257670503,0.0,0.0,0.0,0
bovino,febre,0.12093855893571503,0.0,0.1024266488526594,0.1587514939048783,0.1271800785125018,0.03333333333333333,1
cao,letargia,0.0,0.0,0.04654856960262448,0.3544617201723179,0.7703297011120759,0.0,1
bovino,letargia,0.0,0.0,0.039963449726648885,0.29290784561546723,0.33914687603333815,0.0,1
bovino,taquicardia_repouso,0.0,0.9702686625136401,0.04420664031722383,0.747840011362656,0.0,1.0,1
cao,taquicardia_repouso,0.0,0.8509134071869213,0.04928573414223615,0.7457032576544815,0.0,1.0,1
gato,atividade_intensa,0.0,0.4578925120604247,0.052222459629273146,0.0,0.0,0.0,0
bovino,saudavel,0.0,0.0,0.027628834200160712,0.1293383594500076,0.04239335950416727,0.0,0
cao,saudavel,0.0,0.0,0.04346795659971853,0.02546498813062814,0.35014986414185273,0.0,0
coelho,letargia,0.0,0.0,0.04280463311298005,0.5667570870662857,1.0,0.0,1
ave,febre,0.0,0.0,0.08827033313226225,0.10163560334684651,0.0,0.03333333333333333,1
cao,atividade_intensa,0.0,0.3529604796550516,0.04426235091239783,0.0,0.0,0.0,0
bovino,saudavel,0.0,0.0,0.03201155685397489,0.005558352094566343,0.2543601570250036,0.0,0
gato,atividade_intensa,0.0,0.4932138764157181,0.04605350913641599,0.0,0.0,0.0,0
ave,febre,0.2862666632858506,0.0,0.08778268984909887,0.1934996542514592,0.0,0.06666666666666667,1
gato,taquicardia_repouso,0.0,1.0,0.0407761024308962,0.8003224573767975,0.0,1.0,1
ave,febre,0.04364087517716797,0.0,0.06598289361100602,0.14915951735021837,0.0,0.0,1
gato,saudavel,0.0,0.0,0.022090640903982994,0.013617377056415858,0.0,0.0,0
ave,atividade_intensa,0.0,0.44250034616411993,0.05916886088595924,0.0,0.0,0.0,0
ave,hipotermia_choque,0.17638511371723808,0.21467788107064356,0.24935512023342965,0.9049358065846114,0.0,0.0,1
cao,saudavel,0.0,0.0,0.04241048808682538,0.0,0.14005994565674107,0.0,0
coelho,hipotermia_choque,0.5509698721347149,0.0,0.26371843644995213,0.8874361185448099,0.0,0.0,1
ave,saudavel,0.0,0.0,0.025197576904717533,0.00563891414340667,0.0,0.0,0
cao,taquicardia_repouso,0.0,0.8690191157844738,0.04541038992319338,0.7137309631998556,0.0,1.0,1
ave,saudavel,0.0,0.0,0.024969053330869562,0.0762330501432047,0.0,0.0,0
ave,febre,0.3799435325568865,0.0,0.0654329876907173,0.16521882840473656,0.0,0.0,1
gato,taquicardia_repouso,0.0,1.0,0.040043362755131595,0.7755777986140708,0.0,1.0,1
coelho,febre,0.49566506314227854,0.0,0.09511004591306266,0.1482249031127698,0.45977011494252873,0.0,1
gato,febre,1.0,0.0,0.08672647350558532,0.08633465140263075,0.0,0.03333333333333333,1
gato,febre,0.3288332626782986,0.0,0.09116927059810523,0.1367140511267394,0.22988505747126436,0.1,1
gato,taquicardia_repouso,0.0,1.0,0.059220971210213524,0.7627845362694916,0.0,1.0,1
gato,febre,0.6896473585068565,0.0,0.07682795361513435,0.16450947850421416,0.9195402298850575,0.1,1
coelho,letargia,0.0,0.0,0.04291331579753002,0.5416640736533462,1.0,0.0,1
ave,saudavel,0.0,0.0,0.021053861943395858,0.0,0.0,0.0,0
bovino,hipotermia_choque,0.37337115636378826,0.0,0.2711454242178272,0.8300148058446267,0.0,0.0,1
cao,taquicardia_repouso,0.0,0.828332632451545,0.0388638593192005,0.7149195654120976,0.0,1.0,1
bovino,saudavel,0.0,0.0,0.03771905904553853,0.0,0.2543601570250036,0.0,0
cao,saudavel,0.0,0.0,0.04510161444806114,0.0,0.0,0.0,0
cao,saudavel,0.0,0.0,0.042874820051884865,0.022167414974465838,0.14005994565674107,0.0,0
gato,letargia,0.0,0.0,0.029843913623645576,0.47391347918149807,1.0,0.0,1
ave,taquicardia_repouso,0.0,1.0,0.050823953321697556,0.8296252507100003,0.0,1.0,1
bovino,saudavel,0.0,0.0,0.031531620883994346,0.0,0.29675351652917087,0.0,0
bovino,saudavel,0.0,0.0,0.03282448164770467,0.035625526939452756,0.16957343801666908,0.0,0
ave,saudavel,0.0,0.0,0.022534073168220203,0.022756142596902063,0.0,0.0,0
gato,atividade_intensa,0.0,0.47015894638501554,0.054062358083046026,0.0,0.0,0.0,0
bovino,saudavel,0.0,0.0,0.03555262124207004,0.0,0.08478671900833454,0.0,0
coelho,saudavel,0.0,0.0,0.03799587945164901,0.0,0.0,0.0,0
coelho,saudavel,0.0,0.0,0.037750222511007646,0.04759408759404471,0.0,0.0,0
ave,letargia,0.0,0.0,0.02891297345740118,0.5830643150829529,1.0,0.0,1
bovino,febre,0.7733074894761482,0.0,0.09021414809196657,0.1105232703612129,0.1271800785125018,0.0,1
gato,taquicardia_repouso,0.0,1.0,0.048307925840140126,0.7437570642156883,0.0,1.0,1
cao,taquicardia_repouso,0.0,0.8764736993072695,0.04344134681643076,0.7212329049888104,0.0,1.0,1
bovino,saudavel,0.0,0.0,0.03450923706391693,0.0,0.16957343801666908,0.0,0
gato,febre,0.371963089471816,0.0,0.08105593593376548,0.16162307517024843,1.0,0.13333333333333333,1
ave,atividade_intensa,0.0,0.5529905309621328,0.06367744200061393,0.0,0.0,0.0,0
coelho,saudavel,0.0,0.0,0.04447243127772997,0.008356870335326505,0.0,0.0,0
ave,atividade_intensa,0.0,0.4469689478700547,0.041912200739293026,0.0,0.0,0.0,0
ave,taquicardia_repouso,0.0,1.0,0.048347323960010916,0.842485028069135,0.0,1.0,1
bovino,saudavel,0.0,0.0,0.03307049063279992,0.0,0.16957343801666908,0.0,0
cao,saudavel,0.0,0.0,0.03649456180765586,0.0,0.0,0.0,0
cao,letargia,0.0,0.0,0.06281127461310493,0.4123531679231438,0.6302697554553349,0.0,1
bovino,hipotermia_choque,0.5107319407783375,0.0,0.19664046921650866,0.8570347890435501,0.0,0.0,1
bovino,febre,0.4021790055929273,0.0,0.11649723635858684,0.04219272250734496,0.1271800785125018,0.13333333333333333,1
coelho,saudavel,0.0,0.0,0.03907201350264782,0.032446348222802235,0.0,0.0,0
bovino,atividade_intensa,0.0,0.37854529711910345,0.05077711669898493,0.0,0.0,0.0,0
coelho,taquicardia_repouso,0.0,0.8504963798762015,0.04320409635487065,0.7897727192182978,0.0,1.0,1
bovino,febre,0.5454364609870197,0.0,0.09120630295490474,0.16266983641920507,0.16957343801666908,0.1,1
cao,febre,0.3053772637841814,0.0,0.09901979482704178,0.13318075209277824,0.14005994565674107,0.0,1
ave,saudavel,0.0,0.0,0.01923991496702944,0.05500469013325049,0.0,0.0,0
ave,saudavel,0.0,0.0,0.02300277563518364,0.0,0.0,0.0,0
coelho,taquicardia_repouso,0.0,0.7693050910477961,0.052641292334063755,0.7946233125590535,0.0,1.0,1
ave,saudavel,0.0,0.0,0.024876745472392797,0.013227025474752407,0.0,0.0,0
ave,taquicardia_repouso,0.0,1.0,0.03731096058991975,0.8436093429022535,0.0,1.0,1
bovino,saudavel,0.0,0.0,0.03334886207761682,0.07404445094861423,0.1271800785125018,0.0,0
ave,febre,0.054761875212520295,0.0,0.08225359314780199,0.12419871130639548,0.0,0.03333333333333333,1
gato,febre,0.8741538428588884,0.0,0.08508666010211788,0.1305851266635586,0.6896551724137931,0.06666666666666667,1
gato,letargia,0.0,0.0,0.028052564881562908,0.4542529152650495,1.0,0.0,1
bovino,saudavel,0.0,0.0,0.03324004926757322,0.008767252917462276,0.2543601570250036,0.0,0
bovino,saudavel,0.0,0.0,0.03611892273398459,0.07346302674277316,0.1271800785125018,0.0,0
bovino,saudavel,0.0,0.0,0.03177268518638277,0.08150812057836954,0.16957343801666908,0.0,0
ave,atividade_intensa,0.0,0.5400378387189395,0.06462207642704987,0.0,0.0,0.0,0
gato,atividade_intensa,0.0,0.5130694670368037,0.058846258574274134,0.0,0.0,0.0,0
coelho,taquicardia_repouso,0.0,0.8322908333733587,0.06501412787927768,0.7956726301318939,0.0,1.0,1
gato,febre,0.8399642847952156,0.0,0.06596147641193677,0.259572461520439,1.0,0.0,1
coelho,saudavel,0.0,0.0,0.043708594407792664,0.0,0.0,0.0,0
gato,letargia,0.0,0.0,0.02958381945229753,0.4743004379109358,1.0,0.0,1
gato,saudavel,0.0,0.0,0.026769618540052196,0.0,0.45977011494252873,0.0,0
cao,atividade_intensa,0.0,0.37731641928858295,0.047786744092647576,0.0,0.0,0.0,0
bovino,letargia,0.0,0.0,0.04579679932604585,0.2576323993768911,0.33914687603333815,0.0,1
coelho,febre,0.4913501732657721,0.0,0.10746371958127937,0.1770628633063609,0.0,0.0,1
bovino,saudavel,0.0,0.0,0.040983395531163744,0.0,0.29675351652917087,0.0,0
ave,saudavel,0.0,0.0,0.023352704347769815,0.0,0.0,0.0,0
gato,saudavel,0.0,0.0,0.017872300688627402,0.028757719442912943,0.45977011494252873,0.0,0
cao,saudavel,0.0,0.0,0.03845456052009911,0.0,0.14005994565674107,0.0,0
cao,letargia,0.0,0.0,0.05095677809230505,0.4435050756768919,0.5602397826269643,0.0,1
gato,letargia,0.0,0.0,0.026901653940616794,0.5307735671702338,1.0,0.0,1
cao,febre,0.4686172932070103,0.0,0.1027046405098349,0.043404953060457774,0.21008991848511163,0.0,1
gato,saudavel,0.0,0.0,0.01860523417055707,0.05998684236643781,0.45977011494252873,0.0,0
cao,letargia,0.0,0.0,0.04614930138803243,0.35127742434618126,0.6302697554553349,0.0,1
ave,saudavel,0.0,0.0,0.022270010118533596,0.0,0.0,0.0,0
cao,taquicardia_repouso,0.0,0.8873302093084732,0.05441333119737306,0.7030409633280946,0.0,1.0,1
coelho,taquicardia_repouso,0.0,0.8161680890285092,0.03985606160019564,0.7853320435167984,0.0,1.0,1
cao,taquicardia_repouso,0.0,0.9715569605490812,0.04124994022758341,0.6774222324258719,0.0,1.0,1
ave,saudavel,0.0,0.0,0.019743450176168728,0.001031455688653482,0.0,0.0,0
cao,hipotermia_choque,0.24565886249352653,0.0,0.22148023435051592,0.8358903006114965,0.0,0.0,1
coelho,febre,0.4273342362378969,0.0,0.11449618975001453,0.1514529088622052,0.0,0.0,1
cao,saudavel,0.0,0.0,0.03758961325022501,0.05915953474776603,0.21008991848511163,0.0,0
cao,taquicardia_repouso,0.0,0.7923346169981209,0.051248745526096436,0.7288571852795693,0.0,1.0,1
gato,atividade_intensa,0.0,0.5161278621842862,0.0409271561244939,0.0,0.0,0.0,0
ave,atividade_intensa,0.0,0.6810510767642859,0.053071378372697285,0.0,0.0,0.0,0
coelho,atividade_intensa,0.0,0.28975657993088677,0.05278820275388167,0.0,0.0,0.0,0
cao,taquicardia_repouso,0.0,0.8747525700511154,0.038151963308796735,0.7122581963238294,0.0,1.0,1
coelho,saudavel,0.0,0.0,0.036284667295614366,0.03603732315585739,0.45977011494252873,0.0,0
coelho,letargia,0.0,0.0,0.04728885045253419,0.541702265665487,1.0,0.0,1
coelho,hipotermia_choque,0.5929631670699393,0.0,0.283874827275699,0.8932003818161228,0.0,0.0,1
coelho,taquicardia_repouso,0.0,0.8255412172843897,0.045847558906010485,0.8003821305063467,0.0,1.0,1
coelho,letargia,0.0,0.0,0.05232873938007288,0.48894264184523895,1.0,0.0,1
coelho,febre,0.2645286272183778,0.0,0.09558951016022366,0.17550456828025018,0.45977011494252873,0.0,1
coelho,saudavel,0.0,0.0,0.04387705325904708,0.013668571123393036,0.0,0.0,0
gato,letargia,0.0,0.0,0.02921580994893147,0.3934627222947541,1.0,0.0,1
gato,saudavel,0.0,0.0,0.018286692214540098,0.0,0.0,0.0,0
cao,saudavel,0.0,0.0,0.04111065228089108,0.03951264988395242,0.21008991848511163,0.0,0
ave,atividade_intensa,0.0,0.4908202969363318,0.0542430354866235,0.0,0.0,0.0,0
gato,febre,0.5077689607315001,0.0,0.06756083358078786,0.13532233507851443,0.9195402298850575,0.0,1
cao,hipotermia_choque,0.4454633676952817,0.0,0.25145626982006164,0.8676120401736473,0.0,0.0,1
coelho,saudavel,0.0,0.0,0.044742686747899295,0.0,0.0,0.0,0
coelho,saudavel,0.0,0.0,0.036260215120051814,0.0,0.0,0.0,0
ave,saudavel,0.0,0.0,0.021633715554082156,0.0,0.0,0.0,0
cao,febre,0.3482789036721514,0.0,0.11169517786326541,0.1692962462265205,0.28011989131348214,0.06666666666666667,1
cao,hipotermia_choque,0.6629294851605194,0.0,0.24634170919585144,0.8615013211521705,0.0,0.0,1
gato,saudavel,0.0,0.0,0.020986712257465234,0.025067920725140747,0.45977011494252873,0.0,0
gato,saudavel,0.0,0.0,0.024636725668656313,0.0,0.0,0.0,0
ave,hipotermia_choque,0.20868302070087452,0.0,0.18177227356562126,0.9130264123875048,0.0,0.0,1
gato,saudavel,0.0,0.0,0.024011921199220028,0.03673724748276053,0.0,0.0,0
gato,saudavel,0.0,0.0,0.02015137693034561,0.0,0.0,0.0,0
bovino,febre,0.1310699357068852,0.0,0.11618106044356585,0.14295055358458553,0.21196679752083636,0.16666666666666666,1
coelho,saudavel,0.0,0.0,0.044456858809600354,0.0,0.0,0.0,0
cao,febre,0.2605866562070618,0.0,0.13947854330939244,0.17826215549381552,0.28011989131348214,0.06666666666666667,1
gato,febre,0.8667214852116798,0.0,0.06760156481528497,0.1614730043796827,0.6896551724137931,0.06666666666666667,1
ave,atividade_intensa,0.0,0.46949688838532144,0.04571373398101793,0.0,0.0,0.0,0
bovino,taquicardia_repouso,0.0,0.9085062501674195,0.04999295602560339,0.6654934831353219,0.0,1.0,1
coelho,saudavel,0.0,0.0,0.04535332516262964,0.0,0.0,0.0,0
cao,atividade_intensa,0.0,0.3540294119091534,0.05414484947752327,0.0,0.0,0.0,0
gato,saudavel,0.0,0.0,0.02414461978544332,0.04212456486475691,0.45977011494252873,0.0,0
ave,febre,0.0,0.0,0.061932032637794836,0.14395116684240994,0.0,0.0,1
gato,saudavel,0.0,0.0,0.018074672420039184,0.0,0.0,0.0,0
cao,atividade_intensa,0.0,0.4162851612271532,0.048068005312279664,0.0,0.0,0.0,0
bovino,febre,0.7757194354078745,0.0,0.10206953693854517,0.14829282022363988,0.08478671900833454,0.2,1
bovino,saudavel,0.0,0.0,0.0342597860523853,0.0,0.29675351652917087,0.0,0
bovino,febre,0.5041089528020375,0.0,0.10853226497657566,0.19875713928674998,0.1271800785125018,0.26666666666666666,1
cao,letargia,0.0,0.0,0.05271607485800106,0.37469629746142186,0.7002997282837055,0.0,1
bovino,saudavel,0.0,0.0,0.031902726256012245,0.03872530026978038,0.16957343801666908,0.0,0
gato,atividade_intensa,0.0,0.5917040314735202,0.04755807585957016,0.0,0.0,0.0,0
gato,saudavel,0.0,0.0,0.02459336055879291,0.002187447921963126,0.0,0.0,0
cao,saudavel,0.0,0.0,0.04053471885641524,0.0,0.14005994565674107,0.0,0
ave,letargia,0.0,0.0,0.029237438054764794,0.5736822917807205,1.0,0.0,1
cao,febre,0.5809059396958764,0.0,0.12035002429808368,0.17776241491518252,0.28011989131348214,0.06666666666666667,1
ave,hipotermia_choque,0.5198252731626738,0.0725579298807637,0.20492253272063718,0.9179321419356429,0.0,0.0,1
bovino,saudavel,0.0,0.0,0.03959092156077372,0.0,0.29675351652917087,0.0,0
ave,saudavel,0.0,0.0,0.019799155662357886,0.0,0.0,0.0,0
gato,saudavel,0.0,0.0,0.02215934258773392,0.0,0.0,0.0,0
bovino,saudavel,0.0,0.0,0.03690787948245837,0.021331011159828606,0.29675351652917087,0.0,0
gato,saudavel,0.0,0.0,0.019985761109680696,0.0,0.0,0.0,0
gato,letargia,0.0,0.0,0.021172568624799562,0.3937203789066761,1.0,0.0,1
coelho,saudavel,0.0,0.0,0.04122623516256315,0.06693798754552605,0.0,0.0,0
gato,febre,0.5341626199208456,0.0,0.05777545598574296,0.12684798470883996,0.9195402298850575,0.0,1
gato,febre,1.0,0.0,0.07609703952381236,0.09616786333799376,0.45977011494252873,0.1,1
ave,saudavel,0.0,0.0,0.01832516703586464,0.0,0.0,0.0,0
ave,letargia,0.0,0.0,0.029170804064463367,0.599435520247116,1.0,0.0,1
gato,atividade_intensa,0.0,0.5620608037892842,0.04741709908504419,0.0,0.0,0.0,0
bovino,saudavel,0.0,0.0,0.030822607141747765,0.0,0.2543601570250036,0.0,0
ave,saudavel,0.0,0.0,0.019836651823294357,0.0,0.0,0.0,0
bovino,atividade_intensa,0.0,0.4165520282856079,0.05459073871828137,0.0,0.0,0.0,0
bovino,saudavel,0.0,0.0,0.03652801022390939,0.08474255924587104,0.2543601570250036,0.0,0
coelho,hipotermia_choque,0.26605685450491023,0.0,0.28175727588857175,0.8981965562579313,0.0,0.0,1
gato,febre,0.3324298030433672,0.0,0.09142755580803315,0.19162347270299518,0.9195402298850575,0.03333333333333333,1
ave,febre,0.29316838724727745,0.0,0.07152932473017512,0.1564923695671786,0.22988505747126436,0.0,1
bovino,taquicardia_repouso,0.0,1.0,0.04493150613278747,0.7260015070871775,0.0,1.0,1
coelho,taquicardia_repouso,0.0,0.845089996859397,0.033781761873732975,0.805726779277147,0.0,1.0,1
cao,saudavel,0.0,0.0,0.04078872152594114,0.055488806903160826,0.28011989131348214,0.0,0
ave,hipotermia_choque,0.48109348029922216,0.0,0.172846553665095,0.8900722650934678,0.0,0.0,1
ave,taquicardia_repouso,0.0,1.0,0.05265143219894311,0.8067068907559239,0.0,1.0,1
cao,febre,0.0,0.0,0.11741859141093743,0.1678940283528897,0.42017983697022326,0.06666666666666667,1
bovino,letargia,0.0,0.0,0.04007930665004324,0.26255924058153246,0.4663269545458399,0.0,1
bovino,atividade_intensa,0.0,0.35230297880360273,0.062830196495291,0.0,0.0,0.0,0
bovino,taquicardia_repouso,0.0,1.0,0.04788487782482046,0.6933280282793777,0.0,1.0,1
ave,febre,0.08893339709457138,0.0,0.07312412595433793,0.18055917793266718,0.0,0.0,1
cao,saudavel,0.0,0.0,0.040423001036765924,0.011165863461190528,0.14005994565674107,0.0,0
bovino,taquicardia_repouso,0.0,1.0,0.05330864341385223,0.6745830990057278,0.0,1.0,1
cao,febre,0.0,0.0,0.12978223563744753,0.13143093583574494,0.35014986414185273,0.2,1
coelho,taquicardia_repouso,0.0,0.8025235644903421,0.046264041307987856,0.8083522270588251,0.0,1.0,1
ave,taquicardia_repouso,0.0,1.0,0.04289720556276249,0.8305512594222778,0.0,1.0,1
gato,saudavel,0.0,0.0,0.02560182207520392,0.0,0.0,0.0,0
bovino,febre,0.505505664312248,0.0,0.1138287146111627,0.20120954924594403,0.0,0.23333333333333334,1
ave,saudavel,0.0,0.0,0.014369018761041838,0.0,0.0,0.0,0
coelho,hipotermia_choque,0.9193268600401534,0.0,0.2602675719608288,0.9002733290381832,0.0,0.0,1
bovino,taquicardia_repouso,0.0,0.9978894418514557,0.04428047399808018,0.7083252016447634,0.0,1.0,1
gato,atividade_intensa,0.0,0.511702520647858,0.03806014985913424,0.0,0.0,0.0,0
coelho,saudavel,0.0,0.0,0.043945330950772146,0.0,0.0,0.0,0
bovino,saudavel,0.0,0.0,0.025689915057856155,0.0,0.21196679752083636,0.0,0
cao,letargia,0.0,0.0,0.038227769691331806,0.32240377734822667,0.7002997282837055,0.0,1
ave,saudavel,0.0,0.0,0.021442967875481108,0.002475917792334692,0.0,0.0,0
coelho,taquicardia_repouso,0.0,0.8073005809823948,0.0547615502119925,0.8238481245142925,0.0,1.0,1
bovino,atividade_intensa,0.0,0.3328863003053115,0.04021411191999448,0.0,0.0,0.0,0
bovino,saudavel,0.0,0.0,0.035233487256876306,0.0,0.16957343801666908,0.0,0
gato,saudavel,0.0,0.0,0.027815872599729143,0.0,0.45977011494252873,0.0,0
gato,letargia,0.0,0.0,0.02331590955555912,0.4604968220526352,1.0,0.0,1
ave,saudavel,0.0,0.0,0.025279447272951394,0.002204206139809095,0.0,0.0,0
ave,hipotermia_choque,0.2268021491220864,0.0,0.18380516249435466,0.8964208013940703,0.0,0.0,1
ave,saudavel,0.0,0.0,0.021515148386092205,0.0,0.0,0.0,0
ave,letargia,0.0,0.0,0.024656961008603887,0.5640818262236293,1.0,0.0,1
gato,taquicardia_repouso,0.0,1.0,0.04177325130132735,0.78566594812975,0.0,1.0,1
cao,hipotermia_choque,0.5630801392273006,0.0,0.2647057655741194,0.8580319346487351,0.0,0.0,1
cao,hipotermia_choque,0.55576021933418,0.0,0.29363258359746813,0.862534276871909,0.0,0.0,1
coelho,saudavel,0.0,0.0,0.032068363875554735,0.0,0.0,0.0,0
cao,febre,0.3857203585706215,0.0,0.1288045440551014,0.1605716702767238,0.35014986414185273,0.16666666666666666,1
ave,letargia,0.0,0.0,0.02867320619589837,0.5565457979269001,1.0,0.0,1
ave,saudavel,0.0,0.0,0.02488025560169926,0.0,0.0,0.0,0
coelho,taquicardia_repouso,0.0,0.8485605961416369,0.0485625346813013,0.7672588604496535,0.0,1.0,1
coelho,hipotermia_choque,0.41762886731518734,0.0,0.25782474813179207,0.9013771580275703,0.0,0.0,1
coelho,febre,0.8311282632762509,0.0,0.11407819565272896,0.12413300611497369,0.0,0.0,1
bovino,febre,0.7443638656814358,0.0,0.08162905174122216,0.1781533535355564,0.0,0.0,1
bovino,saudavel,0.0,0.0,0.03149804913776236,0.0036337586539620936,0.21196679752083636,0.0,0
bovino,febre,0.4234537820403166,0.0,0.10757374156541742,0.19175230766653895,0.21196679752083636,0.26666666666666666,1
bovino,letargia,0.0,0.0,0.04609505930166211,0.2640302610661678,0.33914687603333815,0.0,1
ave,letargia,0.0,0.0,0.018185992592030614,0.5676081510111242,1.0,0.0,1
ave,saudavel,0.0,0.0,0.02057152739439138,0.03430783645209812,0.0,0.0,0
gato,saudavel,0.0,0.0,0.021121519643945732,0.023420410056935848,0.0,0.0,0
cao,saudavel,0.0,0.0,0.03912640862295238,0.0,0.07002997282837053,0.0,0
bovino,taquicardia_repouso,0.0,1.0,0.04217276333840711,0.7398433299327571,0.0,1.0,1
cao,febre,0.0,0.0,0.0949396658847125,0.2805320909496132,0.42017983697022326,0.0,1
bovino,taquicardia_repouso,0.0,0.9817336432641277,0.04210463441704022,0.7395817060747611,0.0,1.0,1
cao,taquicardia_repouso,0.0,0.928015037962806,0.04029847800152534,0.7540253943238547,0.0,1.0,1
bovino,hipotermia_choque,0.4069805296902682,0.0,0.20901418361497945,0.8607088681193713,0.0,0.0,1
gato,atividade_intensa,0.0,0.46961219124360554,0.06423311853371814,0.0,0.0,0.0,0
coelho,hipotermia_choque,0.41530665253807797,0.0,0.2913945927461409,0.9003015477638117,0.0,0.0,1
cao,saudavel,0.0,0.0,0.04008431645207362,0.08482643641421983,0.28011989131348214,0.0,0
coelho,atividade_intensa,0.0,0.3745662119581159,0.054428462271596714,0.0,0.0,0.0,0
ave,saudavel,0.0,0.0,0.02409072348527151,0.008672818348703704,0.0,0.0,0
bovino,hipotermia_choque,0.7553337610594706,0.0,0.1720047887860293,0.8288283492510451,0.0,0.0,1
cao,letargia,0.0,0.0,0.04329225465035826,0.3459853082632165,0.5602397826269643,0.0,1
coelho,taquicardia_repouso,0.0,0.8672808311233258,0.03862284055055052,0.8116360839461914,0.0,1.0,1
coelho,saudavel,0.0,0.0,0.03817858738639051,0.007029112577485175,0.0,0.0,0
cao,letargia,0.0,0.0,0.04587981804145383,0.4239030257878591,0.6302697554553349,0.0,1
cao,febre,0.6409954747816042,0.0,0.10975239335771522,0.22385400879116146,0.14005994565674107,0.03333333333333333,1
coelho,atividade_intensa,0.0,0.32552400674645265,0.05732191535937422,0.0,0.0,0.0,0
bovino,letargia,0.0,0.0,0.04950316860320826,0.21798715696470805,0.33914687603333815,0.0,1
gato,taquicardia_repouso,0.0,1.0,0.06260561813364732,0.7524381613015486,0.0,1.0,1
coelho,saudavel,0.0,0.0,0.05282633183246215,0.0,0.0,0.0,0
gato,saudavel,0.0,0.0,0.021814421416581988,0.0,0.0,0.0,0
coelho,atividade_intensa,0.0,0.3574155632495166,0.058105575316183045,0.0,0.0,0.0,0
ave,saudavel,0.0,0.0,0.024010641614131228,0.0,0.0,0.0,0
gato,saudavel,0.0,0.0,0.02501461964503536,0.0,0.0,0.0,0
bovino,saudavel,0.0,0.0,0.03383119227004665,0.022593438565504553,0.08478671900833454,0.0,0
ave,saudavel,0.0,0.0,0.02530424878764571,0.0,0.0,0.0,0
ave,saudavel,0.0,0.0,0.019480948082848438,0.09477928749450071,0.0,0.0,0
coelho,saudavel,0.0,0.0,0.03910245235385842,0.012442498171890581,0.0,0.0,0
bovino,letargia,0.0,0.0,0.039602000312636484,0.3387656831985385,0.4239335950416727,0.0,1
ave,atividade_intensa,0.0,0.5871233999158205,0.053436603061953816,0.0,0.0,0.0,0
gato,saudavel,0.0,0.0,0.026399365584728354,0.016473283197245392,0.45977011494252873,0.0,0
ave,taquicardia_repouso,0.0,1.0,0.04235667179775585,0.8139572600034313,0.0,1.0,1
cao,saudavel,0.0,0.0,0.045114409439979596,0.05047760759861164,0.28011989131348214,0.0,0
ave,taquicardia_repouso,0.0,1.0,0.039901623959419284,0.8170674234674857,0.0,1.0,1
bovino,febre,0.3538868710591412,0.0,0.1213226154623394,0.19128047131258952,0.16957343801666908,0.3,1
coelho,hipotermia_choque,0.6299841729523337,0.0,0.24364399537907697,0.8780575463163178,0.0,0.0,1
ave,atividade_intensa,0.0,0.5883486331459282,0.05880586589276131,0.0,0.0,0.0,0
coelho,saudavel,0.0,0.0,0.041550061854284975,0.013485856410884955,0.0,0.0,0
cao,febre,0.0011775666804514362,0.0,0.12834193099330596,0.21881197274504982,0.4902098097985938,0.23333333333333334,1
ave,hipotermia_choque,0.4274698308157525,0.1930182297433305,0.23244268641768615,0.9223223635711586,0.0,0.0,1
cao,atividade_intensa,0.0,0.40627563907564346,0.0529933724158236,0.0,0.0,0.0,0
ave,letargia,0.0,0.0,0.025227386819089783,0.5816959067904126,1.0,0.0,1
bovino,saudavel,0.0,0.0,0.03100806252785927,0.007845066877462448,0.16957343801666908,0.0,0
bovino,hipotermia_choque,0.5692743237571847,0.0,0.24424226257375775,0.8238224793132078,0.0,0.0,1
coelho,saudavel,0.0,0.0,0.032471087358468737,0.0,0.0,0.0,0
coelho,saudavel,0.0,0.0,0.03483061326427481,0.0,0.0,0.0,0
coelho,saudavel,0.0,0.0,0.041527550701887316,0.0,0.0,0.0,0
bovino,saudavel,0.0,0.0,0.034764557355842114,0.0,0.21196679752083636,0.0,0
gato,febre,0.8399567293070218,0.0,0.07277164862089515,0.18226725359146156,1.0,0.03333333333333333,1
gato,saudavel,0.0,0.0,0.024972750597933677,0.034182654692804904,0.45977011494252873,0.0,0
bovino,letargia,0.0,0.0,0.04070890794155051,0.2433589232465665,0.4239335950416727,0.0,1
coelho,saudavel,0.0,0.0,0.04221316998264338,0.031969125966637035,0.0,0.0,0
gato,atividade_intensa,0.0,0.5543381162726617,0.06048854767836741,0.0,0.0,0.0,0
coelho,taquicardia_repouso,0.0,0.8225082539513964,0.04488721936208871,0.7928427904705273,0.0,1.0,1
ave,atividade_intensa,0.0,0.5339367964480364,0.059644058065641624,0.0,0.0,0.0,0
gato,saudavel,0.0,0.0,0.02610614490140204,0.0,0.0,0.0,0
bovino,saudavel,0.0,0.0,0.03251842798714511,0.09685040139293688,0.1271800785125018,0.0,0
bovino,hipotermia_choque,1.0,0.0,0.21924416838777552,0.839174248269708,0.0,0.0,1
bovino,saudavel,0.0,0.0,0.031917270231952476,0.0729905791524933,0.16957343801666908,0.0,0
bovino,saudavel,0.0,0.0,0.03213273702770267,0.0,0.29675351652917087,0.0,0
coelho,saudavel,0.0,0.0,0.04805534503797194,0.005513548425900017,0.0,0.0,0
ave,saudavel,0.0,0.0,0.01854172180274387,0.0,0.0,0.0,0
gato,taquicardia_repouso,0.0,1.0,0.0387608774087489,0.7527834039350896,0.0,1.0,1
ave,saudavel,0.0,0.0,0.025999424713221562,0.0,0.0,0.0,0
bovino,saudavel,0.0,0.0,0.025799238911335717,0.0,0.16957343801666908,0.0,0
coelho,hipotermia_choque,0.6387503436369286,0.0,0.25691994148967506,0.899019552709336,0.0,0.0,1
cao,febre,0.0,0.0,0.10934402389246421,0.10910116821212679,0.42017983697022326,0.0,1
bovino,saudavel,0.0,0.0,0.0306288651929833,0.0,0.08478671900833454,0.0,0
cao,saudavel,0.0,0.0,0.04083358096286625,0.001706892152178674,0.14005994565674107,0.0,0
coelho,letargia,0.0,0.0,0.05194246243008788,0.5509062365813504,1.0,0.0,1
coelho,hipotermia_choque,0.9833732148294796,0.0,0.27454668983345093,0.9050361345988196,0.0,0.0,1
cao,saudavel,0.0,0.0,0.04575624796026594,0.0,0.14005994565674107,0.0,0
cao,letargia,0.0,0.0,0.04658257020145741,0.40481199200308426,0.6302697554553349,0.0,1
bovino,taquicardia_repouso,0.0,0.9682244429332427,0.04657690396780619,0.6084764603576936,0.0,1.0,1
cao,taquicardia_repouso,0.0,0.9107703317550673,0.05107060857560342,0.6712967539217202,0.0,1.0,1
coelho,letargia,0.0,0.0,0.06259208425672613,0.5377033729462878,1.0,0.0,1
cao,hipotermia_choque,0.7352169188148963,0.0,0.3030704062683259,0.8389328610499435,0.0,0.0,1
cao,taquicardia_repouso,0.0,0.9129590931738008,0.050909819626359584,0.7460914594552828,0.0,1.0,1
cao,atividade_intensa,0.0,0.3114052724422436,0.04696879918059784,0.0,0.0,0.0,0
gato,saudavel,0.0,0.0,0.021189431206771057,0.02134299634993897,0.0,0.0,0
ave,hipotermia_choque,0.1368888285754153,0.10917786409720187,0.20161732445307956,0.896811607417842,0.0,0.0,1
gato,febre,0.6156865430240173,0.0,0.0668078286731298,0.09797665833666691,0.45977011494252873,0.03333333333333333,1
gato,saudavel,0.0,0.0,0.024305046327959323,0.0,0.45977011494252873,0.0,0
bovino,febre,0.18540723288786398,0.0,0.10433872778274973,0.10860320096338905,0.1271800785125018,0.16666666666666666,1
bovino,hipotermia_choque,0.5478224772559959,0.0,0.1956471249836357,0.8194671897443045,0.0,0.0,1
ave,atividade_intensa,0.0,0.573817721241688,0.057783867614040654,0.0,0.0,0.0,0
ave,febre,0.1999427961800464,0.0,0.08438070403714208,0.15672003644750454,0.0,0.0,1
gato,febre,0.6365449928088518,0.0,0.06866064921169353,0.13620377549749974,0.9195402298850575,0.06666666666666667,1
ave,saudavel,0.0,0.0,0.021336510831950185,0.0,0.0,0.0,0
ave,saudavel,0.0,0.0,0.02431027060268964,0.054293287506192,0.0,0.0,0
gato,taquicardia_repouso,0.0,1.0,0.03450720543421359,0.7401805291623295,0.0,1.0,1
bovino,saudavel,0.0,0.0,0.03856212457007571,0.04009176202184794,0.2543601570250036,0.0,0
bovino,taquicardia_repouso,0.0,0.9755719064918793,0.03710073942337034,0.6799059822199776,0.0,1.0,1
bovino,saudavel,0.0,0.0,0.0303229469326744,0.048581231684902915,0.16957343801666908,0.0,0
bovino,saudavel,0.0,0.0,0.0305152033838972,0.0588420413435653,0.21196679752083636,0.0,0
bovino,febre,0.2866115577795558,0.0,0.09822377789096448,0.2211396631140089,0.08478671900833454,0.1,1
ave,saudavel,0.0,0.0,0.019528582443330274,0.018539188381754723,0.0,0.0,0
gato,atividade_intensa,0.0,0.6644537655263796,0.05670853172914957,0.0,0.0,0.0,0
ave,hipotermia_choque,0.2257625726537853,0.2353938653092249,0.26195555526291847,0.9042178738465476,0.0,0.0,1
bovino,saudavel,0.0,0.0,0.027586605843139038,0.025602501311234982,0.29675351652917087,0.0,0
bovino,febre,0.5557582645405432,0.0,0.09645525720143867,0.1345455595095053,0.08478671900833454,0.1,1
ave,saudavel,0.0,0.0,0.027850310195007964,0.0,0.0,0.0,0
cao,febre,0.16052482607231933,0.0,0.12667022148967455,0.1038577982036315,0.28011989131348214,0.06666666666666667,1
coelho,saudavel,0.0,0.0,0.039753599133372064,0.019726402092554718,0.0,0.0,0
bovino,saudavel,0.0,0.0,0.026259049493239123,0.0520806608826857,0.16957343801666908,0.0,0
ave,letargia,0.0,0.0,0.030474045274356206,0.561319406125761,1.0,0.0,1
coelho,atividade_intensa,0.0,0.3991564247041761,0.06999864600019919,0.0,0.0,0.0,0
cao,saudavel,0.0,0.0,0.03078654469798355,0.020178263081584102,0.28011989131348214,0.0,0
bovino,atividade_intensa,0.0,0.3543340983759251,0.04643453045995183,0.0,0.0,0.0,0
gato,atividade_intensa,0.0,0.5581678046773277,0.060757625570301885,0.0,0.0,0.0,0
ave,taquicardia_repouso,0.0,1.0,0.05847614865846588,0.8437975506953785,0.0,1.0,1
ave,atividade_intensa,0.0,0.6152594895685608,0.06651423322758496,0.0,0.0,0.0,0
gato,saudavel,0.0,0.0,0.023324700711525845,0.017622244728200842,0.0,0.0,0
gato,febre,0.3782829104411307,0.0,0.06520128146462986,0.1045217086240432,0.6896551724137931,0.06666666666666667,1
ave,letargia,0.0,0.0,0.026839994106360128,0.5521606805326751,1.0,0.0,1
bovino,hipotermia_choque,0.3563739254482907,0.0,0.2629145042118585,0.8366271873595497,0.0,0.0,1
bovino,saudavel,0.0,0.0,0.03589883442367084,0.02399215783457065,0.21196679752083636,0.0,0
bovino,atividade_intensa,0.0,0.40726120556532086,0.04695104668810974,0.0,0.0,0.0,0
gato,hipotermia_choque,0.6829752542777696,0.2878262168072012,0.2494989165346307,0.8653761107568426,0.0,0.0,1
bovino,febre,0.8131129194724072,0.0,0.09918976954230575,0.2113304563433135,0.04239335950416727,0.03333333333333333,1
bovino,saudavel,0.0,0.0,0.028139927550431296,0.03605348433041522,0.16957343801666908,0.0,0
cao,hipotermia_choque,0.42992604572890936,0.0,0.25762555554830074,0.8703411218711138,0.0,0.0,1
bovino,saudavel,0.0,0.0,0.029044594927335462,0.10570828126687659,0.16957343801666908,0.0,0
coelho,saudavel,0.0,0.0,0.046903174344530195,0.016193908946810054,0.0,0.0,0
bovino,saudavel,0.0,0.0,0.03378297211304483,0.13119431083409028,0.21196679752083636,0.0,0
bovino,letargia,0.0,0.0,0.038795189899673156,0.2506543662566194,0.38154023553750543,0.0,1
gato,saudavel,0.0,0.0,0.02289175940393082,0.02946344565538561,0.45977011494252873,0.0,0
gato,atividade_intensa,0.0,0.5788729270726918,0.052337175565945686,0.0,0.0,0.0,0
gato,febre,1.0,0.0,0.06886708682427561,0.15692692780987127,0.9195402298850575,0.06666666666666667,1
cao,taquicardia_repouso,0.0,0.8586595600870048,0.04956661168770252,0.7601986528637832,0.0,1.0,1
ave,febre,0.14811145856803876,0.0,0.07766913570444879,0.2006409288323926,0.0,0.03333333333333333,1
ave,saudavel,0.0,0.0,0.020730528956376143,0.0,0.0,0.0,0
bovino,letargia,0.0,0.0,0.041035689700729724,0.25727718289237134,0.4239335950416727,0.0,1
cao,taquicardia_repouso,0.0,0.8539143949712966,0.05221736458166323,0.7230088427970278,0.0,1.0,1
ave,taquicardia_repouso,0.0,1.0,0.054798279133595224,0.8259805397590587,0.0,1.0,1
bovino,taquicardia_repouso,0.0,0.924619568787822,0.051627400009655044,0.6535323102398096,0.0,1.0,1
gato,saudavel,0.0,0.0,0.023054808353926943,0.0358237466672755,0.6896551724137931,0.0,0
cao,saudavel,0.0,0.0,0.038905642004918285,0.0,0.28011989131348214,0.0,0
bovino,febre,0.607379344930185,0.0,0.10468494037744008,0.1904914614367853,0.16957343801666908,0.13333333333333333,1
gato,letargia,0.0,0.0,0.02779868539212975,0.4990417189322195,1.0,0.0,1
cao,taquicardia_repouso,0.0,0.8522820534902942,0.04700016193975098,0.7452071142152419,0.0,1.0,1
ave,saudavel,0.0,0.0,0.022887597785919776,0.06750014994307418,0.0,0.0,0
gato,saudavel,0.0,0.0,0.022848101719840204,0.0,0.45977011494252873,0.0,0
ave,saudavel,0.0,0.0,0.022316567180401786,0.0,0.0,0.0,0
ave,saudavel,0.0,0.0,0.025765985548368637,0.0,0.0,0.0,0
gato,saudavel,0.0,0.0,0.02155483892536122,0.0,0.0,0.0,0
cao,saudavel,0.0,0.0,0.036316041882987156,0.0,0.28011989131348214,0.0,0
cao,saudavel,0.0,0.0,0.04048838783356785,0.060889637782347794,0.42017983697022326,0.0,0
cao,saudavel,0.0,0.0,0.03663100734260367,0.025210829484686448,0.28011989131348214,0.0,0
coelho,taquicardia_repouso,0.0,0.8636735517188054,0.04287051539682649,0.7833860340771832,0.0,1.0,1
coelho,hipotermia_choque,0.7135697421516436,0.0,0.2447002797233953,0.9103592907693474,0.0,0.0,1
cao,letargia,0.0,0.0,0.04913169568211303,0.34526026731426995,0.7002997282837055,0.0,1
gato,saudavel,0.0,0.0,0.024979544525772775,0.059777607614517225,0.45977011494252873,0.0,0
coelho,saudavel,0.0,0.0,0.030762933913360175,0.0,0.0,0.0,0
ave,letargia,0.0,0.0,0.028247242173319705,0.6127553983008467,1.0,0.0,1
ave,letargia,0.0,0.0,0.024120989337180532,0.5782064663227188,1.0,0.0,1
gato,saudavel,0.0,0.0,0.019662116938917507,0.046381977407206065,0.0,0.0,0
coelho,atividade_intensa,0.0,0.2836368837102765,0.061324426269413874,0.0,0.0,0.0,0
coelho,letargia,0.0,0.0,0.051207739417979674,0.5097862854475288,1.0,0.0,1
ave,saudavel,0.0,0.0,0.02651313951892484,0.0031638777377838156,0.0,0.0,0
cao,saudavel,0.0,0.0,0.03510774977922766,0.0046127419823777105,0.14005994565674107,0.0,0
cao,febre,0.17206933214499043,0.0,0.13590718523400586,0.15405801759817905,0.35014986414185273,0.16666666666666666,1
bovino,febre,0.8093701391006884,0.0,0.08721143957772153,0.1036869326965586,0.1271800785125018,0.03333333333333333,1
bovino,febre,0.2894514688914853,0.0,0.1022046069886827,0.21200128387174044,0.16957343801666908,0.13333333333333333,1
coelho,atividade_intensa,0.0,0.3755784397868491,0.06585875277443624,0.0,0.0,0.0,0
cao,saudavel,0.0,0.0,0.03233436139870942,0.0,0.14005994565674107,0.0,0
coelho,hipotermia_choque,0.6848268703295826,0.0,0.3181756752210811,0.8989096796237532,0.0,0.0,1
bovino,saudavel,0.0,0.0,0.029300927171661436,0.0,0.2543601570250036,0.0,0
coelho,saudavel,0.0,0.0,0.03833382286564597,0.0,0.0,0.0,0
ave,saudavel,0.0,0.0,0.02186536104861657,0.0,0.0,0.0,0
gato,febre,0.525943657770231,0.0,0.06680205385305234,0.14710418849455376,0.0,0.03333333333333333,1
ave,atividade_intensa,0.0,0.5077225976295965,0.04222449320159491,0.0,0.0,0.0,0
ave,saudavel,0.0,0.0,0.02352125424901561,0.0017179268587171892,0.0,0.0,0
bovino,febre,0.15077455692947228,0.0,0.11867031565673392,0.11331786992791915,0.08478671900833454,0.26666666666666666,1
ave,febre,0.2137798657172425,0.0,0.08369962077058671,0.1491112115781945,0.0,0.0,1
ave,atividade_intensa,0.0,0.6151841842354338,0.05579338343427375,0.0,0.0,0.0,0
gato,taquicardia_repouso,0.0,1.0,0.05202546219926823,0.7836740154152281,0.0,1.0,1
cao,saudavel,0.0,0.0,0.04861972792415461,0.0,0.21008991848511163,0.0,0
ave,saudavel,0.0,0.0,0.028125314836045846,0.02560722083142597,0.0,0.0,0
coelho,febre,0.7972896708389878,0.0,0.13801870513375014,0.11561102489890562,0.22988505747126436,0.03333333333333333,1
coelho,letargia,0.0,0.0,0.044766584399043984,0.5248552372310467,1.0,0.0,1
coelho,taquicardia_repouso,0.0,0.8211696684636653,0.045048483123041445,0.7928111686699683,0.0,1.0,1
ave,febre,0.16470025173361336,0.0,0.05610072661995323,0.18146806420779937,0.0,0.0,1
cao,febre,0.33809682120375983,0.0,0.13428310326297896,0.12876983003467757,0.28011989131348214,0.1,1
gato,taquicardia_repouso,0.0,1.0,0.05065690426794279,0.7604898697009549,0.0,1.0,1
coelho,atividade_intensa,0.0,0.3337106886192698,0.06007774230311618,0.0,0.0,0.0,0
coelho,hipotermia_choque,0.5428478534087731,0.0,0.2809439610976865,0.891795097745584,0.0,0.0,1
ave,saudavel,0.0,0.0,0.0242096025560542,0.0,0.0,0.0,0
cao,letargia,0.0,0.0,0.043918890193158824,0.40810276868223816,0.7703297011120759,0.0,1
coelho,saudavel,0.0,0.0,0.03405360131194748,0.037235271230593336,0.0,0.0,0
coelho,saudavel,0.0,0.0,0.04478573075444414,0.03942354105379875,0.0,0.0,0
gato,taquicardia_repouso,0.0,1.0,0.039761432981276094,0.7549365123492442,0.0,1.0,1
gato,letargia,0.0,0.0,0.03224036021958334,0.43088509056463253,1.0,0.0,1
gato,taquicardia_repouso,0.0,1.0,0.05152840672887311,0.7876952816058653,0.0,1.0,1
gato,atividade_intensa,0.0,0.5412903731310741,0.050374680581515396,0.0,0.0,0.0,0
gato,febre,1.0,0.0,0.06068948682675082,0.14133677693284252,0.9195402298850575,0.0,1
gato,febre,0.723961852736215,0.0,0.07586638959196185,0.14562101962396456,0.45977011494252873,0.0,1
cao,letargia,0.0,0.0,0.03732356322117929,0.37585999058368935,0.6302697554553349,0.0,1
ave,hipotermia_choque,0.5622744096680563,0.0,0.18940576869363782,0.9184675751005857,0.0,0.0,1
gato,taquicardia_repouso,0.0,1.0,0.048344103970327956,0.7693300902920882,0.0,1.0,1
cao,febre,0.1640999132952874,0.0,0.1333138986965732,0.27667740028110377,0.28011989131348214,0.26666666666666666,1
bovino,febre,0.1213685479437554,0.0,0.12020886453482904,0.035113459604420916,0.2543601570250036,0.2,1
coelho,taquicardia_repouso,0.0,0.8224794252183218,0.04748136379949792,0.8439484260064024,0.0,1.0,1
gato,hipotermia_choque,0.8594084938281534,0.0,0.14954191086343477,0.8624774130620647,0.0,0.0,1
cao,atividade_intensa,0.0,0.39152906438824364,0.05838684022445346,0.0,0.0,0.0,0
gato,hipotermia_choque,0.3899504817244066,0.2727238169211972,0.2396970538213747,0.9009771241652426,0.0,0.0,1
gato,taquicardia_repouso,0.0,1.0,0.049950257633179666,0.787246655775363,0.0,1.0,1
ave,atividade_intensa,0.0,0.5323774958446794,0.046931376723376717,0.0,0.0,0.0,0
bovino,letargia,0.0,0.0,0.037504325744694755,0.32288101024921756,0.4239335950416727,0.0,1
cao,saudavel,0.0,0.0,0.03566310822723828,0.0,0.21008991848511163,0.0,0
gato,saudavel,0.0,0.0,0.021467794711773878,0.0011506737940942813,0.0,0.0,0
gato,saudavel,0.0,0.0,0.02284664221978035,0.0,0.45977011494252873,0.0,0
bovino,hipotermia_choque,1.0,0.0,0.19681820194615884,0.7821944201852686,0.0,0.0,1
gato,hipotermia_choque,1.0,0.0,0.16799986413344895,0.8775563153812193,0.0,0.0,1
cao,febre,0.18258646801442868,0.0,0.10764930155938289,0.20766660399310632,0.28011989131348214,0.03333333333333333,1
cao,saudavel,0.0,0.0,0.03775036527915366,0.0,0.0,0.0,0
bovino,febre,0.784019718223476,0.0,0.08151829769287931,0.0784422396310469,0.21196679752083636,0.0,1
cao,letargia,0.0,0.0,0.0630325049694319,0.34714689038251334,0.7703297011120759,0.0,1
gato,saudavel,0.0,0.0,0.024249908372461642,0.006244445155575873,0.45977011494252873,0.0,0
gato,saudavel,0.0,0.0,0.020195126560747477,0.011540310104037554,0.0,0.0,0
ave,hipotermia_choque,0.6657536343447887,0.24297604183602206,0.22003052271224025,0.9101171124652582,0.0,0.0,1
cao,saudavel,0.0,0.0,0.04555447591666518,0.00032562161496829667,0.28011989131348214,0.0,0
coelho,atividade_intensa,0.0,0.37156473957454406,0.0460918408112857,0.0,0.0,0.0,0
cao,taquicardia_repouso,0.0,0.8354061977792917,0.04857792221870858,0.7486146233767761,0.0,1.0,1
bovino,saudavel,0.0,0.0,0.040710672703791535,0.1143873168370213,0.08478671900833454,0.0,0
cao,hipotermia_choque,0.6560284362926678,0.0,0.24829106776724963,0.8500942823496613,0.0,0.0,1
coelho,taquicardia_repouso,0.0,0.8563754393502805,0.0465465609289182,0.7731649847616269,0.0,1.0,1
coelho,taquicardia_repouso,0.0,0.7916056475538489,0.050269947288077564,0.7902260856995701,0.0,1.0,1
cao,saudavel,0.0,0.0,0.043870057250664465,0.0,0.28011989131348214,0.0,0
bovino,saudavel,0.0,0.0,0.03987900456782826,0.0,0.16957343801666908,0.0,0
gato,saudavel,0.0,0.0,0.02286565692126767,0.0,0.45977011494252873,0.0,0
ave,taquicardia_repouso,0.0,1.0,0.042398764079790756,0.831892660731797,0.0,1.0,1
cao,saudavel,0.0,0.0,0.039476864392856144,0.06589731596604886,0.07002997282837053,0.0,0
gato,taquicardia_repouso,0.0,1.0,0.0486221679810347,0.7732564255621069,0.0,1.0,1
coelho,letargia,0.0,0.0,0.05675382165035576,0.5319298001555037,1.0,0.0,1
gato,saudavel,0.0,0.0,0.021780419142709104,0.04345865347728728,0.0,0.0,0
cao,saudavel,0.0,0.0,0.04100920112488552,0.030077705660030984,0.14005994565674107,0.0,0
gato,saudavel,0.0,0.0,0.01943777060902122,0.003485587867355644,0.0,0.0,0
gato,taquicardia_repouso,0.0,1.0,0.04317558521845709,0.8216609007862459,0.0,1.0,1
gato,taquicardia_repouso,0.0,1.0,0.055615381343607856,0.7619151089903579,0.0,1.0,1
coelho,saudavel,0.0,0.0,0.04349989242843308,0.019843252797442368,0.0,0.0,0
coelho,saudavel,0.0,0.0,0.039137794690331074,0.003087617640202933,0.0,0.0,0
bovino,taquicardia_repouso,0.0,1.0,0.04520664389342866,0.6720289051201004,0.0,1.0,1
gato,hipotermia_choque,0.379632436075922,0.10102207451116252,0.20016390952567467,0.8987506304739267,0.0,0.0,1
cao,atividade_intensa,0.0,0.36145574658619495,0.04484840870117753,0.0,0.0,0.0,0
cao,saudavel,0.0,0.0,0.02484746964430209,0.0,0.0,0.0,0
ave,saudavel,0.0,0.0,0.021215509967216717,0.03652291960025145,0.0,0.0,0
coelho,saudavel,0.0,0.0,0.04254955342806339,0.04347097681304368,0.0,0.0,0
gato,saudavel,0.0,0.0,0.020194801224016,0.07867515481184817,0.45977011494252873,0.0,0
ave,letargia,0.0,0.0,0.02533805194198984,0.6105914549418876,1.0,0.0,1
gato,saudavel,0.0,0.0,0.021800951859872873,0.005562237757441912,0.45977011494252873,0.0,0
gato,hipotermia_choque,1.0,0.134971168275412,0.21573675362404499,0.8808844083703017,0.0,0.0,1
coelho,taquicardia_repouso,0.0,0.8461153083033581,0.050944084961662355,0.7619940636306892,0.0,1.0,1
bovino,letargia,0.0,0.0,0.029297539347991314,0.323530548967465,0.33914687603333815,0.0,1
coelho,saudavel,0.0,0.0,0.043036510979159226,0.0,0.0,0.0,0
gato,taquicardia_repouso,0.0,1.0,0.04273000263903223,0.790555309886058,0.0,1.0,1
bovino,taquicardia_repouso,0.0,1.0,0.05150486206385078,0.6560476216924497,0.0,1.0,1
ave,taquicardia_repouso,0.0,1.0,0.050271910261461016,0.8009034986071683,0.0,1.0,1
bovino,taquicardia_repouso,0.0,0.9690958130249434,0.052873087829596474,0.6565886311535245,0.0,1.0,1
ave,saudavel,0.0,0.0,0.02571543080348427,0.004238732253939226,0.0,0.0,0
cao,saudavel,0.0,0.0,0.037635480066270946,0.01653608103622528,0.14005994565674107,0.0,0
coelho,letargia,0.0,0.0,0.05556388210296786,0.516810671406341,1.0,0.0,1
cao,taquicardia_repouso,0.0,0.8545901170791155,0.050652855094837246,0.711212436516095,0.0,1.0,1
coelho,saudavel,0.0,0.0,0.05014669455788927,0.041751077147461624,0.0,0.0,0
coelho,saudavel,0.0,0.0,0.04215484651931624,0.0,0.0,0.0,0
bovino,letargia,0.0,0.0,0.03550283426930901,0.20881622979428516,0.38154023553750543,0.0,1
bovino,taquicardia_repouso,0.0,1.0,0.03512736767256582,0.6932616222891056,0.0,1.0,1
bovino,taquicardia_repouso,0.0,0.957189721038477,0.0424594832081295,0.6421178774077935,0.0,1.0,1
cao,saudavel,0.0,0.0,0.03707330918990248,0.0,0.14005994565674107,0.0,0
coelho,hipotermia_choque,0.8402060953379855,0.0,0.24304280263040037,0.9013731860393622,0.0,0.0,1
bovino,atividade_intensa,0.0,0.40719338036960906,0.04060015722049223,0.0,0.0,0.0,0
ave,letargia,0.0,0.0,0.03012149433607022,0.5821079295458127,1.0,0.0,1
cao,saudavel,0.0,0.0,0.038416869141907346,0.05959018409896566,0.21008991848511163,0.0,0
gato,saudavel,0.0,0.0,0.022378128765129443,0.0,0.0,0.0,0
coelho,hipotermia_choque,1.0,0.0,0.284064690967211,0.9187596239789937,0.0,0.0,1
ave,saudavel,0.0,0.0,0.027981571889037448,0.00914702527109601,0.0,0.0,0
bovino,taquicardia_repouso,0.0,1.0,0.04499689645612288,0.7223036572276995,0.0,1.0,1
coelho,letargia,0.0,0.0,0.040724690145514386,0.576706383123027,1.0,0.0,1
coelho,letargia,0.0,0.0,0.05088620633768002,0.5279903127800465,1.0,0.0,1
cao,atividade_intensa,0.0,0.33988097134389017,0.06109631704945427,0.0,0.0,0.0,0
gato,taquicardia_repouso,0.0,1.0,0.04683432412239452,0.7739448688479337,0.0,1.0,1
bovino,taquicardia_repouso,0.0,1.0,0.054166998797722556,0.7102663531894049,0.0,1.0,1
ave,taquicardia_repouso,0.0,1.0,0.040905006962740784,0.8177870459299076,0.0,1.0,1
ave,letargia,0.0,0.0,0.026701562551082546,0.5928703105820267,1.0,0.0,1
bovino,saudavel,0.0,0.0,0.02860968077428251,0.0,0.16957343801666908,0.0,0
gato,saudavel,0.0,0.0,0.015615956708878161,0.055715459871122475,0.45977011494252873,0.0,0
bovino,saudavel,0.0,0.0,0.02785823225336107,0.03545746685135853,0.16957343801666908,0.0,0
cao,letargia,0.0,0.0,0.04791014188522882,0.31989866824317625,0.7703297011120759,0.0,1
bovino,taquicardia_repouso,0.0,1.0,0.0440490454985314,0.7167881841802666,0.0,1.0,1
ave,saudavel,0.0,0.0,0.018869901503843788,0.0,0.0,0.0,0
bovino,saudavel,0.0,0.0,0.04371894989612693,0.0625530819693565,0.16957343801666908,0.0,0
gato,taquicardia_repouso,0.0,1.0,0.045792297930918636,0.7555571431927082,0.0,1.0,1
coelho,atividade_intensa,0.0,0.31632685001375194,0.04893271450573621,0.0,0.0,0.0,0
cao,febre,0.178222166210944,0.0,0.1008168539740981,0.10115698155875075,0.42017983697022326,0.0,1
ave,atividade_intensa,0.0,0.6246494533001821,0.05001175517214951,0.0,0.0,0.0,0
ave,febre,0.16252601709854986,0.0,0.07729180579630897,0.12441032728077805,0.0,0.0,1
bovino,letargia,0.0,0.0,0.0374344781192343,0.23282296680542558,0.29675351652917087,0.0,1
gato,atividade_intensa,0.0,0.5479609710623776,0.05851786410315958,0.0,0.0,0.0,0
gato,saudavel,0.0,0.0,0.023207301146755677,0.0,0.22988505747126436,0.0,0
ave,taquicardia_repouso,0.0,1.0,0.050232016044873956,0.8341377598987595,0.0,1.0,1
coelho,atividade_intensa,0.0,0.31333903187513235,0.054780268691516865,0.0,0.0,0.0,0
bovino,saudavel,0.0,0.0,0.03106591517881163,0.0,0.16957343801666908,0.0,0
cao,saudavel,0.0,0.0,0.0442830742771905,0.02828428180443543,0.28011989131348214,0.0,0
cao,atividade_intensa,0.0,0.35422102273388134,0.044760353325233225,0.0,0.0,0.0,0
coelho,saudavel,0.0,0.0,0.04916154629320798,0.005454181727866381,0.0,0.0,0
bovino,saudavel,0.0,0.0,0.03382721497681263,0.048587765235825864,0.16957343801666908,0.0,0
bovino,febre,0.13127666962758622,0.0,0.08189364248124334,0.03728266656130741,0.16957343801666908,0.0,1
cao,saudavel,0.0,0.0,0.04287957095772766,0.005361937949997508,0.0,0.0,0
ave,taquicardia_repouso,0.0,1.0,0.04078220107242397,0.8064473269818712,0.0,1.0,1
coelho,taquicardia_repouso,0.0,0.8538590765810563,0.044900362636553504,0.7975471365058844,0.0,1.0,1
ave,saudavel,0.0,0.0,0.022647275292107322,0.005799654714153446,0.0,0.0,0
coelho,febre,0.0621975123660643,0.0,0.12680891639581884,0.1504351470126113,0.45977011494252873,0.03333333333333333,1
cao,atividade_intensa,0.0,0.3375828838615127,0.04962561705827714,0.0,0.0,0.0,0
cao,saudavel,0.0,0.0,0.03667691516403499,0.08358810152390894,0.28011989131348214,0.0,0
coelho,febre,0.7049703699860193,0.0,0.13076283102878122,0.19364482149408224,0.0,0.0,1
bovino,letargia,0.0,0.0,0.03325434213689438,0.33601373595465056,0.33914687603333815,0.0,1
coelho,taquicardia_repouso,0.0,0.852405935357623,0.03983165000096487,0.8198498182067325,0.0,1.0,1
bovino,saudavel,0.0,0.0,0.037616886610632394,0.006400697563167856,0.16957343801666908,0.0,0
ave,saudavel,0.0,0.0,0.021861407766075924,0.0,0.0,0.0,0
gato,febre,0.817369383154867,0.0,0.05732705622052682,0.18043025026209503,0.22988505747126436,0.0,1
gato,atividade_intensa,0.0,0.5461214631998998,0.05875404156629184,0.0,0.0,0.0,0
bovino,hipotermia_choque,0.23754162621566866,0.0,0.2622086069272406,0.8496701277662491,0.0,0.0,1
coelho,taquicardia_repouso,0.0,0.8456172455092597,0.04699003869462797,0.7356227542215111,0.0,1.0,1
bovino,letargia,0.0,0.0,0.033722121912173726,0.28966098996610334,0.4239335950416727,0.0,1
coelho,febre,0.6051678619713907,0.0,0.1159684874556352,0.1484388976564126,0.0,0.0,1
bovino,febre,0.29917649264453416,0.0,0.1103715210448493,0.17187971163409965,0.1271800785125018,0.26666666666666666,1
ave,febre,0.4803216207425507,0.0,0.06698453120912486,0.15190455934627567,0.0,0.0,1
cao,saudavel,0.0,0.0,0.04330488601849134,0.0,0.0,0.0,0
gato,taquicardia_repouso,0.0,1.0,0.04919381321542164,0.7515176169906467,0.0,1.0,1
bovino,hipotermia_choque,1.0,0.0,0.1902720757374956,0.8475688227913221,0.0,0.0,1
coelho,atividade_intensa,0.0,0.34349258792776527,0.04716323038761865,0.0,0.0,0.0,0
ave,saudavel,0.0,0.0,0.021056796736098338,0.0,0.0,0.0,0
bovino,saudavel,0.0,0.0,0.029228444992946818,0.08551443579106566,0.1271800785125018,0.0,0
coelho,saudavel,0.0,0.0,0.040220836836681206,0.0,0.0,0.0,0
bovino,saudavel,0.0,0.0,0.0314796370289527,0.014103845560747508,0.1271800785125018,0.0,0
ave,saudavel,0.0,0.0,0.022762338695640538,0.027026942578393,0.0,0.0,0
ave,atividade_intensa,0.0,0.5261009543454771,0.05469665795961945,0.0,0.0,0.0,0
coelho,febre,0.08186729970020679,0.0,0.12381405556035527,0.21487808219325621,0.0,0.03333333333333333,1
ave,febre,0.0,0.0,0.0799078453278265,0.17249471969121888,0.0,0.03333333333333333,1
ave,atividade_intensa,0.0,0.5218511140438591,0.05033835937630277,0.0,0.0,0.0,0
bovino,saudavel,0.0,0.0,0.029494826876476102,0.06760309171643286,0.1271800785125018,0.0,0
ave,saudavel,0.0,0.0,0.02245680995693156,0.03218364327812462,0.0,0.0,0
cao,saudavel,0.0,0.0,0.039036854218927296,3.022996207713291e-05,0.14005994565674107,0.0,0
cao,atividade_intensa,0.0,0.3264289889338692,0.05302166655750149,0.0,0.0,0.0,0
coelho,letargia,0.0,0.0,0.05711989766745885,0.5339240824676632,1.0,0.0,1
bovino,taquicardia_repouso,0.0,1.0,0.04539938257173613,0.6683827253608372,0.0,1.0,1
cao,saudavel,0.0,0.0,0.044293279780993046,0.013210483382669391,0.14005994565674107,0.0,0
gato,saudavel,0.0,0.0,0.019501945370377194,0.0,0.45977011494252873,0.0,0
ave,hipotermia_choque,0.26719259650763405,0.0,0.16917676541009496,0.9162907027030301,0.0,0.0,1
coelho,letargia,0.0,0.0,0.05602984019387885,0.5866983872134477,1.0,0.0,1
bovino,febre,0.27333072578625206,0.0,0.09713127371969367,0.19323916837517252,0.08478671900833454,0.13333333333333333,1
gato,taquicardia_repouso,0.0,1.0,0.04859698302492643,0.7649122798842117,0.0,1.0,1
coelho,taquicardia_repouso,0.0,0.8039711404466037,0.05281722332176851,0.7837799501721587,0.0,1.0,1
cao,saudavel,0.0,0.0,0.035793874374801825,0.0,0.21008991848511163,0.0,0
ave,letargia,0.0,0.0,0.0319129890650587,0.5980216474571216,1.0,0.0,1
ave,letargia,0.0,0.0,0.029356953070260622,0.6061931003340135,1.0,0.0,1
cao,taquicardia_repouso,0.0,0.8957421193234558,0.050465068561352085,0.7110733523558654,0.0,1.0,1
gato,taquicardia_repouso,0.0,1.0,0.03846726322330291,0.7468030130987955,0.0,1.0,1
cao,saudavel,0.0,0.0,0.03724147062041394,0.0,0.07002997282837053,0.0,0
bovino,atividade_intensa,0.0,0.3237140457869905,0.0455033363961159,0.0,0.0,0.0,0
bovino,saudavel,0.0,0.0,0.03344857478069084,0.0,0.08478671900833454,0.0,0
bovino,atividade_intensa,0.0,0.37931580031402556,0.06317143341229124,0.0,0.0,0.0,0
bovino,saudavel,0.0,0.0,0.033427581116759364,0.0,0.21196679752083636,0.0,0
ave,atividade_intensa,0.0,0.4999691060502027,0.05823099952107931,0.0,0.0,0.0,0
bovino,febre,0.2502619030065034,0.0,0.1089221936333326,0.19216211247086612,0.16957343801666908,0.23333333333333334,1
bovino,taquicardia_repouso,0.0,0.9472240874486424,0.048284966089469215,0.6704960868380285,0.0,1.0,1
bovino,febre,0.5989627861315416,0.0,0.11241427159085163,0.17787754934617483,0.08478671900833454,0.2,1
bovino,saudavel,0.0,0.0,0.031509811936413744,0.05100823627601336,0.21196679752083636,0.0,0
gato,letargia,0.0,0.0,0.027636712886499354,0.45206498680958507,1.0,0.0,1
cao,letargia,0.0,0.0,0.04478558806012368,0.394209664480103,0.4902098097985938,0.0,1
cao,taquicardia_repouso,0.0,0.8616576575199126,0.04742060526560454,0.6907829958876429,0.0,1.0,1
gato,taquicardia_repouso,0.0,1.0,0.04512722989915374,0.7733268391568322,0.0,1.0,1
cao,letargia,0.0,0.0,0.038807266712484606,0.3849285931871552,0.5602397826269643,0.0,1
ave,febre,0.18649298024008232,0.0,0.08717781651220781,0.12421905996582916,0.0,0.0,1
coelho,atividade_intensa,0.0,0.37794670637102357,0.03932172769550492,0.0,0.0,0.0,0
ave,atividade_intensa,0.0,0.5100425565083553,0.05121842667271307,0.0,0.0,0.0,0
bovino,taquicardia_repouso,0.0,0.9993149017545762,0.05960141981072955,0.689354711490928,0.0,1.0,1
bovino,taquicardia_repouso,0.0,0.9490371708098073,0.04872812069784641,0.6544213798721016,0.0,1.0,1
ave,atividade_intensa,0.0,0.5953841590172995,0.048844445204867804,0.0,0.0,0.0,0
ave,saudavel,0.0,0.0,0.020643918465476314,0.0,0.0,0.0,0
gato,letargia,0.0,0.0,0.01790278377426124,0.446478335437383,1.0,0.0,1
ave,febre,0.11896244244188381,0.0,0.08230316032860029,0.15562773522238083,0.0,0.0,1
coelho,saudavel,0.0,0.0,0.038019074210584786,0.0009948300794916376,0.0,0.0,0
ave,saudavel,0.0,0.0,0.025508211480295744,0.006569691771271424,0.0,0.0,0
gato,saudavel,0.0,0.0,0.021008458925780214,0.0,0.0,0.0,0
coelho,letargia,0.0,0.0,0.0523510482398747,0.4685172345246946,1.0,0.0,1
cao,febre,0.5613690043443427,0.0,0.13205113378987896,0.1238493455032349,0.35014986414185273,0.13333333333333333,1
coelho,saudavel,0.0,0.0,0.04116434118455978,0.08921128192200856,0.22988505747126436,0.0,0
ave,febre,0.14899234999267463,0.0,0.07523581665069635,0.15754743910163205,0.0,0.0,1
bovino,saudavel,0.0,0.0,0.03337284186025668,0.0,0.1271800785125018,0.0,0
gato,saudavel,0.0,0.0,0.021864975438057203,0.0,0.9195402298850575,0.0,0
ave,letargia,0.0,0.0,0.028984916461469872,0.6130113480266108,1.0,0.0,1
coelho,letargia,0.0,0.0,0.05317043863609738,0.5100479942831326,1.0,0.0,1
coelho,saudavel,0.0,0.0,0.03912072266661473,0.020276696857981613,0.0,0.0,0
ave,febre,0.22006122452938115,0.0,0.06679497272059157,0.1705379214214583,0.0,0.0,1
bovino,saudavel,0.0,0.0,0.037654925138359954,0.05545854462931643,0.2543601570250036,0.0,0
ave,atividade_intensa,0.0,0.5534039047325321,0.05159001676483026,0.0,0.0,0.0,0
ave,saudavel,0.0,0.0,0.023997982214280046,0.039433965187829156,0.0,0.0,0
ave,saudavel,0.0,0.0,0.018526413163345527,0.0,0.0,0.0,0
gato,febre,0.5993649455693615,0.0,0.08179461705692771,0.16616250624181472,0.0,0.03333333333333333,1
gato,atividade_intensa,0.0,0.6464167560928176,0.06366273470653035,0.0,0.0,0.0,0
gato,febre,0.8787769480601169,0.0,0.07315861617391489,0.04373336450001497,0.0,0.0,1
cao,febre,0.2842918244316943,0.0,0.1288061603415708,0.13924309005671465,0.35014986414185273,0.06666666666666667,1
coelho,taquicardia_repouso,0.0,0.8354636329198404,0.0382271037788375,0.7863390442369587,0.0,1.0,1
coelho,febre,0.6135415825317143,0.0,0.13814312380263793,0.09185200868083665,0.0,0.0,1
cao,letargia,0.0,0.0,0.05636548736901591,0.3298617007517577,0.6302697554553349,0.0,1
bovino,letargia,0.0,0.0,0.05403121018750863,0.24540603361261215,0.38154023553750543,0.0,1
ave,saudavel,0.0,0.0,0.020427026262837416,0.0,0.0,0.0,0
gato,atividade_intensa,0.0,0.4649482951198216,0.05789792184396718,0.0,0.0,0.0,0
ave,febre,0.4077522806798015,0.0,0.08366600199776271,0.09663556080993008,0.0,0.0,1
bovino,saudavel,0.0,0.0,0.03035747578730794,0.0,0.2543601570250036,0.0,0
coelho,saudavel,0.0,0.0,0.05490346452501638,0.0,0.0,0.0,0
cao,saudavel,0.0,0.0,0.04424781747613049,0.0,0.28011989131348214,0.0,0
coelho,saudavel,0.0,0.0,0.05109812558071274,0.0,0.0,0.0,0
ave,saudavel,0.0,0.0,0.022168845330427,0.0,0.0,0.0,0
cao,letargia,0.0,0.0,0.047249741110515775,0.31303081164884317,0.5602397826269643,0.0,1
cao,hipotermia_choque,0.939214227947526,0.0,0.2975437261888435,0.8508307888695588,0.0,0.0,1
gato,febre,0.7542789959910798,0.0,0.06620708197109071,0.15956882758528734,0.22988505747126436,0.0,1
ave,hipotermia_choque,0.19683315285315217,0.12909555697133257,0.21385366955103788,0.9170840575059908,0.0,0.0,1
bovino,taquicardia_repouso,0.0,1.0,0.04005227291074564,0.6648756985023849,0.0,1.0,1
coelho,hipotermia_choque,1.0,0.0,0.29808445078110657,0.8983218297536311,0.0,0.0,1
ave,saudavel,0.0,0.0,0.019128518936043875,0.0,0.0,0.0,0
coelho,taquicardia_repouso,0.0,0.8120986621559758,0.046554585788180315,0.7934226350304656,0.0,1.0,1
cao,hipotermia_choque,0.4791406496866215,0.0,0.2828512040430676,0.8425740440058864,0.0,0.0,1
gato,taquicardia_repouso,0.0,1.0,0.04638179749069239,0.7547837156670422,0.0,1.0,1
ave,hipotermia_choque,0.721864881910129,0.10216037526665489,0.19519757996001333,0.9167015833159167,0.0,0.0,1
gato,saudavel,0.0,0.0,0.01710570909826843,0.020096989340478877,1.0,0.0,0
coelho,letargia,0.0,0.0,0.05246588445566005,0.5370286306814477,1.0,0.0,1
ave,febre,0.33628113406984994,0.0,0.08173403169150961,0.15007799941182398,0.0,0.03333333333333333,1
gato,febre,0.5751386039111244,0.0,0.07164705406757725,0.08070485345995448,0.45977011494252873,0.0,1
ave,letargia,0.0,0.0,0.025073591850741858,0.5704564722406404,1.0,0.0,1
coelho,hipotermia_choque,0.7866262137730284,0.0,0.2858435318784688,0.8821824086446068,0.0,0.0,1
cao,atividade_intensa,0.0,0.26609116352550966,0.06912941017200366,0.0,0.0,0.0,0
ave,febre,0.39809657563129264,0.0,0.0875557623857484,0.14035539503009298,0.0,0.0,1
ave,atividade_intensa,0.0,0.46076691837919204,0.058264512304476754,0.0,0.0,0.0,0
gato,saudavel,0.0,0.0,0.022274250469037686,0.006071946404195949,0.0,0.0,0
ave,saudavel,0.0,0.0,0.021288856131447906,0.03349696097502053,0.0,0.0,0
coelho,atividade_intensa,0.0,0.3610456762818137,0.05586697505103255,0.0,0.0,0.0,0
ave,saudavel,0.0,0.0,0.021391987551619664,0.009956899556406884,0.0,0.0,0
bovino,saudavel,0.0,0.0,0.030894646557596817,0.0,0.1271800785125018,0.0,0
gato,saudavel,0.0,0.0,0.018732830352251095,0.0,0.45977011494252873,0.0,0
ave,saudavel,0.0,0.0,0.02165072204656637,0.01668137656911839,0.0,0.0,0
bovino,saudavel,0.0,0.0,0.03296422142201956,0.012369688146679492,0.2543601570250036,0.0,0
cao,febre,0.002556015567901193,0.0,0.09300310551803745,0.1126529890982636,0.14005994565674107,0.03333333333333333,1
ave,atividade_intensa,0.0,0.5403852665030513,0.059549141341708585,0.0,0.0,0.0,0
bovino,atividade_intensa,0.0,0.4341924666529473,0.04339719315006814,0.0,0.0,0.0,0
gato,saudavel,0.0,0.0,0.02146283845918971,0.01829320166395776,0.0,0.0,0
cao,saudavel,0.0,0.0,0.0322658883296458,0.08199402983353088,0.42017983697022326,0.0,0
coelho,letargia,0.0,0.0,0.05557384571202173,0.5295102393192246,1.0,0.0,1
cao,saudavel,0.0,0.0,0.03486175930238062,0.03581398290279236,0.28011989131348214,0.0,0
ave,saudavel,0.0,0.0,0.020876331136467866,0.0,0.0,0.0,0
ave,febre,0.0,0.0,0.08087288804349053,0.13774894607435728,0.0,0.0,1
cao,atividade_intensa,0.0,0.34264358879960777,0.041987941023018394,0.0,0.0,0.0,0
bovino,febre,0.571029845615243,0.0,0.09247607966299688,0.19133995005477245,0.08478671900833454,0.03333333333333333,1
ave,saudavel,0.0,0.0,0.02518319461357446,0.014711421341609299,0.0,0.0,0
coelho,letargia,0.0,0.0,0.05783524753532021,0.5475974062319398,1.0,0.0,1
cao,febre,0.34639877238382266,0.0,0.13404742449064044,0.15698392400379924,0.28011989131348214,0.16666666666666666,1
coelho,febre,0.7176632467450001,0.0,0.11481884491098872,0.10844952855875745,0.0,0.0,1
ave,saudavel,0.0,0.0,0.020439329156421118,0.0,0.0,0.0,0
gato,taquicardia_repouso,0.0,1.0,0.04877814073906966,0.7670743002783417,0.0,1.0,1
bovino,atividade_intensa,0.0,0.3287150238583465,0.06137058382120667,0.0,0.0,0.0,0
coelho,letargia,0.0,0.0,0.04651562223029855,0.5321169270097355,1.0,0.0,1
gato,saudavel,0.0,0.0,0.0242524781493515,0.03568436377003581,0.0,0.0,0
ave,saudavel,0.0,0.0,0.022576910779472874,0.0037724007895278966,0.0,0.0,0
cao,atividade_intensa,0.0,0.4031413740049359,0.05127906731870638,0.0,0.0,0.0,0
ave,letargia,0.0,0.0,0.02881138431920897,0.567574223139204,1.0,0.0,1
ave,hipotermia_choque,0.15607991971182145,0.0,0.1582871941816646,0.9245563796815319,0.0,0.0,1
bovino,hipotermia_choque,0.3216113871841628,0.0,0.20838172187674014,0.8763115729691137,0.0,0.0,1
coelho,febre,0.17688884818125916,0.0,0.13488036256914573,0.17461573624831306,0.0,0.06666666666666667,1
cao,letargia,0.0,0.0,0.04061154767258968,0.39159598349247204,0.7002997282837055,0.0,1
cao,saudavel,0.0,0.0,0.034166547296127364,0.0,0.14005994565674107,0.0,0
ave,saudavel,0.0,0.0,0.018737793131090846,0.0,0.0,0.0,0
coelho,saudavel,0.0,0.0,0.036869646942400136,0.04595054502125662,0.45977011494252873,0.0,0
bovino,saudavel,0.0,0.0,0.036072864836861764,0.07387238844919664,0.16957343801666908,0.0,0
cao,atividade_intensa,0.0,0.3414477872517665,0.0520380037698725,0.0,0.0,0.0,0
cao,saudavel,0.0,0.0,0.0452409570697219,0.08181971585106951,0.28011989131348214,0.0,0
bovino,saudavel,0.0,0.0,0.03156162827831263,0.0,0.1271800785125018,0.0,0
gato,letargia,0.0,0.0,0.02289453657790759,0.48710194706823295,1.0,0.0,1
coelho,hipotermia_choque,0.5930898872758235,0.0,0.2912922442971774,0.8932975788238989,0.0,0.0,1
gato,febre,0.32127068873440523,0.0,0.07308595794252153,0.1613062674535104,0.45977011494252873,0.03333333333333333,1
bovino,hipotermia_choque,0.4001119390297465,0.0,0.2572852093539221,0.8314603179250372,0.0,0.0,1
ave,febre,0.08870264805118211,0.0,0.05948318115511573,0.09443089143249417,0.0,0.0,1
ave,saudavel,0.0,0.0,0.0207170443223074,0.0,0.0,0.0,0
ave,febre,0.4640333389913067,0.0,0.07646721422559734,0.2211937545232857,0.0,0.0,1
cao,saudavel,0.0,0.0,0.03369570461149267,0.02217685853098028,0.28011989131348214,0.0,0
ave,saudavel,0.0,0.0,0.021342997728949133,0.0,0.0,0.0,0
cao,saudavel,0.0,0.0,0.03697652999420265,0.0,0.0,0.0,0
ave,saudavel,0.0,0.0,0.022880389632073738,0.0031368226612074057,0.0,0.0,0
coelho,atividade_intensa,0.0,0.33562906438763407,0.04426074749326335,0.0,0.0,0.0,0
gato,saudavel,0.0,0.0,0.017273724134351826,0.0,0.0,0.0,0
cao,saudavel,0.0,0.0,0.037637487508774686,0.0,0.07002997282837053,0.0,0
bovino,atividade_intensa,0.0,0.3556693110864828,0.047774446507414366,0.0,0.0,0.0,0
bovino,letargia,0.0,0.0,0.04752587876845226,0.29854423050686696,0.4239335950416727,0.0,1
cao,atividade_intensa,0.0,0.3334328907552646,0.05962144066785832,0.0,0.0,0.0,0
ave,saudavel,0.0,0.0,0.022750151386722754,0.009016580414946351,0.0,0.0,0
bovino,taquicardia_repouso,0.0,0.9721401858358583,0.05116716437402849,0.7036980739191127,0.0,1.0,1
gato,febre,0.8504249979176117,0.0,0.08797614996407101,0.14509015922802393,0.45977011494252873,0.16666666666666666,1
cao,febre,0.10736290768203172,0.0,0.11498809133005682,0.1672117562440747,0.21008991848511163,0.06666666666666667,1
bovino,saudavel,0.0,0.0,0.03458044465996495,0.0,0.2543601570250036,0.0,0
bovino,saudavel,0.0,0.0,0.03355995382106941,0.0,0.1271800785125018,0.0,0
ave,saudavel,0.0,0.0,0.019274823078575278,0.0,0.0,0.0,0
coelho,taquicardia_repouso,0.0,0.8143151944251776,0.05518781207825265,0.7527635621122107,0.0,1.0,1
bovino,letargia,0.0,0.0,0.03689487783884517,0.2929331046063218,0.4239335950416727,0.0,1
gato,saudavel,0.0,0.0,0.02117450719368798,0.025360440880180413,0.0,0.0,0
cao,taquicardia_repouso,0.0,0.8009006880565614,0.04525130201258084,0.7275188559454875,0.0,1.0,1
bovino,saudavel,0.0,0.0,0.02895158779233159,0.05171718430925176,0.21196679752083636,0.0,0
bovino,hipotermia_choque,0.3019777504744259,0.0,0.2293238983386907,0.8262097015516062,0.0,0.0,1
coelho,hipotermia_choque,1.0,0.0,0.2952824081479645,0.8982202031713727,0.0,0.0,1
bovino,saudavel,0.0,0.0,0.03409378264663645,0.037907326064488434,0.2543601570250036,0.0,0
gato,taquicardia_repouso,0.0,1.0,0.045555946119978194,0.7724449787937502,0.0,1.0,1
cao,saudavel,0.0,0.0,0.0396789520925961,0.0029438870662265026,0.35014986414185273,0.0,0
cao,saudavel,0.0,0.0,0.035973996988714466,0.14865768465039675,0.4902098097985938,0.0,0
bovino,saudavel,0.0,0.0,0.031558838563327765,0.0,0.16957343801666908,0.0,0
ave,febre,0.0,0.0,0.07393498844998339,0.13893997748760623,0.0,0.03333333333333333,1
coelho,taquicardia_repouso,0.0,0.8695142439018997,0.050129677290255234,0.8100666112172631,0.0,1.0,1
gato,atividade_intensa,0.0,0.6222862591591258,0.05933596779109131,0.0,0.0,0.0,0
ave,atividade_intensa,0.0,0.48506168348240397,0.05598137996136888,0.0,0.0,0.0,0
bovino,febre,0.7926147330972431,0.0,0.11191056867414305,0.16950717810516347,0.0,0.2,1
bovino,febre,0.16471933711547604,0.0,0.12246458011363577,0.1489820588157973,0.2543601570250036,0.16666666666666666,1
cao,taquicardia_repouso,0.0,0.875893523640763,0.038477959036563834,0.7191423913593435,0.0,1.0,1
coelho,febre,0.4942503569788055,0.0,0.12681027853338078,0.1650252235162576,0.22988505747126436,0.03333333333333333,1
ave,taquicardia_repouso,0.0,1.0,0.05021456250828239,0.8289665090127794,0.0,1.0,1
gato,taquicardia_repouso,0.0,1.0,0.03873612459565668,0.7962912013115105,0.0,1.0,1
bovino,taquicardia_repouso,0.0,0.9964855687056526,0.04143356344820514,0.6216170321250799,0.0,1.0,1
ave,letargia,0.0,0.0,0.021984707600828643,0.6141070609598382,1.0,0.0,1
bovino,taquicardia_repouso,0.0,1.0,0.04512054806540185,0.6591215312546503,0.0,1.0,1
ave,febre,0.26522904736548014,0.0,0.08114811672770002,0.17010927337571735,0.22988505747126436,0.0,1
bovino,atividade_intensa,0.0,0.3520824087023158,0.0663786345782562,0.0,0.0,0.0,0
ave,atividade_intensa,0.0,0.5435945777939037,0.07176092244150388,0.0,0.0,0.0,0
gato,taquicardia_repouso,0.0,1.0,0.045297250982530575,0.7808642460261063,0.0,1.0,1
gato,saudavel,0.0,0.0,0.020923197345564082,0.01372844433525,0.0,0.0,0
gato,febre,0.3611772257422994,0.0,0.08800881842619736,0.168872932808252,0.9195402298850575,0.13333333333333333,1
ave,saudavel,0.0,0.0,0.025438826665270725,0.05308792033568144,0.0,0.0,0
ave,saudavel,0.0,0.0,0.02195388076854835,0.005050127257655523,0.0,0.0,0
coelho,hipotermia_choque,0.5493809537690499,0.0,0.3067866781607601,0.8841007630195413,0.0,0.0,1
cao,saudavel,0.0,0.0,0.03258918856905842,0.0,0.28011989131348214,0.0,0
cao,febre,0.5078460431534335,0.0,0.11849446590367739,0.14591173436114968,0.4902098097985938,0.1,1
bovino,letargia,0.0,0.0,0.040673359884414645,0.2531170893738568,0.4239335950416727,0.0,1
gato,taquicardia_repouso,0.0,1.0,0.04838501864891202,0.7884323136191674,0.0,1.0,1
coelho,saudavel,0.0,0.0,0.04893193509216083,0.00860015294416916,0.0,0.0,0
gato,febre,0.48041897576737713,0.0,0.07443704054558122,0.1640027733587961,1.0,0.06666666666666667,1
gato,saudavel,0.0,0.0,0.018060398323106606,0.0,0.0,0.0,0
ave,letargia,0.0,0.0,0.02318611514799391,0.5919303979316728,1.0,0.0,1
bovino,saudavel,0.0,0.0,0.03791073013821277,0.0,0.21196679752083636,0.0,0
bovino,atividade_intensa,0.0,0.46094323602237286,0.04959617583389949,0.0,0.0,0.0,0
cao,taquicardia_repouso,0.0,0.8798243930164298,0.04694038554067196,0.6613483897703356,0.0,1.0,1
bovino,saudavel,0.0,0.0,0.03798221755768544,0.0,0.21196679752083636,0.0,0
coelho,atividade_intensa,0.0,0.3575593926955247,0.0456790922275869,0.0,0.0,0.0,0
gato,atividade_intensa,0.0,0.5912138576237731,0.04128887065377504,0.0,0.0,0.0,0
coelho,taquicardia_repouso,0.0,0.7905874106980526,0.0450127064128227,0.7920656482936805,0.0,1.0,1
bovino,saudavel,0.0,0.0,0.03432052413484418,0.0,0.21196679752083636,0.0,0
bovino,saudavel,0.0,0.0,0.0322750132322398,0.019067738823282387,0.08478671900833454,0.0,0
bovino,hipotermia_choque,0.9306752265904283,0.0,0.25385319173920157,0.8455266607694817,0.0,0.0,1
cao,saudavel,0.0,0.0,0.03366214130265305,0.0,0.07002997282837053,0.0,0
ave,saudavel,0.0,0.0,0.024898712133527602,0.0,0.0,0.0,0
ave,febre,0.38980354322564637,0.0,0.08101302669320372,0.14827613100128778,0.0,0.0,1
gato,saudavel,0.0,0.0,0.025395717946368614,0.033336813656518194,0.45977011494252873,0.0,0
gato,taquicardia_repouso,0.0,1.0,0.05092880437160106,0.7773911158136008,0.0,1.0,1
ave,febre,0.0,0.0,0.07816188613121273,0.1657634784386296,0.0,0.0,1
ave,atividade_intensa,0.0,0.5071114880964069,0.05070861363741883,0.0,0.0,0.0,0
ave,saudavel,0.0,0.0,0.026710699698304006,0.0,0.0,0.0,0
coelho,letargia,0.0,0.0,0.04235639038228155,0.5074153778157819,1.0,0.0,1
bovino,febre,0.43730896198401115,0.0,0.10101466397193591,0.1096057552188856,0.21196679752083636,0.13333333333333333,1
ave,letargia,0.0,0.0,0.028549278287286227,0.5553315917779813,1.0,0.0,1
cao,taquicardia_repouso,0.0,0.9006888873732257,0.04927909502046928,0.6798064922520708,0.0,1.0,1
ave,atividade_intensa,0.0,0.49022603089811656,0.05378228762740796,0.0,0.0,0.0,0
gato,saudavel,0.0,0.0,0.027035353363073094,0.0,0.0,0.0,0
ave,letargia,0.0,0.0,0.030409934794950855,0.5957458595709175,1.0,0.0,1
bovino,hipotermia_choque,0.43641965986456444,0.0,0.19024286076497776,0.810088124731367,0.0,0.0,1
gato,febre,0.29458579032291654,0.0,0.05937603533018407,0.16042233110181536,0.45977011494252873,0.0,1
coelho,atividade_intensa,0.0,0.28785819634200394,0.048533420678244066,0.0,0.0,0.0,0
cao,saudavel,0.0,0.0,0.04042687005073151,0.0,0.21008991848511163,0.0,0
bovino,hipotermia_choque,0.4383005490865912,0.0,0.21281678431555423,0.8231180615513913,0.0,0.0,1
bovino,febre,0.15631043032995717,0.0,0.09925930075602397,0.04408067722833542,0.33914687603333815,0.13333333333333333,1
gato,febre,0.8702910860177562,0.0,0.06739688545588358,0.22174118183370106,0.9195402298850575,0.06666666666666667,1
coelho,saudavel,0.0,0.0,0.04055355063631529,0.0,0.0,0.0,0
coelho,saudavel,0.0,0.0,0.037684684930026684,0.011808927228180832,0.0,0.0,0
ave,letargia,0.0,0.0,0.02734853642755631,0.5625796369004662,1.0,0.0,1
cao,saudavel,0.0,0.0,0.04620164177481712,0.057459890853882256,0.07002997282837053,0.0,0
bovino,saudavel,0.0,0.0,0.03583904608301145,0.0,0.1271800785125018,0.0,0
bovino,saudavel,0.0,0.0,0.02999775568131632,0.004888110102015841,0.2543601570250036,0.0,0
bovino,taquicardia_repouso,0.0,1.0,0.042996121260669186,0.6790270802570804,0.0,1.0,1
coelho,saudavel,0.0,0.0,0.0397920216767055,0.02703233015116624,0.0,0.0,0
coelho,febre,0.7445795764540624,0.0,0.09945797796523519,0.11679557323514511,0.45977011494252873,0.03333333333333333,1
coelho,letargia,0.0,0.0,0.057222780316837266,0.5746260499852498,1.0,0.0,1
ave,hipotermia_choque,0.5143644732086017,0.2644698726376369,0.23512997607219627,0.9093066499068747,0.0,0.0,1
ave,taquicardia_repouso,0.0,1.0,0.0469577168479474,0.8030357824279304,0.0,1.0,1
coelho,letargia,0.0,0.0,0.040837324312404985,0.5195765815820659,1.0,0.0,1
coelho,atividade_intensa,0.0,0.2823720307577997,0.05359058057532167,0.0,0.0,0.0,0
ave,saudavel,0.0,0.0,0.016967577108748227,0.003903123967206157,0.0,0.0,0
cao,saudavel,0.0,0.0,0.03240187079145605,0.0,0.14005994565674107,0.0,0
ave,febre,0.3486350092914563,0.0,0.08431401783723227,0.16497036234053986,0.0,0.03333333333333333,1
coelho,febre,0.02899804502200709,0.0,0.1347842055930915,0.13053664063186088,0.0,0.0,1
ave,taquicardia_repouso,0.0,1.0,0.04960042230401135,0.8273950350662395,0.0,1.0,1
ave,taquicardia_repouso,0.0,1.0,0.042823396860518184,0.8339221386332804,0.0,1.0,1
gato,febre,0.875721819253644,0.0,0.07787812438011897,0.1850969375283542,0.22988505747126436,0.13333333333333333,1
ave,saudavel,0.0,0.0,0.019444433639498132,0.0,0.0,0.0,0
ave,hipotermia_choque,0.38927733669856934,0.0,0.16253317121924962,0.8952208830704952,0.0,0.0,1
gato,saudavel,0.0,0.0,0.023457646870585307,0.0,0.0,0.0,0
gato,febre,0.2678302688961285,0.0,0.06792385296609549,0.14062445730757622,1.0,0.0,1
ave,hipotermia_choque,0.6141564806739552,0.0,0.1586478664006846,0.9082096300539391,0.0,0.0,1
coelho,saudavel,0.0,0.0,0.04610241620291639,0.03699789501753814,0.0,0.0,0
coelho,taquicardia_repouso,0.0,0.8623302928678092,0.040783797014430176,0.838053702673445,0.0,1.0,1
bovino,saudavel,0.0,0.0,0.03596241246539925,0.0,0.21196679752083636,0.0,0
ave,letargia,0.0,0.0,0.026731251836269603,0.5968753695531017,1.0,0.0,1
coelho,hipotermia_choque,1.0,0.0,0.24822926029918815,0.8866464590873591,0.0,0.0,1
bovino,saudavel,0.0,0.0,0.03655277538145463,0.0,0.21196679752083636,0.0,0
bovino,letargia,0.0,0.0,0.03843636638722586,0.2258897985778776,0.33914687603333815,0.0,1
coelho,febre,0.5398299391479118,0.0,0.12258549236069634,0.0999686410082361,0.0,0.03333333333333333,1
gato,saudavel,0.0,0.0,0.022031311044663635,0.0,0.0,0.0,0
ave,saudavel,0.0,0.0,0.02282517235682387,0.005227010548306321,0.0,0.0,0
gato,saudavel,0.0,0.0,0.02187892883239635,0.0608683924864406,0.0,0.0,0
ave,febre,0.38912500382546966,0.0,0.07328163270620888,0.18289795630605654,0.0,0.03333333333333333,1
coelho,letargia,0.0,0.0,0.04549415319369879,0.5099229937025789,1.0,0.0,1
cao,taquicardia_repouso,0.0,0.8481762125818555,0.044786528790888715,0.7030231965226617,0.0,1.0,1
coelho,letargia,0.0,0.0,0.056629023877952746,0.5160561394062899,1.0,0.0,1
bovino,taquicardia_repouso,0.0,0.9493859685852128,0.05199052255317379,0.709842811661258,0.0,1.0,1
gato,saudavel,0.0,0.0,0.023890959070104717,0.035129879209629844,0.0,0.0,0
ave,letargia,0.0,0.0,0.03036572876950492,0.5965472726513996,1.0,0.0,1
cao,atividade_intensa,0.0,0.4105116509240374,0.05505059009506722,0.0,0.0,0.0,0
coelho,saudavel,0.0,0.0,0.025051234207903988,0.0,0.0,0.0,0
gato,saudavel,0.0,0.0,0.021699684292836575,0.0,0.0,0.0,0
gato,saudavel,0.0,0.0,0.021168184436962362,0.026165468755616095,0.45977011494252873,0.0,0
cao,taquicardia_repouso,0.0,0.8333193769423268,0.04832565709113846,0.7391980010722071,0.0,1.0,1
bovino,taquicardia_repouso,0.0,0.8959232850354071,0.051967797989121885,0.6855046532098108,0.0,1.0,1
coelho,taquicardia_repouso,0.0,0.7954262345714771,0.039688451015665996,0.8395185708451512,0.0,1.0,1
cao,saudavel,0.0,0.0,0.04014986077861214,0.0,0.14005994565674107,0.0,0
cao,hipotermia_choque,0.4889665771325966,0.0,0.2932524532266263,0.8593090159145068,0.0,0.0,1
ave,taquicardia_repouso,0.0,1.0,0.03951855040281441,0.8190649473046576,0.0,1.0,1
gato,saudavel,0.0,0.0,0.015549989672575435,0.0,0.22988505747126436,0.0,0
bovino,febre,0.36155225044547024,0.0,0.11774334847260665,0.03123722828058051,0.16957343801666908,0.16666666666666666,1
coelho,febre,0.421005366129549,0.0,0.11799474524437573,0.14241307661917435,0.0,0.0,1
cao,febre,0.06333119134328546,0.0,0.10021274566957292,0.13708065507705036,0.28011989131348214,0.03333333333333333,1
gato,letargia,0.0,0.0,0.0274188145771853,0.487898774625266,1.0,0.0,1
coelho,letargia,0.0,0.0,0.05211613692915606,0.505749635717375,1.0,0.0,1
coelho,saudavel,0.0,0.0,0.04388070791729314,0.03816418110872344,0.0,0.0,0
coelho,taquicardia_repouso,0.0,0.8416828063669421,0.048652563957612166,0.7812692900530546,0.0,1.0,1
cao,saudavel,0.0,0.0,0.034407187341356525,0.0,0.14005994565674107,0.0,0
bovino,taquicardia_repouso,0.0,0.9689675862236065,0.0515166871670728,0.6868254216055779,0.0,1.0,1
coelho,febre,0.17880750916532406,0.0,0.1199372430198237,0.1649135693838517,0.6896551724137931,0.0,1
gato,saudavel,0.0,0.0,0.023646743320487246,0.048899320985899,0.0,0.0,0
gato,saudavel,0.0,0.0,0.022458191471624943,0.03928999287743118,0.0,0.0,0
cao,hipotermia_choque,0.8499403108394459,0.0,0.24217421886639395,0.8849254095892665,0.0,0.0,1
bovino,taquicardia_repouso,0.0,0.9568831950863483,0.03747644376369362,0.6659660556199878,0.0,1.0,1
cao,atividade_intensa,0.0,0.28662000259807163,0.05127422891010188,0.0,0.0,0.0,0
bovino,febre,0.14216495393759487,0.0,0.0990034855361134,0.16508945114559637,0.21196679752083636,0.1,1
bovino,saudavel,0.0,0.0,0.03963303336275876,0.09459302638682254,0.1271800785125018,0.0,0
cao,febre,0.1393748721311281,0.0,0.10137137354104864,0.04022089895582692,0.21008991848511163,0.0,1
ave,febre,0.027552780977501357,0.0,0.06675075793031741,0.10500992286079525,0.0,0.0,1
coelho,hipotermia_choque,1.0,0.0,0.26719418574956855,0.889642024145007,0.0,0.0,1
bovino,letargia,0.0,0.0,0.035795867331526114,0.23499476198385283,0.38154023553750543,0.0,1
cao,hipotermia_choque,0.3066403346755078,0.0,0.30422571779885765,0.848746633838391,0.0,0.0,1
cao,saudavel,0.0,0.0,0.04149267974592829,0.0,0.28011989131348214,0.0,0
coelho,saudavel,0.0,0.0,0.043571415906567226,0.0,0.0,0.0,0
gato,letargia,0.0,0.0,0.028571452636522415,0.4723655029969084,1.0,0.0,1
coelho,letargia,0.0,0.0,0.044287489545660315,0.5045600335798024,1.0,0.0,1
bovino,saudavel,0.0,0.0,0.028781224605165984,0.10805470652584148,0.1271800785125018,0.0,0
bovino,saudavel,0.0,0.0,0.032553949758452785,0.0,0.29675351652917087,0.0,0
coelho,saudavel,0.0,0.0,0.04060088506926679,0.07028434134295936,0.0,0.0,0
ave,atividade_intensa,0.0,0.50779750420899,0.05871734384334245,0.0,0.0,0.0,0
cao,atividade_intensa,0.0,0.33318479816612623,0.051488260160378774,0.0,0.0,0.0,0
ave,saudavel,0.0,0.0,0.02559439390023705,0.0,0.0,0.0,0
gato,saudavel,0.0,0.0,0.018816155469265388,0.0,0.6896551724137931,0.0,0
coelho,saudavel,0.0,0.0,0.038519124934717985,0.0,0.0,0.0,0
gato,taquicardia_repouso,0.0,1.0,0.03563431001184782,0.8061626146816901,0.0,1.0,1
bovino,hipotermia_choque,1.0,0.0,0.2540246978304865,0.8255047074784116,0.0,0.0,1
coelho,taquicardia_repouso,0.0,0.8369542259475455,0.052664044870046424,0.7988833858043607,0.0,1.0,1
gato,febre,0.4256832602158165,0.0,0.08528168589879555,0.1900462298726927,0.0,0.03333333333333333,1
bovino,febre,0.3869622555926451,0.0,0.07988111657672867,0.19855035498815277,0.0,0.0,1
bovino,febre,0.6872834525022995,0.0,0.1004834595064368,0.16574864137513345,0.04239335950416727,0.16666666666666666,1
bovino,febre,0.2868779630389515,0.0,0.08409149033842864,0.0931597218444542,0.21196679752083636,0.0,1
bovino,saudavel,0.0,0.0,0.0385312576262313,0.0,0.21196679752083636,0.0,0
bovino,taquicardia_repouso,0.0,0.9660853689825459,0.051927981462194774,0.7103669670156298,0.0,1.0,1
ave,saudavel,0.0,0.0,0.026557763512666182,0.010114799057072688,0.0,0.0,0
ave,letargia,0.0,0.0,0.027535657236872124,0.5752171502548209,1.0,0.0,1
cao,febre,0.4331812535508053,0.0,0.11932475194263235,0.1070459468007049,0.35014986414185273,0.1,1
gato,taquicardia_repouso,0.0,1.0,0.038353048416328965,0.7634223340706789,0.0,1.0,1
ave,atividade_intensa,0.0,0.5875580958908548,0.06532636252221571,0.0,0.0,0.0,0
gato,taquicardia_repouso,0.0,1.0,0.052945353557131834,0.793970790415621,0.0,1.0,1
ave,febre,0.10739310917412581,0.0,0.06093343960979184,0.17386562150688767,0.0,0.0,1
gato,saudavel,0.0,0.0,0.02433370069094935,0.06324420304343648,0.45977011494252873,0.0,0
coelho,taquicardia_repouso,0.0,0.8818452267405572,0.04185652993804375,0.8115853705430852,0.0,1.0,1
coelho,febre,0.6533088408495473,0.0,0.10672780589573651,0.10291457822564676,0.0,0.0,1
coelho,saudavel,0.0,0.0,0.03701355724638046,0.029958439413638738,0.0,0.0,0
ave,letargia,0.0,0.0,0.02148501217709581,0.592125336963768,1.0,0.0,1
ave,letargia,0.0,0.0,0.02345313822681768,0.6089814805572173,1.0,0.0,1
ave,taquicardia_repouso,0.0,1.0,0.05634619403184323,0.8040586574122056,0.0,1.0,1
gato,atividade_intensa,0.0,0.5541369430402034,0.052531210287422456,0.0,0.0,0.0,0
coelho,saudavel,0.0,0.0,0.04664597631706342,0.0,0.0,0.0,0
gato,saudavel,0.0,0.0,0.020351723265557422,0.06299744579360744,0.0,0.0,0
gato,atividade_intensa,0.0,0.5595624957440593,0.05548615633384514,0.0,0.0,0.0,0
ave,saudavel,0.0,0.0,0.02432449518038008,0.0171181269070112,0.0,0.0,0
cao,febre,0.37605362326755465,0.0,0.12735384145457304,0.18931460506469777,0.42017983697022326,0.13333333333333333,1
cao,saudavel,0.0,0.0,0.03671809405868626,0.0,0.14005994565674107,0.0,0
ave,taquicardia_repouso,0.0,1.0,0.04736652116131816,0.7871120621152334,0.0,1.0,1
ave,saudavel,0.0,0.0,0.018012051726024103,0.013838538209909768,0.0,0.0,0
cao,febre,0.6659428249602757,0.0,0.14341563975416113,0.1450801830752665,0.21008991848511163,0.13333333333333333,1
cao,saudavel,0.0,0.0,0.03410017725630133,0.0,0.28011989131348214,0.0,0
coelho,taquicardia_repouso,0.0,0.8487675131584895,0.051160674612459156,0.8058700575625624,0.0,1.0,1
coelho,atividade_intensa,0.0,0.32322481394295943,0.0619178747756959,0.0,0.0,0.0,0
ave,febre,0.0,0.0,0.0737826869834137,0.17151372366968054,0.45977011494252873,0.0,1
bovino,febre,0.07136428285325747,0.0,0.10762815383811192,0.1310418592003545,0.04239335950416727,0.13333333333333333,1
bovino,saudavel,0.0,0.0,0.03492055872051217,0.02047020442698999,0.21196679752083636,0.0,0
cao,saudavel,0.0,0.0,0.04577205027382869,0.05908555592568476,0.35014986414185273,0.0,0
ave,taquicardia_repouso,0.0,1.0,0.049278264143942395,0.8571125708892249,0.0,1.0,1
gato,saudavel,0.0,0.0,0.02493121806417099,0.04668754147418597,0.0,0.0,0
coelho,saudavel,0.0,0.0,0.03781510924029869,0.0,0.0,0.0,0
coelho,febre,0.17313099609359028,0.0,0.11051715059499483,0.08969146062240085,0.45977011494252873,0.0,1
coelho,saudavel,0.0,0.0,0.052354667861859217,0.0,0.0,0.0,0
bovino,atividade_intensa,0.0,0.422338000840049,0.03743173769975628,0.0,0.0,0.0,0
coelho,saudavel,0.0,0.0,0.03983258654161216,0.038672416477329,0.0,0.0,0
ave,saudavel,0.0,0.0,0.025213149925066198,2.857107163967143e-05,0.0,0.0,0
ave,saudavel,0.0,0.0,0.030179604182356025,0.014437191097659952,0.0,0.0,0
bovino,hipotermia_choque,0.6963837537383408,0.0,0.22320922550074346,0.8587647831090878,0.0,0.0,1
ave,saudavel,0.0,0.0,0.02374366185377019,0.0,0.0,0.0,0
ave,saudavel,0.0,0.0,0.020374221664044786,0.0,0.0,0.0,0
coelho,saudavel,0.0,0.0,0.04570195516956897,0.0,0.0,0.0,0
ave,taquicardia_repouso,0.0,1.0,0.04613324089657199,0.8683889575871406,0.0,1.0,1
bovino,saudavel,0.0,0.0,0.03795986792756723,0.0,0.21196679752083636,0.0,0
ave,saudavel,0.0,0.0,0.02444255801334459,0.011984621479408153,0.0,0.0,0
ave,saudavel,0.0,0.0,0.02062765500127195,0.0,0.0,0.0,0
cao,taquicardia_repouso,0.0,0.8750368589872628,0.03838474132682079,0.6921712413956891,0.0,1.0,1
coelho,febre,0.27067306764465116,0.0,0.14469604991183435,0.19008593548983532,0.0,0.0,1
bovino,saudavel,0.0,0.0,0.03763725109419229,0.0,0.2543601570250036,0.0,0
gato,letargia,0.0,0.0,0.02522889682066659,0.41660448474788625,1.0,0.0,1
cao,saudavel,0.0,0.0,0.03383168523960715,0.04337531772271663,0.21008991848511163,0.0,0
cao,saudavel,0.0,0.0,0.04581871719220966,0.0,0.21008991848511163,0.0,0
cao,taquicardia_repouso,0.0,0.8000301562832106,0.05388807214187091,0.7346868618065202,0.0,1.0,1
bovino,hipotermia_choque,1.0,0.0,0.18507582996624292,0.8250316377381355,0.0,0.0,1
ave,saudavel,0.0,0.0,0.025542887550300084,0.0,0.0,0.0,0
bovino,saudavel,0.0,0.0,0.03356629709343805,0.019628265520919785,0.16957343801666908,0.0,0
bovino,febre,0.7804670337669013,0.0,0.10132892069711043,0.11903856416696834,0.21196679752083636,0.1,1
cao,saudavel,0.0,0.0,0.035945479014645516,0.0,0.21008991848511163,0.0,0
cao,saudavel,0.0,0.0,0.03955840204927518,0.05132971587132806,0.35014986414185273,0.0,0
bovino,hipotermia_choque,0.3313183785921865,0.0,0.24461198084638983,0.8541088831803207,0.0,0.0,1
cao,letargia,0.0,0.0,0.03831411901731203,0.3499424529207604,0.7703297011120759,0.0,1
gato,saudavel,0.0,0.0,0.03197625007161549,0.021504331714398806,0.45977011494252873,0.0,0
ave,saudavel,0.0,0.0,0.017195785117161105,0.06374406790204623,0.0,0.0,0
gato,saudavel,0.0,0.0,0.017459652822150822,0.024059719248717526,0.0,0.0,0
bovino,letargia,0.0,0.0,0.029514550185579698,0.23748947777347773,0.33914687603333815,0.0,1
gato,febre,0.7712066176295433,0.0,0.06100344002274459,0.15788351043637228,0.9195402298850575,0.0,1
ave,saudavel,0.0,0.0,0.024671370938328434,0.0,0.0,0.0,0
cao,atividade_intensa,0.0,0.27632998379092877,0.055119088954147806,0.0,0.0,0.0,0
gato,taquicardia_repouso,0.0,1.0,0.05029916626120053,0.7720247751923306,0.0,1.0,1
bovino,letargia,0.0,0.0,0.047483987253843396,0.1955388416863314,0.4239335950416727,0.0,1
bovino,letargia,0.0,0.0,0.04117652406629231,0.374955819265652,0.4239335950416727,0.0,1
ave,taquicardia_repouso,0.0,1.0,0.05152836260594286,0.8240120243099065,0.0,1.0,1
bovino,atividade_intensa,0.0,0.42858664992308637,0.05711927442775168,0.0,0.0,0.0,0
bovino,saudavel,0.0,0.0,0.03562701302699702,0.035684294986204845,0.21196679752083636,0.0,0
coelho,taquicardia_repouso,0.0,0.865305764261691,0.055532816404196786,0.7682057142326666,0.0,0.9666666666666667,1
gato,febre,0.7560780188359082,0.0,0.06615597411393984,0.15795555138434214,1.0,0.0,1
ave,saudavel,0.0,0.0,0.021390889402350895,0.046297147640690706,0.0,0.0,0
cao,saudavel,0.0,0.0,0.032627571037116505,0.0,0.0,0.0,0
ave,taquicardia_repouso,0.0,1.0,0.03905563848193832,0.8204574585374518,0.0,1.0,1
bovino,saudavel,0.0,0.0,0.02955238403508596,0.0,0.1271800785125018,0.0,0
bovino,saudavel,0.0,0.0,0.03419760928507911,0.01105753085198602,0.16957343801666908,0.0,0
coelho,letargia,0.0,0.0,0.03800779730223729,0.5039879391741569,1.0,0.0,1
coelho,taquicardia_repouso,0.0,0.8899691576647666,0.052195306515508806,0.8203105174506802,0.0,1.0,1
cao,taquicardia_repouso,0.0,0.945098190289682,0.04463416987796416,0.7024884909228867,0.0,1.0,1
cao,febre,0.25322302626934934,0.0,0.10206711071525351,0.15922313070087324,0.28011989131348214,0.03333333333333333,1
gato,atividade_intensa,0.0,0.6527839327680538,0.0519483237798833,0.0,0.0,0.0,0
coelho,letargia,0.0,0.0,0.06245233365853145,0.5352345491269033,1.0,0.0,1
coelho,taquicardia_repouso,0.0,0.8505314525307865,0.044832032478499005,0.8073221153874324,0.0,1.0,1
cao,saudavel,0.0,0.0,0.03630758868941854,0.0937433946572993,0.28011989131348214,0.0,0
cao,saudavel,0.0,0.0,0.045195743454475,0.022873073916471198,0.14005994565674107,0.0,0
coelho,saudavel,0.0,0.0,0.042250076915830166,0.0,0.0,0.0,0
coelho,taquicardia_repouso,0.0,0.8773200236578316,0.044673635030674966,0.8024811403922589,0.0,1.0,1
ave,saudavel,0.0,0.0,0.028762580546096178,0.0,0.0,0.0,0
bovino,febre,0.6834661469344496,0.0,0.09146110258746899,0.22454089808188482,0.16957343801666908,0.03333333333333333,1
cao,saudavel,0.0,0.0,0.04244001310668977,0.0,0.0,0.0,0
coelho,taquicardia_repouso,0.0,0.8539217185964867,0.03920911368558951,0.8117785420213471,0.0,1.0,1
gato,saudavel,0.0,0.0,0.028014029283253628,0.01505991923993466,0.0,0.0,0
gato,atividade_intensa,0.0,0.3957866395701515,0.04609663333449586,0.0,0.0,0.0,0
gato,hipotermia_choque,0.7595178798754751,0.0,0.16510774762673222,0.8617525585542452,0.0,0.0,1
gato,atividade_intensa,0.0,0.6588654467339907,0.0557743750745065,0.0,0.0,0.0,0
cao,febre,0.333621437716076,0.0,0.13848153207742211,0.1831047723909549,0.35014986414185273,0.23333333333333334,1
bovino,hipotermia_choque,0.5982389333035012,0.0,0.19699806691598334,0.8415228240699568,0.0,0.0,1
bovino,febre,0.2610792692099533,0.0,0.09985962244496725,0.2416027711765204,0.08478671900833454,0.2,1
ave,saudavel,0.0,0.0,0.02177657112644901,0.01521284411526369,0.0,0.0,0
cao,febre,0.05406139714179736,0.0,0.11939125108759684,0.14970751332309884,0.35014986414185273,0.0,1
bovino,atividade_intensa,0.0,0.41957136861759503,0.05586029022416672,0.0,0.0,0.0,0
gato,letargia,0.0,0.0,0.02648476577111411,0.4750161280855777,1.0,0.0,1
cao,saudavel,0.0,0.0,0.04087416770982155,0.021549824302111387,0.28011989131348214,0.0,0
coelho,atividade_intensa,0.0,0.3403153125968168,0.04144389181953803,0.0,0.0,0.0,0
cao,hipotermia_choque,0.8877124407797077,0.0,0.23939613087587386,0.8793626138329368,0.0,0.0,1
bovino,atividade_intensa,0.0,0.36058564716816255,0.050143598882739365,0.0,0.0,0.0,0
cao,febre,0.24038051105878444,0.0,0.10889019571338161,0.1691715700923745,0.35014986414185273,0.06666666666666667,1
coelho,saudavel,0.0,0.0,0.04367065781287232,0.005763215616008899,0.0,0.0,0
gato,febre,1.0,0.0,0.05681037095171509,0.1769489615496892,0.9195402298850575,0.0,1
coelho,letargia,0.0,0.0,0.04256481574135968,0.4795540737831685,1.0,0.0,1
bovino,taquicardia_repouso,0.0,1.0,0.04599092489838376,0.6642598633332415,0.0,1.0,1
coelho,atividade_intensa,0.0,0.35675597086832544,0.047709355559804247,0.0,0.0,0.0,0
cao,hipotermia_choque,0.5645495785961085,0.0,0.2662397031780036,0.8528589043685723,0.0,0.0,1
bovino,taquicardia_repouso,0.0,1.0,0.051352957346597124,0.6807376117611725,0.0,1.0,1
coelho,saudavel,0.0,0.0,0.04219722000076373,0.0,0.0,0.0,0
ave,febre,0.0,0.0,0.07040834913353224,0.15675518820554846,0.0,0.0,1
gato,saudavel,0.0,0.0,0.024586691219349727,0.0,0.0,0.0,0
gato,febre,1.0,0.0,0.08483513268812064,0.18837654376948654,0.6896551724137931,0.13333333333333333,1
cao,hipotermia_choque,0.6578847764399549,0.0,0.24674783805119122,0.8424949975095833,0.0,0.0,1
bovino,letargia,0.0,0.0,0.03492035922305328,0.24520536472226007,0.33914687603333815,0.0,1
gato,atividade_intensa,0.0,0.5375463257499604,0.04962766461233243,0.0,0.0,0.0,0
cao,letargia,0.0,0.0,0.051859639843379976,0.406603352011765,0.5602397826269643,0.0,1
coelho,saudavel,0.0,0.0,0.03930171466792283,0.0,0.0,0.0,0
ave,saudavel,0.0,0.0,0.02005826615357767,0.0,0.0,0.0,0
bovino,taquicardia_repouso,0.0,0.9317698512825892,0.04452662312473821,0.6480376741380517,0.0,1.0,1
coelho,taquicardia_repouso,0.0,0.8286750268775531,0.03799595449283706,0.7844166797619154,0.0,1.0,1
gato,saudavel,0.0,0.0,0.02341666543746842,0.04370018082411453,0.0,0.0,0
ave,saudavel,0.0,0.0,0.020609483457996958,0.0,0.0,0.0,0
cao,atividade_intensa,0.0,0.29866283949116057,0.07340423248122747,0.0,0.0,0.0,0
gato,atividade_intensa,0.0,0.5167508873591218,0.05162398909839277,0.0,0.0,0.0,0
cao,atividade_intensa,0.0,0.3742160814023898,0.05068105862246009,0.0,0.0,0.0,0
coelho,febre,0.5531513934708698,0.0,0.11974242584536533,0.1600450681567096,0.0,0.0,1
gato,saudavel,0.0,0.0,0.018825215169523873,0.02938998638010548,0.45977011494252873,0.0,0
coelho,saudavel,0.0,0.0,0.03659292401642839,0.0,0.0,0.0,0
gato,atividade_intensa,0.0,0.6057165727221929,0.04099591622348831,0.0,0.0,0.0,0
cao,saudavel,0.0,0.0,0.04174344161537551,0.07090473231494065,0.28011989131348214,0.0,0
cao,febre,0.5730137263265989,0.0,0.11370408850976665,0.1742602512352649,0.42017983697022326,0.03333333333333333,1
ave,saudavel,0.0,0.0,0.022115756768128558,0.0,0.0,0.0,0
cao,saudavel,0.0,0.0,0.042480083948088304,0.0,0.0,0.0,0
coelho,taquicardia_repouso,0.0,0.8342055981953163,0.04256557562672103,0.7689973769012117,0.0,1.0,1
gato,saudavel,0.0,0.0,0.02137170979941593,0.023592358694564552,0.0,0.0,0
bovino,taquicardia_repouso,0.0,0.9730607829010887,0.04332532814089866,0.6612249006942785,0.0,1.0,1
gato,taquicardia_repouso,0.0,1.0,0.04296165185401913,0.7489546358701071,0.0,1.0,1
cao,letargia,0.0,0.0,0.03616589322486574,0.3164989931774773,0.6302697554553349,0.0,1
gato,saudavel,0.0,0.0,0.018757688986444566,0.07488418388060836,0.0,0.0,0
coelho,saudavel,0.0,0.0,0.03649333883434106,0.00937562089153643,0.0,0.0,0
bovino,taquicardia_repouso,0.0,1.0,0.038012934995355775,0.706748587462947,0.0,1.0,1
ave,taquicardia_repouso,0.0,1.0,0.05902355670331064,0.7888760753896167,0.0,1.0,1
gato,saudavel,0.0,0.0,0.020249265861776868,0.09887398769770961,0.45977011494252873,0.0,0
cao,saudavel,0.0,0.0,0.03945021102997465,0.0,0.07002997282837053,0.0,0
bovino,taquicardia_repouso,0.0,0.9906414965379966,0.046120632867939,0.6396238374240844,0.0,1.0,1
ave,atividade_intensa,0.0,0.5564991274913935,0.04778371045341618,0.0,0.0,0.0,0
bovino,saudavel,0.0,0.0,0.03957831033635614,0.059531811934018464,0.16957343801666908,0.0,0
cao,taquicardia_repouso,0.0,0.7953021634557011,0.040666605921636026,0.7301243689710876,0.0,1.0,1
gato,letargia,0.0,0.0,0.024945261292329008,0.45649952054259424,1.0,0.0,1
gato,atividade_intensa,0.0,0.6526432416362915,0.04028511153590551,0.0,0.0,0.0,0
cao,febre,0.3914862913175736,0.0,0.10216090329987834,0.09385004199534619,0.35014986414185273,0.0,1
ave,febre,0.28680275381523046,0.0,0.06951777070741505,0.11735173391041842,0.0,0.0,1
cao,febre,0.26296127351919085,0.0,0.10176382731248992,0.06720331696201565,0.42017983697022326,0.0,1
gato,saudavel,0.0,0.0,0.01985994547611686,0.0,0.0,0.0,0
ave,saudavel,0.0,0.0,0.023867398000680707,0.032835208633939184,0.0,0.0,0
bovino,febre,0.40664822913240073,0.0,0.12210877549512437,0.11946674990885442,0.21196679752083636,0.16666666666666666,1
bovino,taquicardia_repouso,0.0,0.9892182431047907,0.0437690177976636,0.7645982014521254,0.0,1.0,1
coelho,saudavel,0.0,0.0,0.03912676270147407,0.0,0.0,0.0,0
ave,taquicardia_repouso,0.0,1.0,0.05955662220927055,0.8240548007893804,0.0,1.0,1
bovino,saudavel,0.0,0.0,0.041028007177558036,0.05337879418865621,0.16957343801666908,0.0,0
cao,taquicardia_repouso,0.0,0.9103139254217318,0.048347603053136776,0.7496280796188237,0.0,1.0,1
gato,febre,0.22242445966892133,0.0,0.08231099120172636,0.15584256752555026,0.6896551724137931,0.03333333333333333,1
bovino,saudavel,0.0,0.0,0.035465827928601555,0.0,0.21196679752083636,0.0,0
ave,atividade_intensa,0.0,0.5570666537922353,0.0536908432014585,0.0,0.0,0.0,0
gato,saudavel,0.0,0.0,0.02027474219856984,0.04973772821955369,0.45977011494252873,0.0,0
ave,febre,0.19863579634282758,0.0,0.06284880855410228,0.18008794776937143,0.0,0.0,1
cao,saudavel,0.0,0.0,0.04252898806064719,0.0,0.14005994565674107,0.0,0
bovino,taquicardia_repouso,0.0,0.9368190544076718,0.03603540005542782,0.6952041180972199,0.0,1.0,1
ave,taquicardia_repouso,0.0,1.0,0.0562530764956981,0.7916234203872972,0.0,1.0,1
gato,taquicardia_repouso,0.0,1.0,0.05700906713699584,0.837355695543742,0.0,1.0,1
cao,saudavel,0.0,0.0,0.042417029745378164,0.0,0.14005994565674107,0.0,0
ave,saudavel,0.0,0.0,0.01687973209937477,0.024530691228563994,0.0,0.0,0
bovino,letargia,0.0,0.0,0.03222021350965926,0.21439760265530228,0.4239335950416727,0.0,1
bovino,letargia,0.0,0.0,0.03805547800516756,0.2713107729611083,0.38154023553750543,0.0,1
coelho,febre,0.5247630432880517,0.0,0.09742033860322347,0.09447883993848616,0.0,0.0,1
coelho,saudavel,0.0,0.0,0.032188310975242336,0.015760901479943357,0.0,0.0,0
cao,taquicardia_repouso,0.0,0.8915792665681592,0.048260991695166386,0.7449413775695268,0.0,1.0,1
gato,saudavel,0.0,0.0,0.021616555043731833,0.029002773827905615,0.0,0.0,0
coelho,saudavel,0.0,0.0,0.04974448033942545,0.011003954471384247,0.0,0.0,0
coelho,saudavel,0.0,0.0,0.03564887722584546,0.0,0.0,0.0,0
coelho,febre,0.7624686603731163,0.0,0.1171244767135094,0.19303774956782116,0.22988505747126436,0.06666666666666667,1
ave,taquicardia_repouso,0.0,1.0,0.03715254473973043,0.8066456635896779,0.0,1.0,1
ave,febre,0.24164169103109145,0.0,0.08446006155957164,0.1521541292991334,0.0,0.03333333333333333,1
ave,atividade_intensa,0.0,0.5211302402549904,0.05585758361266774,0.0,0.0,0.0,0
cao,saudavel,0.0,0.0,0.04869951737451322,0.029534859759871024,0.21008991848511163,0.0,0
gato,saudavel,0.0,0.0,0.021903353260280454,0.012394365177051503,0.0,0.0,0
coelho,saudavel,0.0,0.0,0.04063155273536328,0.0,0.0,0.0,0
coelho,saudavel,0.0,0.0,0.03352377062250989,0.024374670252907293,0.0,0.0,0
cao,atividade_intensa,0.0,0.3387950733415508,0.05274114406460978,0.0,0.0,0.0,0
gato,hipotermia_choque,0.552032610582812,0.0,0.14289262751795745,0.8727051971260057,0.0,0.0,1
cao,febre,0.5781789606035816,0.0,0.10838620314158295,0.08879472778032826,0.21008991848511163,0.06666666666666667,1
gato,letargia,0.0,0.0,0.027061275374881778,0.44886223907592704,1.0,0.0,1
gato,letargia,0.0,0.0,0.026077143436169986,0.45201719251092454,1.0,0.0,1
gato,letargia,0.0,0.0,0.02944191280560331,0.4596396932374658,1.0,0.0,1
cao,atividade_intensa,0.0,0.41560744181955944,0.06347251239638654,0.0,0.0,0.0,0
coelho,saudavel,0.0,0.0,0.03812205204716377,0.04182574835068964,0.0,0.0,0
gato,atividade_intensa,0.0,0.6539332061819068,0.059579083305616676,0.0,0.0,0.0,0
gato,febre,0.8863766358213334,0.0,0.060983194141122424,0.18378308238209407,0.45977011494252873,0.03333333333333333,1
cao,saudavel,0.0,0.0,0.035521596901668215,0.0,0.28011989131348214,0.0,0
bovino,saudavel,0.0,0.0,0.037981679848032225,0.0,0.08478671900833454,0.0,0
bovino,saudavel,0.0,0.0,0.029671926307242857,0.0,0.29675351652917087,0.0,0
ave,letargia,0.0,0.0,0.021573178871487433,0.5165317986791538,1.0,0.0,1
gato,saudavel,0.0,0.0,0.02043403368416209,0.0,0.0,0.0,0
ave,hipotermia_choque,0.5963361397449916,0.0,0.16282857155358507,0.8888998056779313,0.0,0.0,1
coelho,saudavel,0.0,0.0,0.03749833594222228,0.002424628483922553,0.0,0.0,0
bovino,atividade_intensa,0.0,0.4393832282377468,0.052345348043886714,0.0,0.0,0.0,0
coelho,hipotermia_choque,0.9343449509166153,0.0,0.30742276827425985,0.9038809531139961,0.0,0.0,1
gato,saudavel,0.0,0.0,0.02075127318908738,0.0,0.45977011494252873,0.0,0
cao,saudavel,0.0,0.0,0.04126907733294116,0.0,0.14005994565674107,0.0,0
gato,taquicardia_repouso,0.0,1.0,0.047800966327041006,0.738104309094689,0.0,1.0,1
ave,taquicardia_repouso,0.0,1.0,0.03858970372811141,0.811694326717869,0.0,0.9666666666666667,1
bovino,saudavel,0.0,0.0,0.034429091860281744,0.05572077106008855,0.33914687603333815,0.0,0
cao,saudavel,0.0,0.0,0.0385625592546428,0.0,0.14005994565674107,0.0,0
ave,atividade_intensa,0.0,0.6367343763120532,0.05379806187510311,0.0,0.0,0.0,0
cao,taquicardia_repouso,0.0,0.8670145734238979,0.05153239039645085,0.742980352688055,0.0,1.0,1
bovino,saudavel,0.0,0.0,0.03470044787659992,0.0,0.29675351652917087,0.0,0
ave,saudavel,0.0,0.0,0.019318550527157426,0.0,0.0,0.0,0
bovino,febre,0.6969876789002569,0.0,0.08894887901956972,0.12524520501846814,0.16957343801666908,0.03333333333333333,1
cao,febre,0.3245496277477098,0.0,0.10242744061574116,0.09279221695402684,0.28011989131348214,0.03333333333333333,1
gato,saudavel,0.0,0.0,0.027215878868842337,0.0706694861080478,0.45977011494252873,0.0,0
cao,saudavel,0.0,0.0,0.04381789072941464,0.0,0.14005994565674107,0.0,0
cao,saudavel,0.0,0.0,0.03663275258438186,0.0,0.42017983697022326,0.0,0
bovino,saudavel,0.0,0.0,0.028745856953067302,0.03413220588397903,0.16957343801666908,0.0,0
ave,saudavel,0.0,0.0,0.015128940818690597,0.003525929451653531,0.0,0.0,0
ave,taquicardia_repouso,0.0,1.0,0.04651313947502891,0.8166325782240413,0.0,1.0,1
ave,saudavel,0.0,0.0,0.023683001802730943,0.0,0.0,0.0,0
bovino,febre,0.7019448538519175,0.0,0.11231954849358962,0.2522868598722646,0.2543601570250036,0.2,1
ave,letargia,0.0,0.0,0.026754501222273026,0.5804922680081797,1.0,0.0,1
cao,saudavel,0.0,0.0,0.04149578800546281,0.0,0.28011989131348214,0.0,0
ave,febre,0.0,0.0,0.06443560160646095,0.10513372199237248,0.0,0.0,1
coelho,saudavel,0.0,0.0,0.04453227629713779,0.04008810773855309,0.0,0.0,0
coelho,letargia,0.0,0.0,0.04594013155102128,0.5826564474085227,1.0,0.0,1
ave,febre,0.394832958895428,0.0,0.07610537817748098,0.12941253267646324,0.0,0.03333333333333333,1
bovino,taquicardia_repouso,0.0,0.9784099190388502,0.0418396468327264,0.6010261402897932,0.0,1.0,1
gato,febre,0.5939134273432822,0.0,0.07176303131247241,0.1884470700079448,0.9195402298850575,0.03333333333333333,1
coelho,taquicardia_repouso,0.0,0.8081605776956267,0.04802420502780189,0.7711652009690305,0.0,1.0,1
ave,atividade_intensa,0.0,0.5019639764125554,0.04812643701111781,0.0,0.0,0.0,0
bovino,atividade_intensa,0.0,0.4129095529374034,0.04923435427150959,0.0,0.0,0.0,0
gato,febre,0.2932779315184195,0.0,0.07485877238808065,0.1254073843247252,0.0,0.03333333333333333,1
cao,febre,0.14746849397312167,0.0,0.11823705893474355,0.1202328654333612,0.28011989131348214,0.1,1
ave,saudavel,0.0,0.0,0.027526319954697953,0.0,0.0,0.0,0
cao,hipotermia_choque,0.5341753732769443,0.0,0.2183681802930711,0.8657935264528822,0.0,0.0,1
bovino,letargia,0.0,0.0,0.03517088691659313,0.26233343132372744,0.4239335950416727,0.0,1
bovino,atividade_intensa,0.0,0.4148716051748771,0.04170255595492622,0.0,0.0,0.0,0
gato,saudavel,0.0,0.0,0.019712577706948686,0.001064291090064784,0.0,0.0,0
cao,letargia,0.0,0.0,0.04594816889546276,0.4020289467772893,0.6302697554553349,0.0,1
coelho,saudavel,0.0,0.0,0.04050849683957865,0.03951527726612747,0.0,0.0,0
gato,letargia,0.0,0.0,0.02310542807266179,0.5167211221788222,1.0,0.0,1
bovino,letargia,0.0,0.0,0.03567538840335818,0.2508020307467653,0.4239335950416727,0.0,1
coelho,saudavel,0.0,0.0,0.04201569751329953,0.03963269808177694,0.0,0.0,0
cao,saudavel,0.0,0.0,0.03452591397274639,0.04267715445303877,0.21008991848511163,0.0,0
gato,letargia,0.0,0.0,0.02600530614816327,0.43099550305807177,1.0,0.0,1
ave,saudavel,0.0,0.0,0.026302364618597484,0.01732731671834764,0.0,0.0,0
bovino,saudavel,0.0,0.0,0.02680961104623844,0.14662443864174546,0.16957343801666908,0.0,0
ave,febre,0.10195287721134605,0.0,0.06390547273593684,0.15398478123060722,0.0,0.0,1
cao,letargia,0.0,0.0,0.04722734652030928,0.36957388587751216,0.7002997282837055,0.0,1
ave,febre,0.31888404575254015,0.0,0.07831700231279919,0.18142412654231477,0.0,0.0,1
ave,atividade_intensa,0.0,0.576303277318315,0.053852277647090066,0.0,0.0,0.0,0
bovino,letargia,0.0,0.0,0.04876742043367305,0.2812543865017315,0.38154023553750543,0.0,1
gato,hipotermia_choque,0.5052550440373207,0.0,0.15058341757078222,0.8700297220919653,0.0,0.0,1
ave,taquicardia_repouso,0.0,1.0,0.044439765027329756,0.8189421307124339,0.0,1.0,1
ave,hipotermia_choque,0.6730535112332277,0.11106088338781994,0.22340515451093187,0.9021802432297251,0.0,0.0,1
cao,atividade_intensa,0.0,0.4058401648220247,0.05590348973883016,0.0,0.0,0.0,0
bovino,taquicardia_repouso,0.0,1.0,0.04663978756874682,0.5986046543358353,0.0,1.0,1
bovino,taquicardia_repouso,0.0,0.9734748720492299,0.058974224758555086,0.7254126575342885,0.0,1.0,1
bovino,febre,0.19861841972703087,0.0,0.0952474592714766,0.18858799038689855,0.08478671900833454,0.13333333333333333,1
cao,saudavel,0.0,0.0,0.042348754157923156,0.0,0.07002997282837053,0.0,0
cao,febre,0.6445540480961012,0.0,0.12932857280661797,0.11555543279738378,0.4902098097985938,0.06666666666666667,1
bovino,saudavel,0.0,0.0,0.02869681278118156,0.0,0.2543601570250036,0.0,0
coelho,hipotermia_choque,1.0,0.0,0.2544206494081101,0.8740638433513184,0.0,0.0,1
bovino,saudavel,0.0,0.0,0.026739105322897846,0.0,0.16957343801666908,0.0,0
cao,febre,0.04400882161760089,0.0,0.09255333248598167,0.134206767977052,0.35014986414185273,0.0,1
gato,saudavel,0.0,0.0,0.023205719674954814,0.0,0.0,0.0,0
bovino,saudavel,0.0,0.0,0.039073437029324865,0.09597400911336706,0.1271800785125018,0.0,0
gato,taquicardia_repouso,0.0,1.0,0.04284712288961167,0.7875160805112948,0.0,1.0,1
cao,febre,0.6402881711581594,0.0,0.09754732797174363,0.20084859759393658,0.14005994565674107,0.0,1
bovino,febre,0.2001513986022776,0.0,0.08797344548647051,0.15668146582702003,0.08478671900833454,0.03333333333333333,1
coelho,letargia,0.0,0.0,0.0396438076117799,0.5268706481684762,1.0,0.0,1
coelho,febre,0.057416004949071064,0.0,0.14238040505384036,0.20251014400577128,0.45977011494252873,0.13333333333333333,1
ave,febre,0.3830721022373922,0.0,0.06428932063422862,0.21220450930369905,0.0,0.0,1
cao,saudavel,0.0,0.0,0.04035335144207921,0.03530320574052259,0.14005994565674107,0.0,0
bovino,taquicardia_repouso,0.0,1.0,0.05147231558423244,0.6575728876359797,0.0,1.0,1
ave,letargia,0.0,0.0,0.02787354553923805,0.5917729835229564,1.0,0.0,1
cao,febre,0.2635834824654466,0.0,0.13131436748616748,0.16337155635671097,0.35014986414185273,0.13333333333333333,1
coelho,letargia,0.0,0.0,0.05343425960679401,0.5098828072788804,1.0,0.0,1
cao,saudavel,0.0,0.0,0.03604427090564884,0.000992552650710632,0.28011989131348214,0.0,0
ave,febre,0.34928645448123063,0.0,0.07663373114022172,0.1944525654628818,0.0,0.0,1
coelho,saudavel,0.0,0.0,0.03836784251884425,0.0015372582289553405,0.0,0.0,0
bovino,saudavel,0.0,0.0,0.03292853923806006,0.0,0.08478671900833454,0.0,0
gato,saudavel,0.0,0.0,0.014816798118785583,0.0,0.0,0.0,0
bovino,saudavel,0.0,0.0,0.03554383582220868,0.0,0.29675351652917087,0.0,0
coelho,saudavel,0.0,0.0,0.04437718750185189,0.0,0.0,0.0,0
cao,hipotermia_choque,0.40641253262584565,0.0,0.22200073788427563,0.8683677435445953,0.0,0.0,1
gato,taquicardia_repouso,0.0,1.0,0.05021760776560574,0.7555161416342913,0.0,1.0,1
gato,hipotermia_choque,1.0,0.0,0.13732734303971064,0.871217373024133,0.0,0.0,1
coelho,letargia,0.0,0.0,0.04411683523325478,0.5096264484033848,1.0,0.0,1
gato,taquicardia_repouso,0.0,1.0,0.028719615533780638,0.7463572407565391,0.0,1.0,1
coelho,febre,0.2511361452985643,0.0,0.1364462212132819,0.19443075480161742,0.6896551724137931,0.06666666666666667,1
cao,atividade_intensa,0.0,0.4029417691625228,0.05759731436761404,0.0,0.0,0.0,0
ave,taquicardia_repouso,0.0,1.0,0.04726587313150564,0.7975142925593947,0.0,1.0,1
gato,saudavel,0.0,0.0,0.02170096757189729,0.0021332663824192855,0.0,0.0,0
bovino,saudavel,0.0,0.0,0.031844299937406104,0.00820953568371452,0.16957343801666908,0.0,0
coelho,saudavel,0.0,0.0,0.04066998448693623,0.0016085569332885408,0.0,0.0,0
ave,saudavel,0.0,0.0,0.022191869646718196,0.0025152789002623743,0.0,0.0,0
gato,febre,0.28638230579555035,0.0,0.069330468217732,0.14726268942651966,0.9195402298850575,0.03333333333333333,1
coelho,atividade_intensa,0.0,0.34602439146607344,0.059811242705133744,0.0,0.0,0.0,0
cao,letargia,0.0,0.0,0.057469261650198014,0.36919769861817664,0.6302697554553349,0.0,1
gato,saudavel,0.0,0.0,0.0167415288294647,0.0,0.0,0.0,0
coelho,taquicardia_repouso,0.0,0.8266078212398935,0.04198085683704373,0.7933499089730424,0.0,1.0,1
gato,atividade_intensa,0.0,0.5574078072067103,0.06316270808709652,0.0,0.0,0.0,0
cao,saudavel,0.0,0.0,0.054777630975036566,0.019851688797212552,0.35014986414185273,0.0,0
coelho,saudavel,0.0,0.0,0.04021026661860841,0.0,0.0,0.0,0
coelho,saudavel,0.0,0.0,0.04590478531814215,0.0,0.0,0.0,0
gato,letargia,0.0,0.0,0.02826736181878155,0.5054268237531032,1.0,0.0,1
gato,taquicardia_repouso,0.0,1.0,0.052144817648604125,0.7906248503304996,0.0,1.0,1
ave,saudavel,0.0,0.0,0.023842746993208288,0.000697049690835283,0.0,0.0,0
bovino,febre,0.5592392824408232,0.0,0.1036638682972736,0.22036391730654248,0.0,0.1,1
coelho,hipotermia_choque,0.9706204199733197,0.0,0.24362064669426936,0.8850094034500992,0.0,0.0,1
ave,atividade_intensa,0.0,0.6180130003902331,0.06758185835724231,0.0,0.0,0.0,0
coelho,hipotermia_choque,0.5005522993699856,0.0,0.3063734184459415,0.9117477616789996,0.0,0.0,1
coelho,saudavel,0.0,0.0,0.04159098508140695,0.001099172672937021,0.0,0.0,0
cao,hipotermia_choque,0.8534246443420124,0.0,0.29553025625960927,0.8716715897086369,0.0,0.0,1
gato,atividade_intensa,0.0,0.500060407212763,0.055967444799575376,0.0,0.0,0.0,0
bovino,febre,0.44670188413413325,0.0,0.10217649954414065,0.10843756372425173,0.2543601570250036,0.1,1
gato,febre,0.5023411177806842,0.0,0.05954383001818526,0.10317703259919575,0.45977011494252873,0.0,1
ave,saudavel,0.0,0.0,0.02409433609529744,0.0354022783704484,0.0,0.0,0
ave,saudavel,0.0,0.0,0.025687481358044672,0.05014376828485312,0.0,0.0,0
cao,taquicardia_repouso,0.0,0.8668872134622247,0.0434842189472861,0.6893082991251012,0.0,1.0,1
cao,taquicardia_repouso,0.0,0.8800630185455014,0.042984477581775725,0.7695397714250793,0.0,1.0,1
cao,saudavel,0.0,0.0,0.035412536578769714,0.002362834752062337,0.14005994565674107,0.0,0
bovino,taquicardia_repouso,0.0,1.0,0.043247824943080666,0.658985088529624,0.0,1.0,1
gato,saudavel,0.0,0.0,0.018963576916788086,0.09018645742727327,0.0,0.0,0
coelho,febre,0.13672724773860523,0.0,0.1501015484953647,0.11872030788290877,0.0,0.06666666666666667,1
ave,saudavel,0.0,0.0,0.025242374953327224,0.011329368504357062,0.0,0.0,0
coelho,saudavel,0.0,0.0,0.04060194572348756,0.0,0.0,0.0,0
cao,atividade_intensa,0.0,0.40397771022313544,0.044610651934436994,0.0,0.0,0.0,0
coelho,febre,0.5070138878092127,0.0,0.13583142043430818,0.22468786892986659,0.0,0.03333333333333333,1
bovino,saudavel,0.0,0.0,0.03456835021287497,0.04748632731085889,0.16957343801666908,0.0,0
bovino,taquicardia_repouso,0.0,1.0,0.052893357008801004,0.7018014690224118,0.0,1.0,1
cao,saudavel,0.0,0.0,0.0417935123318292,0.0,0.21008991848511163,0.0,0
ave,febre,0.14718891631715536,0.0,0.08754380435891683,0.12240321688196476,0.0,0.0,1
ave,taquicardia_repouso,0.0,1.0,0.05447857069349075,0.8373507274194725,0.0,1.0,1
ave,letargia,0.0,0.0,0.015574344398361677,0.6033375052559165,1.0,0.0,1
ave,saudavel,0.0,0.0,0.02141227650183799,0.0,0.0,0.0,0
ave,saudavel,0.0,0.0,0.024664648809723428,0.014760945376835144,0.0,0.0,0
cao,taquicardia_repouso,0.0,0.8609253514643327,0.042322596012034835,0.7520270593715885,0.0,1.0,1
coelho,letargia,0.0,0.0,0.06147420383936938,0.4854626699024178,1.0,0.0,1
coelho,febre,0.8114848738186804,0.0,0.14174261295524587,0.11230878248646325,0.0,0.03333333333333333,1
bovino,saudavel,0.0,0.0,0.035254443636861,0.05882509381684431,0.16957343801666908,0.0,0
ave,febre,0.4351550509946236,0.0,0.07861593838550607,0.1767589203536971,0.0,0.0,1
bovino,taquicardia_repouso,0.0,1.0,0.05507152244627034,0.6933219256023593,0.0,1.0,1
ave,saudavel,0.0,0.0,0.02356113472723154,0.0,0.0,0.0,0
bovino,febre,0.5026956353410508,0.0,0.08868518174463853,0.25344050045213573,0.08478671900833454,0.03333333333333333,1
coelho,taquicardia_repouso,0.0,0.7818909662462392,0.04639475158472736,0.7379968146249203,0.0,1.0,1
coelho,saudavel,0.0,0.0,0.039147875582167174,0.0,0.0,0.0,0
gato,taquicardia_repouso,0.0,1.0,0.036155057419046184,0.7263346105180364,0.0,1.0,1
ave,saudavel,0.0,0.0,0.02610638475078896,0.04246829868973079,0.0,0.0,0
bovino,letargia,0.0,0.0,0.03677845341248023,0.21069764270858427,0.29675351652917087,0.0,1
cao,taquicardia_repouso,0.0,0.8652438282419843,0.039331789872585676,0.7834187117005069,0.0,1.0,1
coelho,hipotermia_choque,0.43029832576088256,0.0,0.2225036382424831,0.9243976273753287,0.0,0.0,1
bovino,saudavel,0.0,0.0,0.03767922128416858,0.0,0.1271800785125018,0.0,0
coelho,saudavel,0.0,0.0,0.033744660303167556,0.008507695781616031,0.0,0.0,0
ave,febre,0.20477336901901566,0.0,0.05997868134985522,0.10003651214601572,0.0,0.0,1
coelho,letargia,0.0,0.0,0.05272142228366442,0.48973859438496736,1.0,0.0,1
coelho,saudavel,0.0,0.0,0.04429374166623938,0.0,0.0,0.0,0
gato,saudavel,0.0,0.0,0.02221825695498217,0.0,0.22988505747126436,0.0,0
cao,taquicardia_repouso,0.0,0.9095671030146051,0.04578954043662989,0.7437733937877808,0.0,1.0,1
ave,letargia,0.0,0.0,0.02926032209051282,0.5611444661582407,1.0,0.0,1
gato,saudavel,0.0,0.0,0.024526425161408873,0.0,0.0,0.0,0
cao,saudavel,0.0,0.0,0.03317991423624899,0.0,0.07002997282837053,0.0,0
cao,febre,0.6637186973714428,0.0,0.09522976940249665,0.1279750007441519,0.42017983697022326,0.0,1
coelho,saudavel,0.0,0.0,0.03956720779211267,0.0,0.0,0.0,0
gato,saudavel,0.0,0.0,0.021108211256427027,0.0,0.0,0.0,0
ave,saudavel,0.0,0.0,0.022598456680913714,0.011245831440206522,0.0,0.0,0
coelho,saudavel,0.0,0.0,0.05131749884375522,0.005192122648303155,0.0,0.0,0
cao,letargia,0.0,0.0,0.04564589665552122,0.313720170428474,0.6302697554553349,0.0,1
bovino,febre,0.5042201393527155,0.0,0.10247329804438762,0.12061999737766271,0.08478671900833454,0.1,1
ave,saudavel,0.0,0.0,0.028215448117085002,0.04407018150447195,0.0,0.0,0
bovino,saudavel,0.0,0.0,0.029772854496763018,0.0,0.04239335950416727,0.0,0
coelho,saudavel,0.0,0.0,0.03790488484643666,0.06489290799767533,0.0,0.0,0
bovino,saudavel,0.0,0.0,0.029396657068003425,0.0,0.16957343801666908,0.0,0
ave,saudavel,0.0,0.0,0.022788656168068078,0.009601648810324881,0.0,0.0,0
cao,hipotermia_choque,0.4275363147477609,0.0,0.2290685990890994,0.8716465037514831,0.0,0.0,1
coelho,taquicardia_repouso,0.0,0.8279775563852565,0.04590174271477407,0.7982356344521897,0.0,1.0,1
ave,febre,0.024338409066217537,0.0,0.07417037136303305,0.15325192157019962,0.0,0.0,1
ave,taquicardia_repouso,0.0,1.0,0.04716809380599061,0.8422185715098716,0.0,1.0,1
bovino,febre,0.0766719310823778,0.0,0.08381746356055395,0.11921020210771394,0.29675351652917087,0.03333333333333333,1
cao,atividade_intensa,0.0,0.38921414648299835,0.07172095488811726,0.0,0.0,0.0,0
coelho,letargia,0.0,0.0,0.04939331104204565,0.52904793260688,1.0,0.0,1
gato,saudavel,0.0,0.0,0.019728966549107753,0.03469050301240517,0.0,0.0,0
bovino,atividade_intensa,0.0,0.4080269458178498,0.04921004556001054,0.0,0.0,0.0,0
cao,saudavel,0.0,0.0,0.0425710815452302,0.04077239557306689,0.07002997282837053,0.0,0
ave,saudavel,0.0,0.0,0.02265588047230048,0.0,0.0,0.0,0
coelho,febre,0.5404255570477499,0.0,0.1459557322546764,0.18235807174880814,0.45977011494252873,0.0,1
cao,saudavel,0.0,0.0,0.02852669937714622,0.013102466697435533,0.21008991848511163,0.0,0
cao,febre,0.2219757012541459,0.0,0.11964468267361424,0.08989608360789025,0.42017983697022326,0.06666666666666667,1
gato,taquicardia_repouso,0.0,1.0,0.05082520106982237,0.7933386812137821,0.0,1.0,1
bovino,saudavel,0.0,0.0,0.037038850435240106,0.07693392187780057,0.2543601570250036,0.0,0
cao,saudavel,0.0,0.0,0.04250415209795049,0.020792860201433117,0.0,0.0,0
cao,letargia,0.0,0.0,0.04057857530568657,0.41493826401659695,0.7002997282837055,0.0,1
gato,saudavel,0.0,0.0,0.018005715138941315,0.0,0.0,0.0,0
cao,letargia,0.0,0.0,0.049714834865813025,0.4023716934291681,0.5602397826269643,0.0,1
coelho,febre,0.7457569412187581,0.0,0.11561001391152552,0.12584666715995085,0.0,0.0,1
ave,letargia,0.0,0.0,0.022805370303365817,0.6032303330141011,1.0,0.0,1
bovino,letargia,0.0,0.0,0.031179532580975063,0.31392037237804293,0.33914687603333815,0.0,1
bovino,taquicardia_repouso,0.0,1.0,0.050106991781950494,0.6337706994410496,0.0,1.0,1
cao,saudavel,0.0,0.0,0.04330020685256108,0.004519809534617392,0.07002997282837053,0.0,0
gato,atividade_intensa,0.0,0.5964693671457453,0.05731664033547226,0.0,0.0,0.0,0
ave,taquicardia_repouso,0.0,1.0,0.03866962237027483,0.7893424199887623,0.0,1.0,1
ave,letargia,0.0,0.0,0.0320448807349404,0.5702896660423367,1.0,0.0,1
ave,hipotermia_choque,0.15772989466913145,0.0,0.16571788621534256,0.891028797430949,0.0,0.0,1
ave,febre,0.345438199753481,0.0,0.07873136538782892,0.1407252171564758,0.0,0.0,1
coelho,saudavel,0.0,0.0,0.04726444770331819,0.0,0.0,0.0,0
ave,letargia,0.0,0.0,0.02511958169992279,0.5737536405931029,1.0,0.0,1
ave,febre,0.001953546204269685,0.0,0.0883967468383478,0.13131551353635829,0.0,0.03333333333333333,1
coelho,taquicardia_repouso,0.0,0.8342810412783546,0.05450868388797195,0.7890676363660387,0.0,1.0,1
gato,febre,1.0,0.0,0.07978523608127092,0.12389108563711304,0.22988505747126436,0.03333333333333333,1
bovino,atividade_intensa,0.0,0.4113464850356763,0.06189448548012223,0.0,0.0,0.0,0
cao,saudavel,0.0,0.0,0.02831912808327557,0.028423670191333517,0.35014986414185273,0.0,0
cao,letargia,0.0,0.0,0.043471923117366064,0.34980794128606885,0.6302697554553349,0.0,1
bovino,febre,0.5458575106657879,0.0,0.1011857309049884,0.16207478435244027,0.1271800785125018,0.23333333333333334,1
cao,taquicardia_repouso,0.0,0.8593762924678394,0.03283981428015831,0.7041985398768713,0.0,1.0,1
bovino,febre,0.609941051521351,0.0,0.10116517766679135,0.18390362104368074,0.16957343801666908,0.1,1
bovino,letargia,0.0,0.0,0.04303367706435118,0.22958950353537544,0.38154023553750543,0.0,1
ave,saudavel,0.0,0.0,0.0201368476736628,0.0,0.0,0.0,0
coelho,letargia,0.0,0.0,0.04024499916252561,0.4981288090005286,1.0,0.0,1
cao,hipotermia_choque,0.5959953562475802,0.0,0.2992525693694055,0.8713532268398066,0.0,0.0,1
ave,hipotermia_choque,0.07975512251504568,0.16019262625572495,0.2048302210433837,0.904406475110361,0.0,0.0,1
gato,atividade_intensa,0.0,0.6156507302990839,0.0409618122315999,0.0,0.0,0.0,0
bovino,letargia,0.0,0.0,0.02708761115947492,0.22902854118702654,0.33914687603333815,0.0,1
coelho,saudavel,0.0,0.0,0.043756692831827156,0.02733802432448318,0.0,0.0,0
ave,saudavel,0.0,0.0,0.02010947143036876,0.015078796837080022,0.0,0.0,0
bovino,taquicardia_repouso,0.0,1.0,0.05235539397935453,0.6843246088642332,0.0,1.0,1
cao,saudavel,0.0,0.0,0.03412158374570564,0.0,0.21008991848511163,0.0,0
coelho,saudavel,0.0,0.0,0.03895644234999458,0.0,0.0,0.0,0
gato,saudavel,0.0,0.0,0.021209904860305193,0.0,0.45977011494252873,0.0,0
gato,saudavel,0.0,0.0,0.020711981534456046,0.08475466051838954,0.6896551724137931,0.0,0
bovino,saudavel,0.0,0.0,0.032208811093047386,0.0,0.16957343801666908,0.0,0
cao,taquicardia_repouso,0.0,0.9187383830524518,0.04863941250409963,0.7204187327877466,0.0,1.0,1
ave,saudavel,0.0,0.0,0.01928360828562973,0.0009242560422794144,0.0,0.0,0
bovino,saudavel,0.0,0.0,0.029408294391685665,0.058178563722660726,0.08478671900833454,0.0,0
coelho,saudavel,0.0,0.0,0.04052542489164321,0.0,0.0,0.0,0
coelho,saudavel,0.0,0.0,0.044004862524239345,0.005877995670040548,0.0,0.0,0
coelho,febre,0.588757472936436,0.0,0.1274990305934617,0.16745293828607022,0.0,0.03333333333333333,1
ave,saudavel,0.0,0.0,0.028451127351641438,0.0,0.0,0.0,0
coelho,saudavel,0.0,0.0,0.04598985860500979,0.03732801846888634,0.0,0.0,0
ave,febre,0.26844702820926614,0.0,0.08445722381367193,0.18383225357911281,0.0,0.06666666666666667,1
coelho,letargia,0.0,0.0,0.04579082469397654,0.5085852456605298,1.0,0.0,1
bovino,taquicardia_repouso,0.0,1.0,0.04531809917901163,0.6387745893693166,0.0,1.0,1
ave,taquicardia_repouso,0.0,1.0,0.03586672775803288,0.8103677747941775,0.0,1.0,1
cao,atividade_intensa,0.0,0.3169565321131862,0.041618351788784265,0.0,0.0,0.0,0
bovino,saudavel,0.0,0.0,0.027280662074334355,0.11806399251568311,0.21196679752083636,0.0,0
coelho,saudavel,0.0,0.0,0.04035970877809616,0.0,0.0,0.0,0
ave,atividade_intensa,0.0,0.5219924186537295,0.06373917269221138,0.0,0.0,0.0,0
cao,saudavel,0.0,0.0,0.03868679653818619,0.0,0.07002997282837053,0.0,0
gato,febre,0.5197986428671073,0.0,0.06930523762475842,0.16360407012372946,0.45977011494252873,0.03333333333333333,1
gato,saudavel,0.0,0.0,0.021009025943267413,0.03565575277586286,0.0,0.0,0
bovino,saudavel,0.0,0.0,0.03559342081506271,0.0,0.16957343801666908,0.0,0
ave,saudavel,0.0,0.0,0.024031985836098106,0.0,0.0,0.0,0
cao,saudavel,0.0,0.0,0.03846960405579094,0.0,0.07002997282837053,0.0,0
bovino,letargia,0.0,0.0,0.040340910045805624,0.21369205560547155,0.38154023553750543,0.0,1
bovino,letargia,0.0,0.0,0.03452687318199732,0.2720609101359288,0.38154023553750543,0.0,1
bovino,saudavel,0.0,0.0,0.03535040907454138,0.0019584689954434964,0.16957343801666908,0.0,0
bovino,febre,0.6422074497157932,0.0,0.11381812417206294,0.1363101743743862,0.08478671900833454,0.06666666666666667,1
cao,saudavel,0.0,0.0,0.042866543574405544,0.0,0.0,0.0,0
gato,atividade_intensa,0.0,0.5423344995157713,0.05907101584487495,0.0,0.0,0.0,0
gato,atividade_intensa,0.0,0.43542943462167827,0.05143795338443709,0.0,0.0,0.0,0
gato,saudavel,0.0,0.0,0.020213961149762098,0.0,0.0,0.0,0
gato,saudavel,0.0,0.0,0.0228586075393696,0.0,0.0,0.0,0
gato,hipotermia_choque,1.0,0.0,0.1822397982707655,0.9086973187077789,0.0,0.0,1
bovino,saudavel,0.0,0.0,0.03685215931104388,0.06346844666983198,0.2543601570250036,0.0,0
bovino,hipotermia_choque,0.3303077919053312,0.0,0.21087378936736345,0.8336634541725242,0.0,0.0,1
coelho,atividade_intensa,0.0,0.3648176401379901,0.04464766369925925,0.0,0.0,0.0,0
ave,taquicardia_repouso,0.0,1.0,0.039637138839032644,0.862195082297057,0.0,1.0,1
gato,taquicardia_repouso,0.0,1.0,0.045805304007635654,0.7996739870699748,0.0,1.0,1
ave,letargia,0.0,0.0,0.01954726555513831,0.6100860774212709,1.0,0.0,1
bovino,saudavel,0.0,0.0,0.02995074249141844,0.04724843581293825,0.1271800785125018,0.0,0
gato,letargia,0.0,0.0,0.02622556943540403,0.43871710190162827,1.0,0.0,1
cao,saudavel,0.0,0.0,0.04525081176445424,0.0408629217446177,0.21008991848511163,0.0,0
coelho,letargia,0.0,0.0,0.0464870416393352,0.5345614309637419,1.0,0.0,1
gato,taquicardia_repouso,0.0,1.0,0.047098189677608586,0.7777912595928229,0.0,1.0,1
gato,atividade_intensa,0.0,0.5908201343906057,0.05838786989803776,0.0,0.0,0.0,0
ave,saudavel,0.0,0.0,0.02081307769960235,0.023386918578102933,0.0,0.0,0
gato,saudavel,0.0,0.0,0.02355901375080701,0.0,0.22988505747126436,0.0,0
bovino,febre,0.5692808100973064,0.0,0.09899563515543873,0.06182453205712035,0.21196679752083636,0.03333333333333333,1
cao,atividade_intensa,0.0,0.31225667753392794,0.057042790596707575,0.0,0.0,0.0,0
cao,saudavel,0.0,0.0,0.03347942971304176,0.0,0.0,0.0,0
gato,taquicardia_repouso,0.0,1.0,0.04510088664626734,0.7792121729462617,0.0,1.0,1
coelho,saudavel,0.0,0.0,0.04766629918179279,0.03284632917034003,0.0,0.0,0
bovino,saudavel,0.0,0.0,0.023508111351037978,0.010568345801504675,0.16957343801666908,0.0,0
coelho,saudavel,0.0,0.0,0.04024225488867769,0.041240379945215455,0.0,0.0,0
ave,febre,0.0,0.0,0.07290868718087688,0.12851498840802844,0.0,0.0,1
cao,febre,0.0,0.0,0.0984793683366679,0.15274747203818861,0.21008991848511163,0.03333333333333333,1
bovino,febre,0.4719738902449535,0.0,0.0996431191286204,0.1752020104401013,0.08478671900833454,0.06666666666666667,1
gato,taquicardia_repouso,0.0,1.0,0.0452156985310722,0.7684431844367301,0.0,1.0,1
cao,hipotermia_choque,0.7148114133084529,0.0,0.24535880405931476,0.8754392771502181,0.0,0.0,1
bovino,febre,0.26811449020737155,0.0,0.11316426607347617,0.05323766868450286,0.21196679752083636,0.2,1
gato,saudavel,0.0,0.0,0.01935984897032143,0.04089437661376749,0.0,0.0,0
coelho,saudavel,0.0,0.0,0.029016085313725216,0.0,0.0,0.0,0
ave,hipotermia_choque,0.4423168273759046,0.23847311254025305,0.255612281863131,0.9186274301903745,0.0,0.0,1
ave,saudavel,0.0,0.0,0.01987962473600692,0.0,0.0,0.0,0
gato,saudavel,0.0,0.0,0.024486195567407654,0.08414360110997376,0.45977011494252873,0.0,0
ave,saudavel,0.0,0.0,0.020492857409318634,0.06073937843067723,0.0,0.0,0
cao,hipotermia_choque,0.10128214571335858,0.0,0.2668117929706393,0.8604428824943477,0.0,0.0,1
coelho,saudavel,0.0,0.0,0.03317219874966863,0.02105750492972336,0.0,0.0,0
ave,taquicardia_repouso,0.0,1.0,0.05028332782668833,0.8024404706575162,0.0,1.0,1
bovino,febre,0.7146293127356198,0.0,0.09651485666942732,0.15851739098907092,0.16957343801666908,0.06666666666666667,1
ave,hipotermia_choque,0.49051578775380733,0.17299866894116955,0.2376264469507877,0.9083742918144142,0.0,0.0,1
gato,saudavel,0.0,0.0,0.022879088420623223,0.04625747827208626,0.0,0.0,0
bovino,febre,0.19514981950719812,0.0,0.09096116571633953,0.09857117211048971,0.16957343801666908,0.06666666666666667,1
ave,letargia,0.0,0.0,0.02419967329119548,0.5417652710253265,1.0,0.0,1
bovino,saudavel,0.0,0.0,0.03689286648145484,0.0,0.2543601570250036,0.0,0
cao,febre,0.5478265020686433,0.0,0.1288677070095921,0.0,0.28011989131348214,0.0,1
coelho,saudavel,0.0,0.0,0.045708214693216585,0.0034134487494368315,0.0,0.0,0
gato,taquicardia_repouso,0.0,1.0,0.05990477233175176,0.7317725037674199,0.0,1.0,1
bovino,atividade_intensa,0.0,0.4433648193460775,0.0631134510704069,0.0,0.0,0.0,0
bovino,saudavel,0.0,0.0,0.03065371696963472,0.0,0.16957343801666908,0.0,0
cao,saudavel,0.0,0.0,0.03539296123911378,0.04928802473401939,0.0,0.0,0
gato,hipotermia_choque,0.9956862300636118,0.25576318436004897,0.21523472868599752,0.8647351773042159,0.0,0.0,1
coelho,saudavel,0.0,0.0,0.03781639337956824,0.0,0.0,0.0,0
cao,hipotermia_choque,0.5707227246374194,0.0,0.30062375057691276,0.8795701717923924,0.0,0.0,1
coelho,saudavel,0.0,0.0,0.03848325583728362,0.0,0.0,0.0,0
bovino,febre,0.7467817385985616,0.0,0.08543786136670786,0.17846505485797326,0.08478671900833454,0.0,1
gato,letargia,0.0,0.0,0.028026062388875728,0.5263390025711916,1.0,0.0,1
coelho,taquicardia_repouso,0.0,0.7990237460025886,0.059077353347035864,0.7931037940807438,0.0,1.0,1
cao,saudavel,0.0,0.0,0.04037105679078048,0.0,0.28011989131348214,0.0,0
gato,atividade_intensa,0.0,0.6717093051941396,0.0547128661457708,0.0,0.0,0.0,0
gato,letargia,0.0,0.0,0.029967024010616905,0.4459257658752871,1.0,0.0,1
gato,hipotermia_choque,1.0,0.07634203264971551,0.1885623956804732,0.8620390488976347,0.0,0.0,1
coelho,atividade_intensa,0.0,0.3717662469966061,0.04893748712922865,0.0,0.0,0.0,0
ave,taquicardia_repouso,0.0,1.0,0.05837287669334223,0.8346848887106445,0.0,1.0,1
cao,saudavel,0.0,0.0,0.03812124528812219,0.0,0.28011989131348214,0.0,0
gato,saudavel,0.0,0.0,0.023713698245940096,0.027476911938075,0.0,0.0,0
coelho,saudavel,0.0,0.0,0.0419401250534614,0.0,0.0,0.0,0
coelho,saudavel,0.0,0.0,0.04558652416479935,0.02045014586716809,0.0,0.0,0
gato,saudavel,0.0,0.0,0.020168753258443306,0.027644296443412153,0.0,0.0,0
gato,saudavel,0.0,0.0,0.023355894937300645,0.05756627104196965,0.0,0.0,0
bovino,hipotermia_choque,0.3659235774704068,0.0,0.2605388677601306,0.8413038556397678,0.0,0.0,1
coelho,saudavel,0.0,0.0,0.0448053535199152,0.0,0.0,0.0,0
ave,letargia,0.0,0.0,0.02310245159064389,0.5281775026417543,1.0,0.0,1
coelho,taquicardia_repouso,0.0,0.7779823401660695,0.048004619702369654,0.8211081094866186,0.0,1.0,1
bovino,letargia,0.0,0.0,0.03699885085264797,0.2912156859693432,0.38154023553750543,0.0,1
ave,saudavel,0.0,0.0,0.023553571998930087,0.0,0.0,0.0,0
bovino,saudavel,0.0,0.0,0.03379839767402118,0.0,0.1271800785125018,0.0,0
coelho,saudavel,0.0,0.0,0.035448668612605795,0.02059536935555739,0.0,0.0,0
ave,febre,0.0,0.0,0.057136319016271045,0.12931374563978437,0.0,0.0,1
coelho,saudavel,0.0,0.0,0.05063013177120671,0.05698642420164346,0.0,0.0,0
coelho,hipotermia_choque,1.0,0.0,0.2891140188435256,0.8898876729369889,0.0,0.0,1
coelho,saudavel,0.0,0.0,0.0438788541675959,0.001553264184891101,0.0,0.0,0
gato,letargia,0.0,0.0,0.023162707253147757,0.4472009152233062,1.0,0.0,1
coelho,saudavel,0.0,0.0,0.03698930493741173,0.01890003082037195,0.0,0.0,0
bovino,saudavel,0.0,0.0,0.03492499213915011,0.0019785065837043536,0.2543601570250036,0.0,0
cao,saudavel,0.0,0.0,0.03564161904648142,0.0030782733179418598,0.14005994565674107,0.0,0
coelho,saudavel,0.0,0.0,0.043963328547648506,0.0,0.0,0.0,0
coelho,febre,0.49026774514082194,0.0,0.1303979413009937,0.13575740367602163,0.45977011494252873,0.06666666666666667,1
cao,taquicardia_repouso,0.0,0.9029661753497629,0.039163543801390734,0.6991979341146746,0.0,1.0,1
cao,taquicardia_repouso,0.0,0.9478494437573268,0.04355502964728506,0.7058079296836326,0.0,1.0,1
cao,saudavel,0.0,0.0,0.03285712919990875,0.0,0.14005994565674107,0.0,0
bovino,saudavel,0.0,0.0,0.0309540211160024,0.03073745795507632,0.21196679752083636,0.0,0
coelho,saudavel,0.0,0.0,0.053011444835137936,0.0,0.0,0.0,0
bovino,saudavel,0.0,0.0,0.030541693332084424,0.05293183042152627,0.21196679752083636,0.0,0
ave,saudavel,0.0,0.0,0.02409977815075983,0.07144261138393515,0.0,0.0,0
ave,saudavel,0.0,0.0,0.02025270743266268,0.0,0.0,0.0,0
ave,saudavel,0.0,0.0,0.02483097482654446,0.0774269800398163,0.0,0.0,0
coelho,letargia,0.0,0.0,0.035352730628355915,0.5796455954727823,1.0,0.0,1
cao,atividade_intensa,0.0,0.3665179509353067,0.04882760036836264,0.0,0.0,0.0,0
cao,letargia,0.0,0.0,0.046939040164803464,0.4454888924533038,0.5602397826269643,0.0,1
gato,saudavel,0.0,0.0,0.027899731356900864,0.0,0.0,0.0,0
gato,saudavel,0.0,0.0,0.021343355185915954,0.012251020257834755,0.0,0.0,0
ave,taquicardia_repouso,0.0,1.0,0.04148373249224356,0.7978390718349979,0.0,1.0,1
coelho,letargia,0.0,0.0,0.05262481500951602,0.4994295968946054,1.0,0.0,1
cao,saudavel,0.0,0.0,0.047724419629727434,0.0,0.21008991848511163,0.0,0
bovino,letargia,0.0,0.0,0.04565791893130183,0.21621218098261907,0.38154023553750543,0.0,1
bovino,letargia,0.0,0.0,0.03750072364738613,0.23077103979960778,0.38154023553750543,0.0,1
cao,saudavel,0.0,0.0,0.03395827778151152,0.0,0.42017983697022326,0.0,0
cao,saudavel,0.0,0.0,0.0385575266684491,0.029749453122001612,0.21008991848511163,0.0,0
coelho,taquicardia_repouso,0.0,0.8357700840193274,0.04229919614794256,0.7628882259675936,0.0,1.0,1
coelho,febre,0.5990637395511935,0.0,0.1186737515631145,0.11874209953673576,0.22988505747126436,0.06666666666666667,1
bovino,saudavel,0.0,0.0,0.032218659331824134,0.0,0.21196679752083636,0.0,0
ave,atividade_intensa,0.0,0.5542312197412593,0.06707083287336847,0.0,0.0,0.0,0
cao,letargia,0.0,0.0,0.05321135699075689,0.3383816348124572,0.6302697554553349,0.0,1
coelho,saudavel,0.0,0.0,0.039767708573759636,0.046249132097973655,0.0,0.0,0
bovino,saudavel,0.0,0.0,0.024048127532630227,0.0,0.1271800785125018,0.0,0
ave,saudavel,0.0,0.0,0.019406912841657433,0.05224022486201452,0.0,0.0,0
cao,letargia,0.0,0.0,0.0476272475387372,0.4174287630984618,0.5602397826269643,0.0,1
gato,hipotermia_choque,0.7529424861483711,0.08894422344923791,0.20122206677220666,0.8788302697632083,0.0,0.0,1
cao,febre,0.2003532484559063,0.0,0.13444105922595226,0.18783256633262424,0.35014986414185273,0.1,1
cao,letargia,0.0,0.0,0.03613658945343868,0.35500862857481685,0.7002997282837055,0.0,1
bovino,taquicardia_repouso,0.0,0.9950489805486,0.03929736319913412,0.620552237128001,0.0,1.0,1
coelho,febre,0.6196099082089954,0.0,0.11295842579100582,0.11469913004942278,0.0,0.0,1
coelho,saudavel,0.0,0.0,0.048225334073382316,0.04999379881524035,0.0,0.0,0
cao,taquicardia_repouso,0.0,0.841459010865669,0.03834317869509366,0.7779969660472735,0.0,1.0,1
bovino,saudavel,0.0,0.0,0.02858484724137258,0.09627021730753738,0.16957343801666908,0.0,0
cao,saudavel,0.0,0.0,0.048244604053541244,0.0,0.07002997282837053,0.0,0
cao,taquicardia_repouso,0.0,0.8844448969681138,0.05370424925385736,0.7265330395485294,0.0,1.0,1
ave,hipotermia_choque,0.2752647398629975,0.035761530539060615,0.18988994326042688,0.903961420476039,0.0,0.0,1
ave,taquicardia_repouso,0.0,1.0,0.040751211072711374,0.8069424343104805,0.0,1.0,1
ave,taquicardia_repouso,0.0,1.0,0.041279479352492175,0.8248188847689204,0.0,1.0,1
gato,febre,0.9145731930115135,0.0,0.061568047655227075,0.09408490502166011,0.9195402298850575,0.0,1
cao,taquicardia_repouso,0.0,0.892356186537056,0.052334156012315634,0.7417246311206975,0.0,1.0,1
coelho,taquicardia_repouso,0.0,0.8511143547276858,0.04380404004643422,0.7985567106904699,0.0,1.0,1
cao,taquicardia_repouso,0.0,0.8939164501516479,0.040012013704084956,0.7430838508211584,0.0,1.0,1
cao,taquicardia_repouso,0.0,0.8234339127082038,0.051798529421844965,0.698322199913116,0.0,1.0,1
coelho,letargia,0.0,0.0,0.054423706413414444,0.5671344428394547,1.0,0.0,1
gato,saudavel,0.0,0.0,0.019996386965329918,0.0,0.0,0.0,0
ave,hipotermia_choque,0.03608270561650073,0.0,0.16697227348505556,0.8972325925173968,0.0,0.0,1
coelho,febre,0.4074188458209089,0.0,0.12523287119698415,0.16093700023171909,0.0,0.03333333333333333,1
cao,saudavel,0.0,0.0,0.047941650280995035,0.06156983571181085,0.14005994565674107,0.0,0
bovino,letargia,0.0,0.0,0.03606372075691205,0.21256705550240296,0.4663269545458399,0.0,1
gato,febre,1.0,0.0,0.05520205769993036,0.12281918646693135,0.22988505747126436,0.0,1
cao,saudavel,0.0,0.0,0.03227717179988633,0.0,0.0,0.0,0
coelho,taquicardia_repouso,0.0,0.8466577902027694,0.0409265469633073,0.7835797466092823,0.0,1.0,1
gato,letargia,0.0,0.0,0.02459171298220992,0.4932642824725192,1.0,0.0,1
ave,atividade_intensa,0.0,0.5151193748077063,0.05643653515406586,0.0,0.0,0.0,0
bovino,letargia,0.0,0.0,0.041059678987025096,0.23255117374814138,0.2543601570250036,0.0,1
coelho,letargia,0.0,0.0,0.04815905149659378,0.4973707344462682,1.0,0.0,1
gato,taquicardia_repouso,0.0,1.0,0.05211758780248112,0.7707947895350413,0.0,1.0,1
coelho,taquicardia_repouso,0.0,0.8587738069354933,0.04972093357186943,0.8075140002377841,0.0,1.0,1
gato,saudavel,0.0,0.0,0.01906604614651789,0.021916332924076465,0.45977011494252873,0.0,0
cao,saudavel,0.0,0.0,0.043750927545838515,0.0,0.14005994565674107,0.0,0
cao,taquicardia_repouso,0.0,0.8584795784226187,0.03909883791205678,0.7206648739511627,0.0,1.0,1
gato,saudavel,0.0,0.0,0.022477910394980868,0.0,0.0,0.0,0
bovino,saudavel,0.0,0.0,0.032364563704864874,0.0,0.21196679752083636,0.0,0
bovino,taquicardia_repouso,0.0,0.9796292851043724,0.05299635362878469,0.6440644947235694,0.0,1.0,1
cao,hipotermia_choque,0.769688026775871,0.0,0.2672296162131755,0.8634462525500924,0.0,0.0,1
coelho,letargia,0.0,0.0,0.050141621764697136,0.521983433028206,1.0,0.0,1
coelho,febre,0.13148467446557288,0.0,0.10016302147588202,0.11272229756454755,0.22988505747126436,0.0,1
gato,taquicardia_repouso,0.0,1.0,0.04244359796917276,0.763453464342966,0.0,1.0,1
coelho,saudavel,0.0,0.0,0.04298697526478607,0.0,0.0,0.0,0
ave,saudavel,0.0,0.0,0.02263070112872602,0.01977959085872194,0.0,0.0,0
bovino,taquicardia_repouso,0.0,0.9748347774986932,0.039780427600040295,0.6943757731255079,0.0,1.0,1
bovino,letargia,0.0,0.0,0.043939276728181285,0.24576788231366065,0.33914687603333815,0.0,1
ave,saudavel,0.0,0.0,0.02488812257863829,0.0,0.0,0.0,0
cao,saudavel,0.0,0.0,0.03778852583841551,0.0,0.14005994565674107,0.0,0
cao,atividade_intensa,0.0,0.4337586880088238,0.06397197024435121,0.0,0.0,0.0,0
ave,letargia,0.0,0.0,0.0285188838056785,0.5876065445717917,1.0,0.0,1
ave,saudavel,0.0,0.0,0.02384096321965978,0.020592030451105692,0.0,0.0,0
gato,saudavel,0.0,0.0,0.019697425106251058,0.0,0.0,0.0,0
cao,atividade_intensa,0.0,0.30720590206492426,0.047087717858994765,0.0,0.0,0.0,0
ave,saudavel,0.0,0.0,0.030932708644388057,0.013166134185903733,0.0,0.0,0
ave,febre,0.009297096639741653,0.0,0.06066724798050618,0.1865165553104362,0.22988505747126436,0.0,1
gato,hipotermia_choque,1.0,0.15765868632583846,0.19774635126065646,0.895046611940474,0.0,0.0,1
gato,febre,1.0,0.0,0.062499191755713474,0.10839599684085643,0.45977011494252873,0.0,1
gato,saudavel,0.0,0.0,0.024607136287423646,0.0,0.0,0.0,0
gato,saudavel,0.0,0.0,0.018681927917134605,0.0,0.0,0.0,0
bovino,saudavel,0.0,0.0,0.03159765714797115,0.0,0.1271800785125018,0.0,0
bovino,taquicardia_repouso,0.0,0.9504054892022971,0.042006735143647625,0.7028182525438672,0.0,1.0,1
coelho,letargia,0.0,0.0,0.06141361617928655,0.4916191274891485,1.0,0.0,1
cao,taquicardia_repouso,0.0,0.8318910727232272,0.05815929920486425,0.741730774911848,0.0,1.0,1
coelho,atividade_intensa,0.0,0.34276376332880854,0.048360382205218384,0.0,0.0,0.0,0
bovino,saudavel,0.0,0.0,0.034848324908378546,0.0,0.16957343801666908,0.0,0
bovino,saudavel,0.0,0.0,0.03285483536210717,0.0,0.1271800785125018,0.0,0
cao,atividade_intensa,0.0,0.3396689985671144,0.06008480946910973,0.0,0.0,0.0,0
bovino,taquicardia_repouso,0.0,0.9884758113821455,0.04263767344761863,0.6930186112961444,0.0,1.0,1
bovino,taquicardia_repouso,0.0,1.0,0.04626078742744769,0.6706537186514805,0.0,1.0,1
bovino,saudavel,0.0,0.0,0.030482793946986154,0.0,0.2543601570250036,0.0,0
gato,febre,0.9599696666298598,0.0,0.06118177310691449,0.1892500371127983,0.45977011494252873,0.0,1
cao,febre,0.5524221728077545,0.0,0.12038170658687593,0.1696971412675793,0.28011989131348214,0.03333333333333333,1
cao,taquicardia_repouso,0.0,0.8127507630322568,0.04351660750756014,0.7219435616216137,0.0,1.0,1
ave,hipotermia_choque,0.532418028435913,0.0,0.182756486281172,0.9140584939405092,0.0,0.0,1
cao,letargia,0.0,0.0,0.04078039809304482,0.42908182140213924,0.6302697554553349,0.0,1
coelho,saudavel,0.0,0.0,0.03902819650885107,0.003504024450671328,0.0,0.0,0
coelho,febre,0.4499065673977991,0.0,0.09239420682473239,0.142459228458098,0.0,0.0,1
bovino,saudavel,0.0,0.0,0.037949213372952,0.0,0.29675351652917087,0.0,0
bovino,letargia,0.0,0.0,0.03235974184669607,0.18838581192934456,0.38154023553750543,0.0,1
bovino,saudavel,0.0,0.0,0.03409693868976846,0.0,0.21196679752083636,0.0,0
bovino,saudavel,0.0,0.0,0.024986036982545017,0.06107477783640003,0.38154023553750543,0.0,0
cao,saudavel,0.0,0.0,0.03843574068796261,0.0,0.14005994565674107,0.0,0
cao,saudavel,0.0,0.0,0.03852746183801688,0.0,0.14005994565674107,0.0,0
cao,letargia,0.0,0.0,0.04591001802111143,0.37931675389687547,0.6302697554553349,0.0,1
coelho,febre,0.6163925586253072,0.0,0.10539911021156931,0.17816992676259646,0.0,0.0,1
gato,saudavel,0.0,0.0,0.01940687755728257,0.03164594632001261,0.22988505747126436,0.0,0
ave,saudavel,0.0,0.0,0.02543906753124936,0.020661129014047486,0.0,0.0,0
bovino,saudavel,0.0,0.0,0.032102464086044204,0.013477562849750768,0.16957343801666908,0.0,0
coelho,febre,0.7803476062144721,0.0,0.12143033568934913,0.11627924015423641,0.0,0.0,1
ave,letargia,0.0,0.0,0.035140084220240626,0.5696227364854214,1.0,0.0,1
coelho,hipotermia_choque,0.3472586427661213,0.0,0.2210937661038589,0.8692610984874415,0.0,0.0,1
gato,saudavel,0.0,0.0,0.021832120337826028,0.005488568609766098,0.22988505747126436,0.0,0
gato,letargia,0.0,0.0,0.02225418134824297,0.49704337413129707,1.0,0.0,1
bovino,saudavel,0.0,0.0,0.027221450653353053,0.009301009627844747,0.16957343801666908,0.0,0
coelho,taquicardia_repouso,0.0,0.8528629515395638,0.03960323502975961,0.799745947309483,0.0,1.0,1
bovino,hipotermia_choque,1.0,0.0,0.24576986051807084,0.8535603308996159,0.0,0.0,1
coelho,febre,0.5374770845323364,0.0,0.14436254706863105,0.1772127259253694,0.45977011494252873,0.0,1
gato,taquicardia_repouso,0.0,1.0,0.047118191594202795,0.8015843597876446,0.0,1.0,1
gato,letargia,0.0,0.0,0.02761250145927562,0.45678913223795303,1.0,0.0,1
ave,taquicardia_repouso,0.0,1.0,0.057473183137788666,0.8009781727254128,0.0,1.0,1
ave,saudavel,0.0,0.0,0.022762323366432007,0.0,0.0,0.0,0
ave,letargia,0.0,0.0,0.03019826293726943,0.577734281267011,1.0,0.0,1
gato,saudavel,0.0,0.0,0.01987212619744483,0.018992400697019907,0.0,0.0,0
gato,atividade_intensa,0.0,0.5894829198253333,0.04301190101639504,0.0,0.0,0.0,0
coelho,taquicardia_repouso,0.0,0.8536964236006672,0.04801864684909576,0.8006979885754671,0.0,1.0,1
cao,saudavel,0.0,0.0,0.03892464671151641,0.0,0.28011989131348214,0.0,0
cao,saudavel,0.0,0.0,0.03291208638498016,0.08214333497565007,0.21008991848511163,0.0,0
ave,saudavel,0.0,0.0,0.02634184633058553,0.06346875718153377,0.0,0.0,0
bovino,letargia,0.0,0.0,0.043996770231066865,0.34177625370732767,0.4239335950416727,0.0,1
coelho,saudavel,0.0,0.0,0.050033418578509174,0.02681125758731029,0.0,0.0,0
gato,letargia,0.0,0.0,0.023386374196194,0.4633595415256835,1.0,0.0,1
bovino,letargia,0.0,0.0,0.03796898383539651,0.257792587511824,0.38154023553750543,0.0,1
bovino,saudavel,0.0,0.0,0.029625628916711062,0.0,0.2543601570250036,0.0,0
bovino,saudavel,0.0,0.0,0.03218074147130725,0.10892405271435046,0.08478671900833454,0.0,0
ave,febre,0.34169452442144177,0.0,0.05916569762648415,0.18346149214193042,0.0,0.0,1
gato,febre,0.6037823106467131,0.0,0.07622840341026789,0.07080191006438197,0.45977011494252873,0.03333333333333333,1
cao,saudavel,0.0,0.0,0.03879533652218732,0.0,0.42017983697022326,0.0,0
coelho,saudavel,0.0,0.0,0.048736421687727384,0.0,0.0,0.0,0
bovino,saudavel,0.0,0.0,0.027612463309211917,0.02870630236051963,0.1271800785125018,0.0,0
gato,febre,0.7828018608439753,0.0,0.0791952277812046,0.14675529132639997,0.22988505747126436,0.03333333333333333,1
cao,saudavel,0.0,0.0,0.028689417368227513,0.04332532635764974,0.28011989131348214,0.0,0
gato,saudavel,0.0,0.0,0.02138312825640283,0.0,0.0,0.0,0
ave,saudavel,0.0,0.0,0.023677571266749266,0.05259917852973006,0.0,0.0,0
bovino,saudavel,0.0,0.0,0.02896651254776594,0.0,0.21196679752083636,0.0,0
cao,febre,0.40971521176386405,0.0,0.09535695802301199,0.12676679535400914,0.21008991848511163,0.0,1
bovino,saudavel,0.0,0.0,0.0334012580488237,0.1673950474848025,0.16957343801666908,0.0,0
gato,saudavel,0.0,0.0,0.01869897910046172,0.03904476188029071,0.0,0.0,0
coelho,hipotermia_choque,0.18326251423074313,0.0,0.2668228830169165,0.89641235865333,0.0,0.0,1
cao,saudavel,0.0,0.0,0.03853531401950857,0.0,0.14005994565674107,0.0,0
gato,saudavel,0.0,0.0,0.01912389491377309,0.0,0.0,0.0,0
ave,atividade_intensa,0.0,0.454481142563653,0.04680635163215925,0.0,0.0,0.0,0
bovino,febre,0.20996154034004166,0.0,0.10527712353930635,0.14545663360334316,0.08478671900833454,0.03333333333333333,1
gato,letargia,0.0,0.0,0.026756276844122337,0.4425035498987503,1.0,0.0,1
bovino,febre,0.5333618312923345,0.0,0.09376294359202327,0.20944939599949175,0.16957343801666908,0.1,1
cao,atividade_intensa,0.0,0.34636748143533747,0.059904351219458286,0.0,0.0,0.0,0
bovino,saudavel,0.0,0.0,0.031819287616802104,0.058897617451608375,0.29675351652917087,0.0,0
ave,saudavel,0.0,0.0,0.020389652822587073,0.0,0.0,0.0,0
bovino,saudavel,0.0,0.0,0.034590117205605835,0.0,0.1271800785125018,0.0,0
coelho,taquicardia_repouso,0.0,0.8148996398275457,0.040457724180631836,0.7404752493259998,0.0,1.0,1
ave,taquicardia_repouso,0.0,1.0,0.040713676776163325,0.8202251605081152,0.0,1.0,1
coelho,febre,0.48340116552886525,0.0,0.14044624496197783,0.12688919363411644,0.0,0.03333333333333333,1
coelho,febre,0.49040374744182214,0.0,0.1316497858131207,0.19462929301831078,0.0,0.06666666666666667,1
coelho,hipotermia_choque,1.0,0.0,0.24149847224656287,0.8944776052343033,0.0,0.0,1
ave,saudavel,0.0,0.0,0.02023189571205509,0.010106352924072692,0.0,0.0,0
cao,saudavel,0.0,0.0,0.04948616542325283,0.0,0.07002997282837053,0.0,0
cao,saudavel,0.0,0.0,0.04133490404138221,0.03979467879021181,0.28011989131348214,0.0,0
coelho,saudavel,0.0,0.0,0.040060943858674314,0.03957460180016714,0.0,0.0,0
ave,atividade_intensa,0.0,0.40104264292005154,0.05557737264494738,0.0,0.0,0.0,0
cao,letargia,0.0,0.0,0.04121504709588512,0.3888553083855173,0.7002997282837055,0.0,1
ave,taquicardia_repouso,0.0,1.0,0.02690790343820092,0.7978675600267296,0.0,1.0,1
ave,atividade_intensa,0.0,0.633124040926272,0.05953009113614796,0.0,0.0,0.0,0
cao,febre,0.5863379325733273,0.0,0.10968186675399073,0.22251196824870212,0.42017983697022326,0.06666666666666667,1
ave,hipotermia_choque,0.546389519239284,0.18168673491438314,0.2238668160697491,0.9138436873938924,0.0,0.0,1
coelho,saudavel,0.0,0.0,0.04205157562446467,0.0,0.0,0.0,0
gato,taquicardia_repouso,0.0,1.0,0.041043587219896434,0.7925138012099021,0.0,1.0,1
cao,letargia,0.0,0.0,0.0461409691824208,0.33645736437290086,0.7002997282837055,0.0,1
gato,saudavel,0.0,0.0,0.020668460198293156,0.0,0.0,0.0,0
coelho,saudavel,0.0,0.0,0.03658466144856125,0.0411190433121329,0.0,0.0,0
gato,letargia,0.0,0.0,0.022431075517191354,0.44780226239597465,1.0,0.0,1
bovino,saudavel,0.0,0.0,0.03211592946058533,0.0,0.16957343801666908,0.0,0
gato,hipotermia_choque,0.4831745990165941,0.0,0.16858550882808854,0.8866758535731631,0.0,0.0,1
coelho,saudavel,0.0,0.0,0.03552688831679552,0.0,0.0,0.0,0
gato,febre,1.0,0.0,0.08489586594779093,0.12200601276809142,0.45977011494252873,0.1,1
cao,febre,0.46800928304571454,0.0,0.11789549183514719,0.14499464585957322,0.21008991848511163,0.0,1
gato,saudavel,0.0,0.0,0.02474632024706393,0.0,0.0,0.0,0
cao,saudavel,0.0,0.0,0.03343431190457847,0.0,0.0,0.0,0
coelho,taquicardia_repouso,0.0,0.8607614036606399,0.04494335377450474,0.8165368527690183,0.0,1.0,1
gato,febre,1.0,0.0,0.0715672219185903,0.07671090602866637,0.22988505747126436,0.06666666666666667,1
ave,saudavel,0.0,0.0,0.01793251738596994,0.04157749780085196,0.0,0.0,0
coelho,hipotermia_choque,0.8113625905201804,0.0,0.26871073356810715,0.8831243405990491,0.0,0.0,1
cao,taquicardia_repouso,0.0,0.8643639595217345,0.05590425948679181,0.6986421914172348,0.0,1.0,1
coelho,saudavel,0.0,0.0,0.04289375509488391,0.04811742072499514,0.0,0.0,0
coelho,taquicardia_repouso,0.0,0.8324725169637088,0.04318564221765809,0.8122654783864829,0.0,1.0,1
coelho,saudavel,0.0,0.0,0.04331203696810894,0.0,0.0,0.0,0
bovino,atividade_intensa,0.0,0.41333522306299253,0.06095494640670313,0.0,0.0,0.0,0
bovino,saudavel,0.0,0.0,0.035640683637216106,0.055508079034353064,0.2543601570250036,0.0,0
bovino,taquicardia_repouso,0.0,1.0,0.04798049994568122,0.6658650868806129,0.0,1.0,1
gato,saudavel,0.0,0.0,0.024259468696345512,0.05499249264494921,0.22988505747126436,0.0,0
coelho,saudavel,0.0,0.0,0.04750494327295438,0.0,0.0,0.0,0
coelho,taquicardia_repouso,0.0,0.8024966241150984,0.0572597028844225,0.824054273561982,0.0,1.0,1
cao,saudavel,0.0,0.0,0.03921373446986494,0.03828082865616056,0.35014986414185273,0.0,0
bovino,saudavel,0.0,0.0,0.0300869674336493,0.049684816922852204,0.29675351652917087,0.0,0
gato,saudavel,0.0,0.0,0.02358559004783635,0.0,0.0,0.0,0
ave,letargia,0.0,0.0,0.02492045316289386,0.5866914793297782,1.0,0.0,1
gato,febre,1.0,0.0,0.07236554923866195,0.13551087202506273,0.22988505747126436,0.1,1
gato,saudavel,0.0,0.0,0.02056613806722052,0.036706162949429966,0.0,0.0,0
coelho,saudavel,0.0,0.0,0.035144501574117346,0.0,0.0,0.0,0
gato,hipotermia_choque,0.8802145284300265,0.1049536492064369,0.23488055673868297,0.868992178108961,0.0,0.0,1
cao,letargia,0.0,0.0,0.039011247519599626,0.39811607817545736,0.7002997282837055,0.0,1
ave,taquicardia_repouso,0.0,1.0,0.04304351238150671,0.7981295550803091,0.0,1.0,1
bovino,hipotermia_choque,1.0,0.0,0.25041378736452785,0.8524466146201286,0.0,0.0,1
coelho,atividade_intensa,0.0,0.3097512501217936,0.040416636341348754,0.0,0.0,0.0,0
bovino,hipotermia_choque,1.0,0.0,0.23498254914588995,0.8552375080085419,0.0,0.0,1
bovino,saudavel,0.0,0.0,0.034817730376969426,0.07631771319597547,0.2543601570250036,0.0,0
gato,atividade_intensa,0.0,0.5545416544493045,0.0532549274601389,0.0,0.0,0.0,0
ave,saudavel,0.0,0.0,0.020153390362364732,0.0407624935244556,0.0,0.0,0
ave,hipotermia_choque,0.5287597822346655,0.23889200374780906,0.2317562864401032,0.9136563104144935,0.0,0.0,1
ave,taquicardia_repouso,0.0,1.0,0.053494068744669984,0.8155063696683396,0.0,1.0,1
gato,taquicardia_repouso,0.0,1.0,0.050313251925901865,0.7741380520460669,0.0,1.0,1
coelho,taquicardia_repouso,0.0,0.8298734611811405,0.048185242973283665,0.8193779333846394,0.0,1.0,1
ave,saudavel,0.0,0.0,0.022436707173657477,0.08581123333146334,0.0,0.0,0
coelho,letargia,0.0,0.0,0.04292610156534623,0.5081290019462983,1.0,0.0,1
gato,saudavel,0.0,0.0,0.017806757057180572,0.0,0.0,0.0,0
cao,febre,0.6195541132101683,0.0,0.1302174772194259,0.14484606333596772,0.4902098097985938,0.1,1
cao,letargia,0.0,0.0,0.04466179439486416,0.43733155848119565,0.5602397826269643,0.0,1
coelho,hipotermia_choque,0.514784208128674,0.0,0.2908636018383651,0.8895904054739351,0.0,0.0,1
cao,saudavel,0.0,0.0,0.03194817549281269,0.0147107299195528,0.14005994565674107,0.0,0
coelho,taquicardia_repouso,0.0,0.87924801404454,0.04958127222054681,0.7600052086842772,0.0,1.0,1
cao,letargia,0.0,0.0,0.048708696884629185,0.3959803743572169,0.5602397826269643,0.0,1
gato,taquicardia_repouso,0.0,1.0,0.04884671456699474,0.7518612233978854,0.0,1.0,1
gato,febre,0.7463170525194094,0.0,0.07092445618267752,0.17504654999766467,0.9195402298850575,0.0,1
bovino,letargia,0.0,0.0,0.032343610852501384,0.23746939723645777,0.29675351652917087,0.0,1
coelho,saudavel,0.0,0.0,0.036044966868687564,0.05298736934284831,0.22988505747126436,0.0,0
cao,letargia,0.0,0.0,0.03907139777633476,0.37781120256074885,0.5602397826269643,0.0,1
ave,febre,0.08343631912289595,0.0,0.07809151133723162,0.18151525316726225,0.0,0.03333333333333333,1
coelho,hipotermia_choque,1.0,0.0,0.28866162565243314,0.858779323119865,0.0,0.0,1
gato,saudavel,0.0,0.0,0.027003501621084607,0.037179204464658056,0.0,0.0,0
gato,atividade_intensa,0.0,0.5617439328914196,0.0668842220231327,0.0,0.0,0.0,0
coelho,saudavel,0.0,0.0,0.03850959441069702,0.007531000792394216,0.0,0.0,0
bovino,febre,0.46733950235044586,0.0,0.09270865409154093,0.24375985523219346,0.08478671900833454,0.1,1
coelho,saudavel,0.0,0.0,0.0450653595945238,0.0,0.0,0.0,0
bovino,atividade_intensa,0.0,0.430903770088257,0.039099481716366326,0.0,0.0,0.0,0
bovino,letargia,0.0,0.0,0.03475679276578489,0.2641086342004688,0.38154023553750543,0.0,1
gato,febre,0.2611208134567746,0.0,0.08412051522723658,0.22004394346922518,1.0,0.13333333333333333,1
ave,atividade_intensa,0.0,0.5170129442007412,0.06939030765792809,0.0,0.0,0.0,0
ave,letargia,0.0,0.0,0.02934407529794808,0.5995990583667526,1.0,0.0,1
bovino,atividade_intensa,0.0,0.42072786349676994,0.0506352614791117,0.0,0.0,0.0,0
bovino,saudavel,0.0,0.0,0.02702104834236372,0.03435890913277162,0.08478671900833454,0.0,0
ave,taquicardia_repouso,0.0,1.0,0.04503735595008664,0.8068367748533456,0.0,1.0,1
cao,saudavel,0.0,0.0,0.04068854273165234,0.0,0.21008991848511163,0.0,0
cao,atividade_intensa,0.0,0.31673095250134153,0.06139501479429977,0.0,0.0,0.0,0
coelho,taquicardia_repouso,0.0,0.8112296690903926,0.047769517306299004,0.799542213233978,0.0,1.0,1
cao,saudavel,0.0,0.0,0.04395540155432878,0.030698668428903675,0.21008991848511163,0.0,0
gato,taquicardia_repouso,0.0,1.0,0.045298321425914216,0.7443221872282186,0.0,1.0,1
gato,saudavel,0.0,0.0,0.02062939124013243,0.028012497103695355,0.0,0.0,0
bovino,saudavel,0.0,0.0,0.041581715496290944,0.0,0.16957343801666908,0.0,0
cao,saudavel,0.0,0.0,0.04290187235248145,0.0,0.0,0.0,0
ave,atividade_intensa,0.0,0.6233722116406177,0.05513638117773248,0.0,0.0,0.0,0
bovino,saudavel,0.0,0.0,0.032358845723866415,0.0015294841361265243,0.38154023553750543,0.0,0
ave,febre,0.08194714275361292,0.0,0.07627652457340349,0.14221878467122373,0.0,0.06666666666666667,1
ave,letargia,0.0,0.0,0.02563743683884075,0.5946901228334578,1.0,0.0,1
bovino,febre,0.6373642715768426,0.0,0.10042163749363979,0.20424190069410897,0.1271800785125018,0.2,1
bovino,saudavel,0.0,0.0,0.03150095857764,0.04560792371491951,0.16957343801666908,0.0,0
ave,febre,0.08570432671331929,0.0,0.07265289696624849,0.16321315483934196,0.0,0.0,1
coelho,saudavel,0.0,0.0,0.048148698743594925,0.0,0.0,0.0,0
coelho,taquicardia_repouso,0.0,0.8859507880918704,0.04382240399782239,0.8229989393020787,0.0,1.0,1
bovino,letargia,0.0,0.0,0.036441734371438654,0.24530143665228932,0.38154023553750543,0.0,1
ave,saudavel,0.0,0.0,0.02509526513684977,0.0,0.0,0.0,0
gato,taquicardia_repouso,0.0,1.0,0.0420723367876593,0.8111410656382247,0.0,1.0,1
gato,hipotermia_choque,1.0,0.0,0.16463280110362882,0.8633024265064738,0.0,0.0,1
bovino,saudavel,0.0,0.0,0.041266378810389914,0.0,0.29675351652917087,0.0,0
gato,letargia,0.0,0.0,0.030446575791456074,0.46574873672079253,1.0,0.0,1
cao,febre,0.4976290225350919,0.0,0.12256663343846118,0.1820144473504861,0.35014986414185273,0.13333333333333333,1
ave,atividade_intensa,0.0,0.6786288335835358,0.05628319432978384,0.0,0.0,0.0,0
ave,saudavel,0.0,0.0,0.023662228187193945,0.0,0.0,0.0,0
ave,letargia,0.0,0.0,0.02885838308946304,0.6029693665583098,1.0,0.0,1
gato,taquicardia_repouso,0.0,1.0,0.04949882871140798,0.7547346203483893,0.0,1.0,1
cao,saudavel,0.0,0.0,0.03473826638930643,0.0965151624079097,0.35014986414185273,0.0,0
gato,saudavel,0.0,0.0,0.02375022021835053,0.0,0.45977011494252873,0.0,0
bovino,febre,0.23445222840129532,0.0,0.09532404868097559,0.08200831544881193,0.29675351652917087,0.06666666666666667,1
gato,taquicardia_repouso,0.0,1.0,0.046059974501552955,0.7342142313949855,0.0,1.0,1
cao,hipotermia_choque,0.6070575738825517,0.0,0.2839005727356289,0.882645825724545,0.0,0.0,1
ave,febre,0.39824270629371483,0.0,0.0734666081938055,0.17361415440689254,0.0,0.0,1
gato,atividade_intensa,0.0,0.48359562874138495,0.04610424232457077,0.0,0.0,0.0,0
ave,taquicardia_repouso,0.0,1.0,0.054479253343772904,0.7946107521803936,0.0,1.0,1
bovino,taquicardia_repouso,0.0,0.9580814922557714,0.05016626165152223,0.6590231791103065,0.0,1.0,1
cao,atividade_intensa,0.0,0.3327386506580077,0.054132732579030125,0.0,0.0,0.0,0
coelho,letargia,0.0,0.0,0.0498497785369887,0.5382521865045086,1.0,0.0,1
cao,atividade_intensa,0.0,0.344484809191534,0.04382433621029745,0.0,0.0,0.0,0
bovino,atividade_intensa,0.0,0.3475962801023349,0.05693713757428339,0.0,0.0,0.0,0
bovino,saudavel,0.0,0.0,0.035640473276973436,0.0,0.16957343801666908,0.0,0
ave,atividade_intensa,0.0,0.47699823249612194,0.05028568437050314,0.0,0.0,0.0,0
bovino,taquicardia_repouso,0.0,0.970510040601861,0.05029822137648063,0.5803014011071268,0.0,1.0,1
cao,febre,0.16459600328882185,0.0,0.12543884774841277,0.1637976440142297,0.35014986414185273,0.1,1
gato,saudavel,0.0,0.0,0.0225967959738268,0.0,0.0,0.0,0
bovino,hipotermia_choque,1.0,0.0,0.27005284433755117,0.8034711701532791,0.0,0.0,1
bovino,saudavel,0.0,0.0,0.031014590861077808,0.0,0.16957343801666908,0.0,0
cao,saudavel,0.0,0.0,0.036067777231502375,0.0,0.21008991848511163,0.0,0
gato,febre,0.4836182434151808,0.0,0.0774700703635217,0.1005450818518443,0.45977011494252873,0.06666666666666667,1
ave,febre,0.21384285892747812,0.0,0.07983928886085631,0.16789987329413236,0.0,0.03333333333333333,1
bovino,saudavel,0.0,0.0,0.03727416690573591,0.0005214359928137347,0.2543601570250036,0.0,0
cao,saudavel,0.0,0.0,0.041690116123390776,0.012968843965709409,0.28011989131348214,0.0,0
cao,taquicardia_repouso,0.0,0.8914869887575108,0.043636055423308846,0.6906158722404135,0.0,1.0,1
coelho,saudavel,0.0,0.0,0.04800866247334491,0.0034136153585420104,0.0,0.0,0
bovino,febre,0.5114083472739139,0.0,0.07895487362325139,0.16927265262329738,0.08478671900833454,0.0,1
gato,taquicardia_repouso,0.0,1.0,0.047764032389796915,0.7276515988019581,0.0,1.0,1
cao,atividade_intensa,0.0,0.4469731611318728,0.04740441901730491,0.0,0.0,0.0,0
bovino,hipotermia_choque,1.0,0.0,0.22629114204182948,0.8188213326192338,0.0,0.0,1
cao,saudavel,0.0,0.0,0.04721971425936914,0.033181118569088563,0.28011989131348214,0.0,0
ave,taquicardia_repouso,0.0,1.0,0.05077644004734897,0.8177659760997963,0.0,1.0,1
ave,saudavel,0.0,0.0,0.02238490994342107,0.017521847019956516,0.0,0.0,0
ave,febre,0.006698910727457985,0.0,0.07496913240652775,0.11205689154249043,0.0,0.0,1
ave,taquicardia_repouso,0.0,1.0,0.04572443392544177,0.8152196563602983,0.0,1.0,1
coelho,atividade_intensa,0.0,0.2459368608126007,0.06059215986450825,0.0,0.0,0.0,0
cao,hipotermia_choque,0.6904782895512576,0.0,0.3042004017472084,0.8940130690957467,0.0,0.0,1
gato,atividade_intensa,0.0,0.47099555442923413,0.05587028133026754,0.0,0.0,0.0,0
coelho,febre,0.2725931354181814,0.0,0.12459049202767362,0.1848331601117189,0.0,0.03333333333333333,1
bovino,saudavel,0.0,0.0,0.034753439328510626,0.0,0.08478671900833454,0.0,0
gato,atividade_intensa,0.0,0.5437307923050547,0.05820301138449044,0.0,0.0,0.0,0
gato,hipotermia_choque,0.8744124767280661,0.0,0.17040259207527622,0.8582586686443133,0.0,0.0,1
ave,saudavel,0.0,0.0,0.022375745651088585,0.0,0.0,0.0,0
bovino,letargia,0.0,0.0,0.03583204263884784,0.20398494815626644,0.33914687603333815,0.0,1
cao,taquicardia_repouso,0.0,0.8682050128402437,0.0460482548462713,0.7203909317725807,0.0,1.0,1
coelho,letargia,0.0,0.0,0.04355501249118054,0.4711270119528409,1.0,0.0,1
bovino,febre,0.5442673454660394,0.0,0.09902541988741324,0.16013280021523535,0.04239335950416727,0.13333333333333333,1
gato,letargia,0.0,0.0,0.023219259898586784,0.48611024237541434,1.0,0.0,1
bovino,saudavel,0.0,0.0,0.03237969412445972,0.0,0.2543601570250036,0.0,0
bovino,atividade_intensa,0.0,0.3568959100280409,0.05306676029697238,0.0,0.0,0.0,0
coelho,febre,0.4502302355234349,0.0,0.1488564073502151,0.12216725459446043,0.0,0.0,1
coelho,saudavel,0.0,0.0,0.032957210315456745,0.0,0.0,0.0,0
cao,saudavel,0.0,0.0,0.03809835221263566,0.0,0.28011989131348214,0.0,0
cao,hipotermia_choque,0.4250711702741137,0.0,0.2586103160402481,0.8849924289238202,0.0,0.0,1
bovino,hipotermia_choque,0.766362058985455,0.0,0.257580180468115,0.8483731106614592,0.0,0.0,1
gato,hipotermia_choque,0.5029649198164883,0.052929222457600344,0.20951823360902747,0.8545045637358741,0.0,0.0,1
cao,febre,0.16060633352364873,0.0,0.11985200966120599,0.1247742471088279,0.42017983697022326,0.03333333333333333,1
ave,letargia,0.0,0.0,0.028680002371508088,0.5882441785038675,1.0,0.0,1
gato,atividade_intensa,0.0,0.5069695689121694,0.053772930429702166,0.0,0.0,0.0,0
gato,hipotermia_choque,1.0,0.0,0.1704968861566532,0.8964155259150812,0.0,0.0,1
ave,saudavel,0.0,0.0,0.022518930849378158,0.0,0.0,0.0,0
cao,taquicardia_repouso,0.0,0.9124876009351959,0.05401953903981624,0.7067607474686068,0.0,1.0,1
cao,saudavel,0.0,0.0,0.034565489852700866,0.0,0.0,0.0,0
coelho,febre,0.1264565592027509,0.0,0.10964723358118264,0.1712489514964638,0.9195402298850575,0.0,1
gato,saudavel,0.0,0.0,0.018767448322581638,0.027030281027731196,0.45977011494252873,0.0,0
cao,saudavel,0.0,0.0,0.035235913998040214,0.0,0.28011989131348214,0.0,0
cao,atividade_intensa,0.0,0.3927292764615331,0.038462257998058816,0.0,0.0,0.0,0
ave,hipotermia_choque,0.10763992165946235,0.08269757755850882,0.19213044769888343,0.9026372680205319,0.0,0.0,1
ave,taquicardia_repouso,0.0,1.0,0.05886923008542953,0.8052287970745469,0.0,1.0,1
ave,letargia,0.0,0.0,0.02857741070973942,0.6457357290018986,1.0,0.0,1
gato,saudavel,0.0,0.0,0.024025889079449757,0.0,0.45977011494252873,0.0,0
cao,atividade_intensa,0.0,0.3542896778167417,0.053411686802251244,0.0,0.0,0.0,0
gato,saudavel,0.0,0.0,0.017410822419910984,0.0,0.0,0.0,0
bovino,febre,0.730503226157623,0.0,0.08991384562370733,0.1090060044242821,0.16957343801666908,0.03333333333333333,1
gato,hipotermia_choque,1.0,0.0,0.14857344927567706,0.8688326628973502,0.0,0.0,1
cao,letargia,0.0,0.0,0.0470571524763342,0.3683454399516093,0.7002997282837055,0.0,1
bovino,hipotermia_choque,0.2491089685182526,0.0,0.23760433073082682,0.8386845482852902,0.0,0.0,1
gato,saudavel,0.0,0.0,0.018641177642309267,0.02100366682708621,0.45977011494252873,0.0,0
ave,atividade_intensa,0.0,0.5055500042191048,0.04707384080568137,0.0,0.0,0.0,0
ave,saudavel,0.0,0.0,0.022855822802893878,0.0,0.0,0.0,0
bovino,taquicardia_repouso,0.0,0.9619245799257938,0.04481826172665109,0.7007661246450729,0.0,1.0,1
ave,hipotermia_choque,0.3967872811413784,0.0,0.18943863744077216,0.903817474233664,0.0,0.0,1
cao,febre,0.6364169354695537,0.0,0.1069902327236948,0.13200816124325976,0.35014986414185273,0.03333333333333333,1
gato,atividade_intensa,0.0,0.5185329538791621,0.053052066086111745,0.0,0.0,0.0,0
ave,saudavel,0.0,0.0,0.021986908805614196,0.015735913985551298,0.0,0.0,0
ave,hipotermia_choque,0.4430912529030593,0.0,0.18175243455884188,0.9196738681108766,0.0,0.0,1
coelho,atividade_intensa,0.0,0.3238184445179355,0.045210548624740304,0.0,0.0,0.0,0
bovino,taquicardia_repouso,0.0,1.0,0.05519467400563216,0.7124560698228812,0.0,1.0,1
gato,febre,0.8779306520152472,0.0,0.062426728246824756,0.1570884633485118,1.0,0.0,1
bovino,letargia,0.0,0.0,0.04410052031214008,0.2802533468080538,0.33914687603333815,0.0,1
coelho,saudavel,0.0,0.0,0.03514937761565715,0.0,0.0,0.0,0
cao,saudavel,0.0,0.0,0.04414511216789575,0.042596933456033326,0.14005994565674107,0.0,0
gato,atividade_intensa,0.0,0.45184774771449776,0.043845725873454915,0.0,0.0,0.0,0
ave,letargia,0.0,0.0,0.02583400218199024,0.5982444014884172,1.0,0.0,1
bovino,febre,0.5836458977584111,0.0,0.10821243582882664,0.1776694489950904,0.08478671900833454,0.1,1
gato,febre,0.37126956344175377,0.0,0.05607321863477217,0.18266887280963928,0.6896551724137931,0.0,1
gato,atividade_intensa,0.0,0.5478539863678207,0.05415053702237684,0.0,0.0,0.0,0
ave,atividade_intensa,0.0,0.5029318551710131,0.03925033715415746,0.0,0.0,0.0,0
ave,saudavel,0.0,0.0,0.023379720836765906,0.017419418678754517,0.0,0.0,0
cao,taquicardia_repouso,0.0,0.9102178762954416,0.04934848786731729,0.7305474229222448,0.0,1.0,1
gato,febre,0.7612165610374653,0.0,0.08079816861732746,0.1648082024099714,0.45977011494252873,0.13333333333333333,1
gato,saudavel,0.0,0.0,0.022404377400802672,0.0,0.0,0.0,0
cao,saudavel,0.0,0.0,0.0350924829020725,0.0,0.0,0.0,0
cao,febre,0.5412409328102741,0.0,0.10951050054039126,0.12643385324684042,0.35014986414185273,0.06666666666666667,1
coelho,febre,0.6587294683917075,0.0,0.12823239366130088,0.13717528689554903,0.6896551724137931,0.03333333333333333,1
bovino,saudavel,0.0,0.0,0.03328380015710109,0.0,0.29675351652917087,0.0,0
coelho,atividade_intensa,0.0,0.30835805800973803,0.057158879874445775,0.0,0.0,0.0,0
gato,atividade_intensa,0.0,0.5754196294331799,0.0602851866090521,0.0,0.0,0.0,0
gato,saudavel,0.0,0.0,0.02365878271680548,0.0,0.0,0.0,0
coelho,saudavel,0.0,0.0,0.04585444997318621,0.011162867018743028,0.0,0.0,0
cao,saudavel,0.0,0.0,0.04446276176656139,0.0,0.0,0.0,0
gato,febre,1.0,0.0,0.07828729179741202,0.1411180669054779,0.45977011494252873,0.06666666666666667,1
bovino,taquicardia_repouso,0.0,0.986725186229436,0.044412875721158124,0.7233747450662279,0.0,1.0,1
cao,saudavel,0.0,0.0,0.0392048159039909,0.0,0.35014986414185273,0.0,0
bovino,febre,0.37734703665725533,0.0,0.11626755391177283,0.07519487007276782,0.21196679752083636,0.16666666666666666,1
ave,saudavel,0.0,0.0,0.020531977496923565,0.03245393617555936,0.0,0.0,0
ave,saudavel,0.0,0.0,0.025494794234381276,0.03583510785897914,0.0,0.0,0
cao,saudavel,0.0,0.0,0.044372638439167965,0.002609813839928532,0.0,0.0,0
cao,saudavel,0.0,0.0,0.040749352952480916,0.015380470607991303,0.14005994565674107,0.0,0
cao,letargia,0.0,0.0,0.047602953118429804,0.40694396418204326,0.5602397826269643,0.0,1
bovino,hipotermia_choque,0.6055689604073013,0.0,0.2671338728081823,0.8235113272599187,0.0,0.0,1
bovino,saudavel,0.0,0.0,0.03599912820550372,0.0,0.21196679752083636,0.0,0
cao,febre,0.3600494216776351,0.0,0.10269472221430324,0.20002298177398992,0.14005994565674107,0.03333333333333333,1
bovino,taquicardia_repouso,0.0,1.0,0.041301640569674586,0.6939864458268354,0.0,1.0,1
coelho,hipotermia_choque,1.0,0.0,0.21048381988897463,0.9084622357036575,0.0,0.0,1
coelho,saudavel,0.0,0.0,0.04268921986403775,0.0,0.0,0.0,0
coelho,letargia,0.0,0.0,0.05647295018756285,0.5354193669295815,1.0,0.0,1
cao,taquicardia_repouso,0.0,0.8986918281413949,0.05829151844472013,0.7168056514828498,0.0,1.0,1
coelho,saudavel,0.0,0.0,0.037175556837163566,0.0,0.0,0.0,0
bovino,saudavel,0.0,0.0,0.030005000653287563,0.0,0.1271800785125018,0.0,0
cao,saudavel,0.0,0.0,0.039158702598333345,0.0,0.07002997282837053,0.0,0
gato,taquicardia_repouso,0.0,1.0,0.050972603846037766,0.7620315211668757,0.0,1.0,1
coelho,saudavel,0.0,0.0,0.05448166223409414,0.04643094628005451,0.0,0.0,0
bovino,febre,0.5023834966330583,0.0,0.106075984001034,0.172424911828978,0.2543601570250036,0.1,1
cao,febre,0.15169123375053828,0.0,0.11348620950264487,0.17491325106604327,0.4902098097985938,0.1,1
ave,atividade_intensa,0.0,0.4636381920253394,0.05079806103459352,0.0,0.0,0.0,0
bovino,saudavel,0.0,0.0,0.03441657595602516,0.022864070251172985,0.21196679752083636,0.0,0
ave,saudavel,0.0,0.0,0.023919911375372888,0.0,0.0,0.0,0
gato,atividade_intensa,0.0,0.3674542683740376,0.0462646166965535,0.0,0.0,0.0,0
ave,saudavel,0.0,0.0,0.021068946522017764,0.006290378648509454,0.0,0.0,0
ave,saudavel,0.0,0.0,0.021712900068340698,0.0,0.0,0.0,0
cao,atividade_intensa,0.0,0.2919896240475417,0.05112912610365785,0.0,0.0,0.0,0
bovino,saudavel,0.0,0.0,0.03359731180675455,0.003456727907735768,0.1271800785125018,0.0,0
coelho,saudavel,0.0,0.0,0.04799495976374033,0.0,0.0,0.0,0
cao,saudavel,0.0,0.0,0.040063822298600664,0.007502509347768416,0.28011989131348214,0.0,0
cao,saudavel,0.0,0.0,0.04761226306946071,0.0,0.14005994565674107,0.0,0
coelho,febre,0.21687557457091589,0.0,0.13233300748947852,0.13376751706423262,0.0,0.03333333333333333,1
coelho,saudavel,0.0,0.0,0.038515300790168724,0.03450517368887185,0.45977011494252873,0.0,0
bovino,saudavel,0.0,0.0,0.03215921105937909,0.0,0.2543601570250036,0.0,0
ave,febre,0.02230873982708914,0.0,0.07288395687930492,0.23030529262942467,0.45977011494252873,0.03333333333333333,1
cao,saudavel,0.0,0.0,0.034754057938364696,0.04508144308974693,0.28011989131348214,0.0,0
coelho,letargia,0.0,0.0,0.039820076522897235,0.5162135054498806,1.0,0.0,1
bovino,saudavel,0.0,0.0,0.03393143857158447,0.012781754437067971,0.21196679752083636,0.0,0
cao,taquicardia_repouso,0.0,0.9118630786526005,0.050564856669826366,0.7373002430705252,0.0,1.0,1
bovino,letargia,0.0,0.0,0.04100724276419998,0.21489848974439796,0.4663269545458399,0.0,1
ave,letargia,0.0,0.0,0.03210047563628975,0.5975552883799432,1.0,0.0,1
gato,febre,0.8206384625344616,0.0,0.06507210740411526,0.10374408703648352,0.45977011494252873,0.0,1
gato,taquicardia_repouso,0.0,1.0,0.05360738326543963,0.7311617876744558,0.0,1.0,1
gato,saudavel,0.0,0.0,0.020021259729353664,0.041514880024819956,0.0,0.0,0
gato,atividade_intensa,0.0,0.6409311466616452,0.04716732297021718,0.0,0.0,0.0,0
cao,hipotermia_choque,0.7843263296259579,0.0,0.23863770489727174,0.8419866789757984,0.0,0.0,1
bovino,hipotermia_choque,0.7246129807816242,0.0,0.263703717688818,0.8577665483427986,0.0,0.0,1
coelho,taquicardia_repouso,0.0,0.8335493654816375,0.040459743762974176,0.8318250189721128,0.0,1.0,1
bovino,letargia,0.0,0.0,0.03303865551699887,0.27584220832062967,0.38154023553750543,0.0,1
bovino,hipotermia_choque,0.22680042165806458,0.0,0.28266041958313026,0.803202872130719,0.0,0.0,1
ave,atividade_intensa,0.0,0.474395309163649,0.05268702941584374,0.0,0.0,0.0,0
cao,letargia,0.0,0.0,0.0434657403607481,0.3693365098888378,0.7703297011120759,0.0,1
cao,febre,0.6549903925161376,0.0,0.11943352249937088,0.16181597815737614,0.42017983697022326,0.16666666666666666,1
cao,atividade_intensa,0.0,0.40875073724294486,0.04535339552967181,0.0,0.0,0.0,0
gato,atividade_intensa,0.0,0.5377837467704112,0.051569197544678355,0.0,0.0,0.0,0
coelho,saudavel,0.0,0.0,0.03968909156243501,0.0,0.0,0.0,0
gato,taquicardia_repouso,0.0,1.0,0.051582558084368284,0.7750914093806124,0.0,1.0,1
cao,saudavel,0.0,0.0,0.037220237048275984,0.0,0.14005994565674107,0.0,0
gato,letargia,0.0,0.0,0.028385130867975634,0.49307324014711507,1.0,0.0,1
bovino,febre,0.35549055365902404,0.0,0.10188251612992398,0.1319390999352703,0.33914687603333815,0.13333333333333333,1
cao,taquicardia_repouso,0.0,0.8974786168632201,0.0521284338593313,0.7091720126062917,0.0,1.0,1
coelho,taquicardia_repouso,0.0,0.8570760424730755,0.05703163222841003,0.7830766061325088,0.0,1.0,1
gato,saudavel,0.0,0.0,0.023215294898751713,0.0,0.0,0.0,0
bovino,taquicardia_repouso,0.0,0.9531241617039101,0.04912687769995522,0.6823907804760668,0.0,1.0,1
cao,saudavel,0.0,0.0,0.03588994118145646,0.0,0.07002997282837053,0.0,0
bovino,saudavel,0.0,0.0,0.03087259631675571,0.00018261360876858923,0.21196679752083636,0.0,0
gato,febre,0.466568319316244,0.0,0.056284282601771714,0.18389985966585964,1.0,0.0,1
cao,taquicardia_repouso,0.0,0.9276707809105282,0.031487835192877796,0.7350806112274317,0.0,1.0,1
cao,saudavel,0.0,0.0,0.044400756608561624,0.022437352886325868,0.35014986414185273,0.0,0
coelho,letargia,0.0,0.0,0.04400888371004443,0.5454895929379746,1.0,0.0,1
gato,saudavel,0.0,0.0,0.02190123288023446,0.0,0.0,0.0,0
ave,saudavel,0.0,0.0,0.025880354538425656,0.005234196422681636,0.0,0.0,0
gato,letargia,0.0,0.0,0.03205361180054565,0.4401920167832032,1.0,0.0,1
cao,febre,0.02846521577545924,0.0,0.13297844886616147,0.20773603959858145,0.42017983697022326,0.13333333333333333,1
gato,febre,0.9205581891873964,0.0,0.06377242285309778,0.20606826600519623,0.45977011494252873,0.0,1
bovino,saudavel,0.0,0.0,0.03644096835657241,0.008936337810016015,0.1271800785125018,0.0,0
ave,taquicardia_repouso,0.0,1.0,0.05265646781397212,0.7792310676424007,0.0,1.0,1
coelho,saudavel,0.0,0.0,0.036924934657072216,0.026499200288330305,0.0,0.0,0
ave,febre,0.37171387100703157,0.0,0.07077609018228373,0.17827116473260995,0.0,0.03333333333333333,1
cao,saudavel,0.0,0.0,0.047951711355483706,0.0,0.28011989131348214,0.0,0
ave,letargia,0.0,0.0,0.020746077854809804,0.5731610871625689,1.0,0.0,1
ave,atividade_intensa,0.0,0.6289531607700185,0.06343368936875858,0.0,0.0,0.0,0
coelho,letargia,0.0,0.0,0.05296898453242873,0.5930541576332286,1.0,0.0,1
ave,taquicardia_repouso,0.0,1.0,0.04725475820160754,0.806262440576273,0.0,1.0,1
bovino,febre,0.23461239967231973,0.0,0.08630025576380461,0.27047162592511975,0.08478671900833454,0.03333333333333333,1
cao,saudavel,0.0,0.0,0.044811856758547756,0.0,0.42017983697022326,0.0,0
cao,atividade_intensa,0.0,0.38108960809855286,0.06547207163225047,0.0,0.0,0.0,0
ave,hipotermia_choque,0.36602679625632817,0.0,0.17318424516749872,0.9085322597639611,0.0,0.0,1
cao,letargia,0.0,0.0,0.05583629649974963,0.4410432073533618,0.7002997282837055,0.0,1
ave,letargia,0.0,0.0,0.028139445837771452,0.6039018447022136,1.0,0.0,1
ave,taquicardia_repouso,0.0,1.0,0.03777075867190399,0.8241453169156203,0.0,1.0,1
bovino,letargia,0.0,0.0,0.041204601091804266,0.3252830445327617,0.38154023553750543,0.0,1
coelho,atividade_intensa,0.0,0.27034946721251063,0.04907045649289241,0.0,0.0,0.0,0
cao,febre,0.4533686787009361,0.0,0.1301620166010853,0.16816787524816934,0.35014986414185273,0.1,1
gato,letargia,0.0,0.0,0.027672123259089056,0.4622084051719757,1.0,0.0,1
gato,saudavel,0.0,0.0,0.02586741904842605,0.0,0.0,0.0,0
ave,atividade_intensa,0.0,0.5942887227653189,0.044402501588690635,0.0,0.0,0.0,0
ave,saudavel,0.0,0.0,0.02012014529961003,0.0,0.0,0.0,0
gato,saudavel,0.0,0.0,0.019077944540216368,0.0,0.0,0.0,0
gato,saudavel,0.0,0.0,0.019940104164601864,0.0,0.22988505747126436,0.0,0
bovino,saudavel,0.0,0.0,0.02839688282853613,0.029107589884439622,0.38154023553750543,0.0,0
gato,taquicardia_repouso,0.0,1.0,0.03674865670627216,0.8059376933584657,0.0,1.0,1
coelho,taquicardia_repouso,0.0,0.8268414278920808,0.04445249667044784,0.7821182474143694,0.0,1.0,1
ave,taquicardia_repouso,0.0,1.0,0.05648103152536166,0.8158224706765932,0.0,1.0,1
bovino,saudavel,0.0,0.0,0.031259293987785694,0.0,0.1271800785125018,0.0,0
ave,febre,0.0,0.0,0.08182027950498282,0.13939498367497938,0.0,0.03333333333333333,1
coelho,saudavel,0.0,0.0,0.04126892234366568,0.0,0.0,0.0,0
bovino,saudavel,0.0,0.0,0.037621596021943475,0.0,0.2543601570250036,0.0,0
ave,saudavel,0.0,0.0,0.025715112077402572,0.039604706436161874,0.0,0.0,0
cao,saudavel,0.0,0.0,0.0400357269169958,0.024124782265718903,0.28011989131348214,0.0,0
ave,saudavel,0.0,0.0,0.024199254416727926,0.04223343358432019,0.0,0.0,0
coelho,saudavel,0.0,0.0,0.03740436383114416,0.0,0.0,0.0,0
ave,saudavel,0.0,0.0,0.01741972761703571,0.0,0.0,0.0,0
coelho,taquicardia_repouso,0.0,0.8729783603599508,0.038883956240060295,0.815045030643375,0.0,1.0,1
cao,letargia,0.0,0.0,0.041980786394891785,0.36682982798670793,0.4902098097985938,0.0,1
bovino,saudavel,0.0,0.0,0.034581941452277935,0.03630159673609301,0.1271800785125018,0.0,0
ave,letargia,0.0,0.0,0.028278705174266745,0.5803523139066941,1.0,0.0,1
cao,saudavel,0.0,0.0,0.04403905035283841,0.11185365928920055,0.42017983697022326,0.0,0
gato,febre,1.0,0.0,0.05957396965151208,0.14351370353900206,0.6896551724137931,0.03333333333333333,1
ave,saudavel,0.0,0.0,0.02357790074443245,0.0191516995560439,0.0,0.0,0
gato,taquicardia_repouso,0.0,1.0,0.048296292631452235,0.8094954124204515,0.0,1.0,1
gato,saudavel,0.0,0.0,0.022021530404280863,0.0,0.22988505747126436,0.0,0
bovino,saudavel,0.0,0.0,0.03607943718106762,0.0,0.16957343801666908,0.0,0
coelho,saudavel,0.0,0.0,0.03949302304599078,0.0006399297101949974,0.0,0.0,0
bovino,taquicardia_repouso,0.0,0.9839100451327716,0.05373174237164355,0.6669264475111959,0.0,1.0,1
ave,saudavel,0.0,0.0,0.02374679763300354,0.0,0.0,0.0,0
cao,febre,0.3910209467813315,0.0,0.09669854086937543,0.10666046196552426,0.35014986414185273,0.0,1
ave,saudavel,0.0,0.0,0.022520706425420724,0.020457961745932618,0.0,0.0,0
bovino,febre,0.7975199357911247,0.0,0.09429794290694554,0.1823300616840854,0.1271800785125018,0.03333333333333333,1
gato,febre,0.20677239736530773,0.0,0.05792601146421212,0.1691009170245653,0.6896551724137931,0.0,1
bovino,saudavel,0.0,0.0,0.0349334596497452,0.09778291899681046,0.08478671900833454,0.0,0
cao,taquicardia_repouso,0.0,0.7967031267219802,0.06174904067057702,0.7382372722600073,0.0,1.0,1
coelho,febre,0.8077288338261421,0.0,0.10224827043873355,0.1358353769680558,0.45977011494252873,0.03333333333333333,1
gato,taquicardia_repouso,0.0,1.0,0.04106424121324943,0.7881599323710191,0.0,1.0,1
ave,atividade_intensa,0.0,0.677701739949601,0.05647538298280342,0.0,0.0,0.0,0
bovino,atividade_intensa,0.0,0.4326929007084772,0.05599972668636152,0.0,0.0,0.0,0
coelho,saudavel,0.0,0.0,0.0386021204503686,0.0,0.0,0.0,0
coelho,atividade_intensa,0.0,0.38205340675402244,0.03993646145757092,0.0,0.0,0.0,0
bovino,taquicardia_repouso,0.0,1.0,0.05561787572145383,0.6432973746486084,0.0,1.0,1
bovino,letargia,0.0,0.0,0.038222685737206434,0.26507341000172724,0.33914687603333815,0.0,1
cao,saudavel,0.0,0.0,0.03159383346194175,0.027270566499309812,0.5602397826269643,0.0,0
cao,febre,0.5250943808846462,0.0,0.13106952927005777,0.09252424667275849,0.42017983697022326,0.1,1
ave,taquicardia_repouso,0.0,1.0,0.048011776840367816,0.7998650543399075,0.0,1.0,1
bovino,taquicardia_repouso,0.0,1.0,0.04084723317507807,0.6516941501579754,0.0,1.0,1
gato,saudavel,0.0,0.0,0.022857666276567778,0.0,0.0,0.0,0
gato,febre,1.0,0.0,0.06453945977258581,0.1306394376679878,0.9195402298850575,0.03333333333333333,1
bovino,letargia,0.0,0.0,0.045297897978696156,0.23278060171336346,0.4663269545458399,0.0,1
ave,saudavel,0.0,0.0,0.017702347922741418,0.0,0.0,0.0,0
gato,saudavel,0.0,0.0,0.019671629785729627,0.005172777320412547,0.0,0.0,0
gato,taquicardia_repouso,0.0,1.0,0.04732215989144958,0.7857987121448372,0.0,1.0,1
cao,letargia,0.0,0.0,0.052405318858953755,0.3327172023178474,0.6302697554553349,0.0,1
ave,saudavel,0.0,0.0,0.019070783711666876,0.05418948071826568,0.0,0.0,0
bovino,letargia,0.0,0.0,0.03535781084358966,0.22452301712148015,0.38154023553750543,0.0,1
gato,saudavel,0.0,0.0,0.01765075204065185,0.015693018010390136,0.0,0.0,0
bovino,saudavel,0.0,0.0,0.032119204629265374,0.0,0.1271800785125018,0.0,0
ave,saudavel,0.0,0.0,0.02487051635759513,0.012404215702536137,0.0,0.0,0
coelho,atividade_intensa,0.0,0.3571631285330912,0.0528512547806451,0.0,0.0,0.0,0
coelho,saudavel,0.0,0.0,0.037447048436829077,0.0022171077634229874,0.0,0.0,0
bovino,atividade_intensa,0.0,0.3152886338660572,0.04970239150292133,0.0,0.0,0.0,0
cao,taquicardia_repouso,0.0,0.8608631182001312,0.04729951409560932,0.7349619656042966,0.0,1.0,1
bovino,saudavel,0.0,0.0,0.03643072989458459,0.039720236976578116,0.08478671900833454,0.0,0
ave,saudavel,0.0,0.0,0.028633285537112016,0.10364475398220818,0.0,0.0,0
bovino,atividade_intensa,0.0,0.3094208651124617,0.05129757515141035,0.0,0.0,0.0,0
bovino,atividade_intensa,0.0,0.36273338384814124,0.055044791606167855,0.0,0.0,0.0,0
coelho,hipotermia_choque,0.3343025729186688,0.0,0.25241087144048846,0.8883436303212354,0.0,0.0,1
coelho,taquicardia_repouso,0.0,0.8330675312094067,0.04542858329390392,0.8025098178724324,0.0,1.0,1
gato,saudavel,0.0,0.0,0.023574139254518497,0.0,0.0,0.0,0
coelho,febre,0.6426753666962195,0.0,0.12100070027810166,0.13676723019414538,0.0,0.06666666666666667,1
bovino,letargia,0.0,0.0,0.03121264961647541,0.2694490687938207,0.38154023553750543,0.0,1
coelho,saudavel,0.0,0.0,0.04493278972612459,0.05347006910237384,0.0,0.0,0
gato,febre,0.8852090932646541,0.0,0.07553624024409329,0.1142844464058419,0.45977011494252873,0.1,1
ave,saudavel,0.0,0.0,0.018505847823079253,0.0,0.0,0.0,0
coelho,saudavel,0.0,0.0,0.0434974480447924,0.0,0.0,0.0,0
bovino,febre,0.29129886994257004,0.0,0.09547498263801764,0.19859479664345714,0.08478671900833454,0.1,1
coelho,febre,0.5884228899394752,0.0,0.1446380655481771,0.13712210819605575,0.45977011494252873,0.0,1
bovino,saudavel,0.0,0.0,0.028821494347691757,0.0,0.21196679752083636,0.0,0
bovino,atividade_intensa,0.0,0.3370361058331284,0.048310769954868604,0.0,0.0,0.0,0
coelho,taquicardia_repouso,0.0,0.8725500355516658,0.05052039955547636,0.8156647020648072,0.0,1.0,1
cao,hipotermia_choque,0.855693885528066,0.0,0.26407339576069117,0.8334138778255308,0.0,0.0,1
bovino,febre,0.7738979567873798,0.0,0.10950834295546512,0.20682682725732215,0.21196679752083636,0.1,1
ave,saudavel,0.0,0.0,0.02153240306910147,0.004069488261005838,0.0,0.0,0
bovino,taquicardia_repouso,0.0,0.9942615453168622,0.06449251791807357,0.6771071563936959,0.0,1.0,1
ave,saudavel,0.0,0.0,0.018974141246613115,0.05815673833318469,0.0,0.0,0
ave,febre,0.48653302244838414,0.0,0.0774389013779698,0.17157913209148723,0.0,0.06666666666666667,1
gato,febre,0.7456594308476958,0.0,0.08909330930079716,0.1823067573533672,1.0,0.06666666666666667,1
gato,saudavel,0.0,0.0,0.0208856075965966,0.0,0.0,0.0,0
gato,saudavel,0.0,0.0,0.02600634926613778,0.0,0.0,0.0,0
cao,saudavel,0.0,0.0,0.03604186863372785,0.05031830558906458,0.35014986414185273,0.0,0
ave,taquicardia_repouso,0.0,1.0,0.050620160681100576,0.8180213815537154,0.0,1.0,1
gato,saudavel,0.0,0.0,0.019555230991455633,0.0,0.0,0.0,0
gato,saudavel,0.0,0.0,0.022822413022630345,0.0,0.0,0.0,0
gato,saudavel,0.0,0.0,0.02417892912623576,0.020737996120224755,0.45977011494252873,0.0,0
cao,febre,0.4514726904720834,0.0,0.137637286535109,0.1397479144485162,0.42017983697022326,0.13333333333333333,1
coelho,saudavel,0.0,0.0,0.039606368865449104,0.005710109651972495,0.0,0.0,0
ave,febre,0.0,0.0,0.06814104409795194,0.14320230865323547,0.0,0.0,1
cao,taquicardia_repouso,0.0,0.7973268934471285,0.041139083498590495,0.7391568238720584,0.0,1.0,1
cao,saudavel,0.0,0.0,0.04077785566110388,0.024652046129475025,0.28011989131348214,0.0,0
gato,taquicardia_repouso,0.0,1.0,0.04326985977301192,0.7898806103816884,0.0,1.0,1
coelho,febre,0.4967042204275647,0.0,0.11718003069604147,0.17815874036194213,0.9195402298850575,0.0,1
ave,saudavel,0.0,0.0,0.019732899778651294,0.0,0.0,0.0,0
ave,hipotermia_choque,0.524422091747752,0.14747627009753694,0.21839654010865964,0.9103260456123278,0.0,0.0,1
cao,taquicardia_repouso,0.0,0.8528894780488947,0.03923819046511039,0.6697842585074932,0.0,1.0,1
gato,hipotermia_choque,0.8418377217886293,0.2500685795362956,0.23396891132398503,0.9012895252139083,0.0,0.0,1
gato,febre,1.0,0.0,0.05497341447277533,0.1439189193159588,0.9195402298850575,0.0,1
coelho,saudavel,0.0,0.0,0.04371182038780042,0.0,0.0,0.0,0
ave,febre,0.2140612865841831,0.0,0.08495115005897112,0.18318713951141774,0.0,0.03333333333333333,1
cao,saudavel,0.0,0.0,0.03706673920612615,0.0,0.28011989131348214,0.0,0
ave,taquicardia_repouso,0.0,1.0,0.05331345232306815,0.8386667222165347,0.0,1.0,1
ave,taquicardia_repouso,0.0,1.0,0.05382732460027719,0.813775594166404,0.0,1.0,1
cao,taquicardia_repouso,0.0,0.8402519300937492,0.053171736090544486,0.7614217795951156,0.0,1.0,1
ave,hipotermia_choque,0.35657073209254264,0.12708856091692544,0.22422714235291574,0.9060457177283061,0.0,0.0,1
ave,letargia,0.0,0.0,0.02370935924528382,0.5792783440786287,1.0,0.0,1
cao,febre,0.13799886113867577,0.0,0.10001154495869254,0.1780526521109962,0.42017983697022326,0.03333333333333333,1
gato,atividade_intensa,0.0,0.46928011833250816,0.05795130704743234,0.0,0.0,0.0,0
bovino,saudavel,0.0,0.0,0.0305122583575338,0.0,0.21196679752083636,0.0,0
ave,taquicardia_repouso,0.0,1.0,0.05199309257873206,0.808775224803935,0.0,1.0,1
bovino,saudavel,0.0,0.0,0.030124680602366297,0.005044318514098589,0.29675351652917087,0.0,0
coelho,saudavel,0.0,0.0,0.04476766118225077,0.0008397994318843915,0.0,0.0,0
coelho,letargia,0.0,0.0,0.04387716755625694,0.5248288658275706,1.0,0.0,1
bovino,atividade_intensa,0.0,0.43267401320734966,0.0529775453827741,0.0,0.0,0.0,0
gato,saudavel,0.0,0.0,0.02136791682235277,0.0,0.0,0.0,0
ave,saudavel,0.0,0.0,0.01871093307823586,0.0,0.0,0.0,0
coelho,febre,0.7056940589619198,0.0,0.0994238769966611,0.07356076785528687,0.0,0.0,1
ave,saudavel,0.0,0.0,0.020471900836456492,0.004735508197173721,0.0,0.0,0
gato,saudavel,0.0,0.0,0.016886260422270632,0.0,0.22988505747126436,0.0,0
ave,saudavel,0.0,0.0,0.026910640288293767,0.00420938479687083,0.0,0.0,0
gato,febre,1.0,0.0,0.06997062809297384,0.15814464987143828,0.22988505747126436,0.06666666666666667,1
cao,saudavel,0.0,0.0,0.03688678439720985,0.02717155642507718,0.42017983697022326,0.0,0
ave,febre,0.12799839102304134,0.0,0.08031259093805053,0.1323016304675133,0.0,0.03333333333333333,1
bovino,febre,0.7182478291415844,0.0,0.1167093650207181,0.17093214754779607,0.16957343801666908,0.2,1
ave,letargia,0.0,0.0,0.02645168138148238,0.5218549613239312,1.0,0.0,1
gato,letargia,0.0,0.0,0.02552346361199397,0.42327861422349855,1.0,0.0,1
bovino,hipotermia_choque,1.0,0.0,0.27904515297852833,0.834398444545771,0.0,0.0,1
cao,saudavel,0.0,0.0,0.04329201849612216,0.0,0.0,0.0,0
ave,saudavel,0.0,0.0,0.02178410125932653,0.03271792018410791,0.0,0.0,0
cao,saudavel,0.0,0.0,0.047405702343832415,0.01832949064487277,0.0,0.0,0
gato,taquicardia_repouso,0.0,1.0,0.04354894076593933,0.8113994614299189,0.0,1.0,1
bovino,letargia,0.0,0.0,0.03696124560937827,0.29974450587664914,0.4239335950416727,0.0,1
bovino,febre,0.7180709339043101,0.0,0.11099323281900413,0.11568711713707558,0.2543601570250036,0.2,1
coelho,atividade_intensa,0.0,0.3591070778849943,0.04156809795641987,0.0,0.0,0.0,0
cao,letargia,0.0,0.0,0.05812074391056369,0.4433489134714237,0.7002997282837055,0.0,1
coelho,saudavel,0.0,0.0,0.03235282942751464,0.0,0.0,0.0,0
cao,saudavel,0.0,0.0,0.03313378449662396,0.13532400578510273,0.21008991848511163,0.0,0
bovino,letargia,0.0,0.0,0.0327283078587925,0.2246705176413495,0.33914687603333815,0.0,1
cao,taquicardia_repouso,0.0,0.8807953709599019,0.053188079671266576,0.778052434466751,0.0,1.0,1
bovino,taquicardia_repouso,0.0,1.0,0.04350866083955203,0.696203075447749,0.0,1.0,1
coelho,saudavel,0.0,0.0,0.0384864428626856,0.03369717109705195,0.0,0.0,0
gato,taquicardia_repouso,0.0,1.0,0.04729562340894917,0.7344641462336405,0.0,1.0,1
ave,atividade_intensa,0.0,0.5124184398123126,0.041989604966862146,0.0,0.0,0.0,0
bovino,atividade_intensa,0.0,0.4118447745814584,0.05438094356624719,0.0,0.0,0.0,0
ave,taquicardia_repouso,0.0,1.0,0.04049345627586294,0.8242522195815954,0.0,1.0,1
bovino,febre,0.0351260113307319,0.0,0.09745614386558998,0.11912149307939202,0.2543601570250036,0.06666666666666667,1
gato,saudavel,0.0,0.0,0.02089037077537123,0.0637803578149676,0.9195402298850575,0.0,0
cao,saudavel,0.0,0.0,0.03722749480705242,0.026671080488780197,0.21008991848511163,0.0,0
gato,letargia,0.0,0.0,0.025297984853398223,0.4647282027169103,1.0,0.0,1
cao,saudavel,0.0,0.0,0.038320969286723426,0.0,0.14005994565674107,0.0,0
coelho,saudavel,0.0,0.0,0.044613077303741366,0.018700120253108854,0.0,0.0,0
coelho,letargia,0.0,0.0,0.045993114857215224,0.4827064607424596,1.0,0.0,1
coelho,febre,0.6861185537569365,0.0,0.13095299889390377,0.11824338573103732,0.45977011494252873,0.03333333333333333,1
coelho,atividade_intensa,0.0,0.28456259676873774,0.04744118810393982,0.0,0.0,0.0,0
bovino,hipotermia_choque,0.4483425179502376,0.0,0.26589179473019336,0.8482280818474737,0.0,0.0,1
gato,saudavel,0.0,0.0,0.023360444925354284,0.007415448419209492,0.0,0.0,0
ave,letargia,0.0,0.0,0.029791300748945867,0.602753320493043,1.0,0.0,1
bovino,taquicardia_repouso,0.0,1.0,0.04421275930434843,0.641457646231155,0.0,1.0,1
gato,saudavel,0.0,0.0,0.021329755296102534,0.0,0.0,0.0,0
cao,saudavel,0.0,0.0,0.03595386056613031,0.0,0.14005994565674107,0.0,0
coelho,saudavel,0.0,0.0,0.036252148324597916,0.0,0.0,0.0,0
bovino,letargia,0.0,0.0,0.032361149708982365,0.29313515309016047,0.4239335950416727,0.0,1
gato,letargia,0.0,0.0,0.028722711656868367,0.4357051830820261,1.0,0.0,1
coelho,saudavel,0.0,0.0,0.035963502150992345,0.0,0.0,0.0,0
cao,saudavel,0.0,0.0,0.03786708883842822,0.0,0.0,0.0,0
ave,febre,0.4531503051164165,0.0,0.08244149872138962,0.0994690017445572,0.0,0.0,1
gato,saudavel,0.0,0.0,0.023894713639566544,0.0037599390815893363,0.0,0.0,0
bovino,atividade_intensa,0.0,0.4631803978052864,0.059268871564827,0.0,0.0,0.0,0
gato,letargia,0.0,0.0,0.029554295602340984,0.5392204724429779,1.0,0.0,1
bovino,hipotermia_choque,0.28275382741093336,0.0,0.25830375373219633,0.8366460380218782,0.0,0.0,1
gato,letargia,0.0,0.0,0.024574051703645843,0.44699860181351625,1.0,0.0,1
cao,letargia,0.0,0.0,0.0377237608568385,0.3544213406802671,0.6302697554553349,0.0,1
ave,taquicardia_repouso,0.0,1.0,0.034878032520546984,0.8258412679472492,0.0,1.0,1
ave,saudavel,0.0,0.0,0.023026995841344967,0.05888503818182633,0.0,0.0,0
cao,febre,0.242988643240865,0.0,0.10974386367920283,0.10704776314526343,0.07002997282837053,0.06666666666666667,1
bovino,atividade_intensa,0.0,0.46440053979230034,0.04985457008431315,0.0,0.0,0.0,0
coelho,atividade_intensa,0.0,0.3692759300426727,0.047340043885028,0.0,0.0,0.0,0
bovino,saudavel,0.0,0.0,0.030758138854200576,0.08484237550288742,0.16957343801666908,0.0,0
coelho,saudavel,0.0,0.0,0.03950524682125201,0.0,0.0,0.0,0
ave,taquicardia_repouso,0.0,1.0,0.04770591070334091,0.8487712680331138,0.0,1.0,1
ave,atividade_intensa,0.0,0.5345516872337512,0.056614429916338034,0.0,0.0,0.0,0
gato,saudavel,0.0,0.0,0.022692459181623607,0.0,0.22988505747126436,0.0,0
bovino,saudavel,0.0,0.0,0.02660151896671201,0.05804207081247292,0.1271800785125018,0.0,0
cao,taquicardia_repouso,0.0,0.8872420268429173,0.042555090493971215,0.7319242318253425,0.0,1.0,1
gato,saudavel,0.0,0.0,0.021515830088304804,0.027404328068203143,0.0,0.0,0
bovino,hipotermia_choque,0.6691557215335517,0.0,0.21870502898087862,0.8327410395083444,0.0,0.0,1
cao,taquicardia_repouso,0.0,0.9053764823883212,0.060749972673663506,0.726878598383633,0.0,1.0,1
bovino,febre,0.7373096385197282,0.0,0.08684607247155254,0.19050039985922274,0.1271800785125018,0.03333333333333333,1
gato,febre,0.5527109945464408,0.0,0.08490619896905163,0.08495667715135036,0.45977011494252873,0.06666666666666667,1
cao,taquicardia_repouso,0.0,0.9104098030886867,0.0516795077020067,0.7280111434969518,0.0,1.0,1
coelho,saudavel,0.0,0.0,0.040723482191036,0.0,0.0,0.0,0
coelho,taquicardia_repouso,0.0,0.8182081117690405,0.04602605012868951,0.7807958241168016,0.0,1.0,1
gato,febre,0.6047148436485832,0.0,0.07116099297213307,0.15309311564532568,0.9195402298850575,0.03333333333333333,1
bovino,atividade_intensa,0.0,0.4007296387099466,0.062379883456452435,0.0,0.0,0.0,0
gato,saudavel,0.0,0.0,0.023313919506443324,0.0,0.0,0.0,0
gato,saudavel,0.0,0.0,0.020765676691009025,0.03303148302691883,0.45977011494252873,0.0,0
cao,saudavel,0.0,0.0,0.04131506851584553,0.037259310753273156,0.28011989131348214,0.0,0
ave,taquicardia_repouso,0.0,1.0,0.0365279379640904,0.8075952981270695,0.0,1.0,1
gato,saudavel,0.0,0.0,0.02344857477521833,0.0,0.0,0.0,0
cao,taquicardia_repouso,0.0,0.9050153480063714,0.03744144526503217,0.7545380126034613,0.0,1.0,1
bovino,letargia,0.0,0.0,0.04217497644661147,0.2154666612872408,0.38154023553750543,0.0,1
ave,taquicardia_repouso,0.0,1.0,0.04558699504094061,0.7993558041389681,0.0,1.0,1
gato,saudavel,0.0,0.0,0.021401568166387535,0.07279051768786338,0.45977011494252873,0.0,0
coelho,saudavel,0.0,0.0,0.04436643314128221,0.001463145943366717,0.0,0.0,0
coelho,saudavel,0.0,0.0,0.0445262928259178,0.0,0.0,0.0,0
cao,saudavel,0.0,0.0,0.031084778803880813,0.03901959979739322,0.21008991848511163,0.0,0
coelho,saudavel,0.0,0.0,0.03180902559243073,0.0,0.0,0.0,0
cao,taquicardia_repouso,0.0,0.9039764620121311,0.0494813922157494,0.7181929911298299,0.0,1.0,1
ave,saudavel,0.0,0.0,0.020349990478232362,0.0,0.0,0.0,0
gato,saudavel,0.0,0.0,0.01955757932769795,0.0,0.0,0.0,0
coelho,taquicardia_repouso,0.0,0.8351471945227524,0.034455992204888194,0.8038112095266472,0.0,1.0,1
bovino,taquicardia_repouso,0.0,0.9833477013556646,0.04247885249572613,0.6657476346616242,0.0,1.0,1
bovino,saudavel,0.0,0.0,0.026927443495757552,0.0032858474261348025,0.29675351652917087,0.0,0
coelho,saudavel,0.0,0.0,0.0501137372436352,0.019397193900050347,0.0,0.0,0
coelho,taquicardia_repouso,0.0,0.879974412602428,0.04546600785522715,0.8163891461209053,0.0,1.0,1
cao,saudavel,0.0,0.0,0.03328462873161705,0.0,0.0,0.0,0
ave,letargia,0.0,0.0,0.027483585078574336,0.5680731864642297,1.0,0.0,1
coelho,saudavel,0.0,0.0,0.03719522648185022,0.029188001724699153,0.0,0.0,0
ave,hipotermia_choque,0.1831760313817341,0.0,0.16534873226194444,0.8992717491474137,0.0,0.0,1
ave,saudavel,0.0,0.0,0.01947417601709779,0.0025517139934371214,0.0,0.0,0
gato,saudavel,0.0,0.0,0.019449596819150188,0.03819283718378619,0.45977011494252873,0.0,0
ave,febre,0.402864474220614,0.0,0.07820782438891816,0.15935056102138434,0.0,0.0,1
bovino,saudavel,0.0,0.0,0.027416300283887557,0.028486969878013912,0.16957343801666908,0.0,0
ave,letargia,0.0,0.0,0.023729370566379106,0.5240869556807135,1.0,0.0,1
bovino,saudavel,0.0,0.0,0.030545103417765413,0.0,0.29675351652917087,0.0,0
coelho,atividade_intensa,0.0,0.3288270761378964,0.05826276521894899,0.0,0.0,0.0,0
ave,saudavel,0.0,0.0,0.024358211303995136,0.017258385722593195,0.0,0.0,0
cao,hipotermia_choque,0.473853231118915,0.0,0.2924850959381149,0.8378339802457606,0.0,0.0,1
bovino,hipotermia_choque,0.8501647906478524,0.0,0.23085573733220532,0.8849163448432021,0.0,0.0,1
gato,taquicardia_repouso,0.0,1.0,0.04775451559143667,0.7522125099563226,0.0,1.0,1
ave,saudavel,0.0,0.0,0.01665475866418154,0.021915697602340578,0.0,0.0,0
coelho,saudavel,0.0,0.0,0.03742865489494812,0.0,0.0,0.0,0
gato,saudavel,0.0,0.0,0.018751469165383977,0.0,0.45977011494252873,0.0,0
coelho,atividade_intensa,0.0,0.3814778692483858,0.05098666711653945,0.0,0.0,0.0,0
bovino,febre,0.1510265659308725,0.0,0.10288488345621082,0.028354951204683676,0.16957343801666908,0.03333333333333333,1
ave,taquicardia_repouso,0.0,1.0,0.04397989984590741,0.8346435256806382,0.0,1.0,1
ave,letargia,0.0,0.0,0.027465132988921302,0.591313954523657,1.0,0.0,1
bovino,febre,0.7827123463001253,0.0,0.10140314113453058,0.19821748564423058,0.1271800785125018,0.1,1
ave,saudavel,0.0,0.0,0.024127985508494407,0.0,0.0,0.0,0
cao,saudavel,0.0,0.0,0.03694247034965479,0.0,0.35014986414185273,0.0,0
cao,saudavel,0.0,0.0,0.04327753219824197,0.0,0.0,0.0,0
gato,saudavel,0.0,0.0,0.021416523858938528,0.007418154518237685,0.0,0.0,0
gato,saudavel,0.0,0.0,0.02268353912570908,0.015590441616822881,0.0,0.0,0
cao,saudavel,0.0,0.0,0.03637266359002071,0.0,0.14005994565674107,0.0,0
bovino,saudavel,0.0,0.0,0.031733104675994994,0.02391340955531107,0.2543601570250036,0.0,0
cao,saudavel,0.0,0.0,0.04894535653817271,0.04160771290454646,0.14005994565674107,0.0,0
coelho,hipotermia_choque,1.0,0.0,0.22780236905590004,0.8837278824112501,0.0,0.0,1
cao,febre,0.1120732712789998,0.0,0.12195344303327128,0.19584783062565714,0.42017983697022326,0.03333333333333333,1
coelho,atividade_intensa,0.0,0.3691984268691886,0.04944625285226218,0.0,0.0,0.0,0
ave,febre,0.3758435512269074,0.0,0.07964185796737844,0.17000602803016718,0.0,0.0,1
bovino,taquicardia_repouso,0.0,0.9941497949723015,0.04143376736432318,0.6613009634690951,0.0,1.0,1
gato,atividade_intensa,0.0,0.5727119582819262,0.04723289636978521,0.0,0.0,0.0,0
bovino,saudavel,0.0,0.0,0.029387735775925662,0.002836652150877028,0.29675351652917087,0.0,0
coelho,saudavel,0.0,0.0,0.05008349824823385,0.0,0.0,0.0,0
bovino,saudavel,0.0,0.0,0.038022317765216966,0.01832627581851698,0.21196679752083636,0.0,0
gato,hipotermia_choque,0.8265183145311619,0.10848848634764896,0.20700048990368908,0.8855566258919537,0.0,0.0,1
cao,febre,0.12782858610113856,0.0,0.110360777417147,0.18067274041545212,0.21008991848511163,0.03333333333333333,1
bovino,atividade_intensa,0.0,0.4410734886919656,0.05497460973590999,0.0,0.0,0.0,0
coelho,letargia,0.0,0.0,0.05907020271971349,0.5662012070446785,1.0,0.0,1
bovino,hipotermia_choque,0.9154460664674768,0.0,0.2196217992590056,0.8538104404714834,0.0,0.0,1
cao,letargia,0.0,0.0,0.047809561680774354,0.3316830685623251,0.7002997282837055,0.0,1
cao,saudavel,0.0,0.0,0.043144294283245364,0.00932876890190193,0.0,0.0,0
cao,saudavel,0.0,0.0,0.03759810682238761,0.0,0.42017983697022326,0.0,0
gato,taquicardia_repouso,0.0,1.0,0.04708963543439599,0.7806647773092116,0.0,1.0,1
ave,saudavel,0.0,0.0,0.020831510895705674,0.010335853919079097,0.0,0.0,0
cao,hipotermia_choque,0.8407862819158507,0.0,0.29507676933655846,0.8266892500828655,0.0,0.0,1
bovino,saudavel,0.0,0.0,0.030235130172801918,0.0,0.08478671900833454,0.0,0
gato,saudavel,0.0,0.0,0.021162500246243304,0.03519734283420295,0.0,0.0,0
gato,hipotermia_choque,0.9363621278090501,0.04525596446325797,0.1835984074510122,0.8897713782325934,0.0,0.0,1
gato,saudavel,0.0,0.0,0.023450788856468945,0.018327070711026572,0.0,0.0,0
ave,taquicardia_repouso,0.0,1.0,0.04171627186593689,0.8250983248635599,0.0,1.0,1
bovino,letargia,0.0,0.0,0.029669483286376117,0.2953109701090181,0.33914687603333815,0.0,1
cao,letargia,0.0,0.0,0.04934511551946309,0.3149291926642104,0.6302697554553349,0.0,1
coelho,taquicardia_repouso,0.0,0.7792521409912192,0.05129661993800802,0.7744783446983792,0.0,1.0,1
cao,atividade_intensa,0.0,0.3530160176320969,0.039210543699737116,0.0,0.0,0.0,0
gato,saudavel,0.0,0.0,0.020888608592153586,0.0,0.9195402298850575,0.0,0
coelho,saudavel,0.0,0.0,0.04221572626864592,0.009498655967860592,0.0,0.0,0
ave,saudavel,0.0,0.0,0.022984741146113992,0.0,0.0,0.0,0
coelho,saudavel,0.0,0.0,0.04121367942132504,0.02353298123496439,0.0,0.0,0
cao,atividade_intensa,0.0,0.37525082420555256,0.052091593403957595,0.0,0.0,0.0,0
gato,saudavel,0.0,0.0,0.017838281849377236,0.0,0.0,0.0,0
cao,letargia,0.0,0.0,0.053606504658294106,0.37864222085990595,0.5602397826269643,0.0,1
bovino,atividade_intensa,0.0,0.4050733775840747,0.05545925831693712,0.0,0.0,0.0,0
gato,saudavel,0.0,0.0,0.024403317349877645,0.0,0.0,0.0,0
ave,saudavel,0.0,0.0,0.020191359038486574,0.0,0.0,0.0,0
bovino,febre,0.23204670777444858,0.0,0.08435017576303741,0.0705681071096802,0.38154023553750543,0.0,1
coelho,letargia,0.0,0.0,0.05221696141997772,0.50051007179029,1.0,0.0,1
cao,febre,0.1103299452466564,0.0,0.1186766518343885,0.20311868240109254,0.35014986414185273,0.06666666666666667,1
coelho,saudavel,0.0,0.0,0.049148850266184596,0.005012171394076059,0.0,0.0,0
gato,saudavel,0.0,0.0,0.023648290632028474,0.0,0.45977011494252873,0.0,0
gato,taquicardia_repouso,0.0,1.0,0.04945603224635492,0.7797579278706858,0.0,1.0,1
ave,hipotermia_choque,0.11903527912288325,0.03775753612381738,0.1893139603383904,0.9017806156548096,0.0,0.0,1
cao,taquicardia_repouso,0.0,0.8864766128109154,0.052252361257927385,0.7163479727460602,0.0,1.0,1
ave,saudavel,0.0,0.0,0.022869982003542153,0.0,0.0,0.0,0
bovino,febre,0.4270197644372331,0.0,0.09256550464604528,0.09932322015893835,0.16957343801666908,0.0,1
gato,hipotermia_choque,1.0,0.0,0.17908729980095808,0.8804345784713692,0.0,0.0,1
bovino,atividade_intensa,0.0,0.3253193223859825,0.039689729389167525,0.0,0.0,0.0,0
ave,saudavel,0.0,0.0,0.016508137554263336,0.0,0.0,0.0,0
bovino,saudavel,0.0,0.0,0.030766873946453114,0.0,0.2543601570250036,0.0,0
ave,taquicardia_repouso,0.0,1.0,0.052572864747849786,0.8301005665642923,0.0,1.0,1
cao,febre,0.24687432269624932,0.0,0.0972791784809419,0.12282286672174036,0.42017983697022326,0.03333333333333333,1
bovino,saudavel,0.0,0.0,0.030403115261264588,0.006784116611195712,0.21196679752083636,0.0,0
cao,taquicardia_repouso,0.0,0.8760204656520749,0.03923454719412369,0.7121285748763619,0.0,1.0,1
ave,taquicardia_repouso,0.0,1.0,0.04786116469849696,0.7819090722674742,0.0,1.0,1
ave,taquicardia_repouso,0.0,1.0,0.03960026121698069,0.8149401069959146,0.0,1.0,1
coelho,saudavel,0.0,0.0,0.044699399603326535,0.0,0.0,0.0,0
bovino,taquicardia_repouso,0.0,1.0,0.04604389291327121,0.6523833387951173,0.0,1.0,1
gato,saudavel,0.0,0.0,0.01915077560418725,5.388795357563758e-05,0.45977011494252873,0.0,0
coelho,saudavel,0.0,0.0,0.04236808259253666,0.0,0.0,0.0,0
gato,hipotermia_choque,0.5694450066379617,0.012744270341580322,0.1942734923027417,0.8730704540574322,0.0,0.0,1
gato,letargia,0.0,0.0,0.017356523013328237,0.5027940059086884,1.0,0.0,1
gato,saudavel,0.0,0.0,0.021102816847124135,0.0,0.6896551724137931,0.0,0
gato,letargia,0.0,0.0,0.028300815002529577,0.43576156489714024,1.0,0.0,1
coelho,febre,0.2773469888100901,0.0,0.13830542985713629,0.12774300232825442,0.45977011494252873,0.03333333333333333,1
gato,taquicardia_repouso,0.0,1.0,0.05379778296872308,0.7899197459650412,0.0,1.0,1
cao,saudavel,0.0,0.0,0.03907667321618057,0.026339284784166472,0.14005994565674107,0.0,0
gato,saudavel,0.0,0.0,0.02292667857906422,0.0,0.0,0.0,0
cao,febre,0.1106058781810173,0.0,0.13001103661157315,0.13332372766784972,0.42017983697022326,0.1,1
gato,saudavel,0.0,0.0,0.02224628988820488,0.0,0.0,0.0,0
gato,taquicardia_repouso,0.0,1.0,0.052609301382683285,0.7411721283757884,0.0,1.0,1
cao,saudavel,0.0,0.0,0.04061266929014187,0.0,0.14005994565674107,0.0,0
bovino,letargia,0.0,0.0,0.039764512896843664,0.23963540900219216,0.38154023553750543,0.0,1
bovino,saudavel,0.0,0.0,0.0404642266230562,0.0,0.2543601570250036,0.0,0
ave,taquicardia_repouso,0.0,1.0,0.04076957528384131,0.8099780457028547,0.0,1.0,1
ave,taquicardia_repouso,0.0,1.0,0.05015665683424666,0.7954871899228289,0.0,1.0,1
coelho,taquicardia_repouso,0.0,0.8856175231703336,0.04674531198591446,0.8345595058878027,0.0,1.0,1
coelho,letargia,0.0,0.0,0.0577228195951363,0.5903347499775109,1.0,0.0,1
bovino,letargia,0.0,0.0,0.036471077547496324,0.1893206146882569,0.4239335950416727,0.0,1
cao,taquicardia_repouso,0.0,0.8388612036730236,0.04095766332036829,0.7231832726246646,0.0,1.0,1
coelho,saudavel,0.0,0.0,0.03792686210045778,0.0,0.0,0.0,0
bovino,saudavel,0.0,0.0,0.029297065487456274,0.009704673856073653,0.1271800785125018,0.0,0
gato,hipotermia_choque,0.705667030794535,0.04798470718995129,0.1877802621464851,0.8633656468932666,0.0,0.0,1
coelho,saudavel,0.0,0.0,0.04228603040591326,0.04837029477185961,0.0,0.0,0
coelho,taquicardia_repouso,0.0,0.7809737982715153,0.0590227970049127,0.7813646992321595,0.0,0.9666666666666667,1
bovino,saudavel,0.0,0.0,0.026115912799172414,0.029704722086683844,0.21196679752083636,0.0,0
ave,hipotermia_choque,0.609875440819458,0.01998023104459956,0.19261197557365797,0.90633134775971,0.0,0.0,1
bovino,febre,0.6263869958885664,0.0,0.08250596837778985,0.1616534394838144,0.16957343801666908,0.0,1
cao,saudavel,0.0,0.0,0.04848000681826768,0.0,0.0,0.0,0
cao,saudavel,0.0,0.0,0.04547308128859423,0.0,0.07002997282837053,0.0,0
gato,febre,0.20017697898492015,0.0,0.06273569301293722,0.12429680436933666,1.0,0.03333333333333333,1
bovino,saudavel,0.0,0.0,0.0384481217439262,0.0,0.21196679752083636,0.0,0
gato,letargia,0.0,0.0,0.02189377701342928,0.5164252621830638,1.0,0.0,1
bovino,febre,0.38363363048413635,0.0,0.08672362519714276,0.07256359516390021,0.16957343801666908,0.0,1
coelho,taquicardia_repouso,0.0,0.8400560398101642,0.03777530351635521,0.8218119484990645,0.0,1.0,1
cao,hipotermia_choque,0.46287274635026643,0.0,0.26638156978857036,0.8604605799772763,0.0,0.0,1
bovino,saudavel,0.0,0.0,0.03456722939001532,0.0013285441420423094,0.2543601570250036,0.0,0
ave,saudavel,0.0,0.0,0.02376057669790344,0.05437156328935999,0.0,0.0,0
cao,letargia,0.0,0.0,0.060289941911031986,0.3536918297464845,0.6302697554553349,0.0,1
ave,atividade_intensa,0.0,0.5912590434927347,0.058447581567650786,0.0,0.0,0.0,0
bovino,saudavel,0.0,0.0,0.034134801175925183,0.09093932935129223,0.1271800785125018,0.0,0
coelho,febre,0.09088947630060784,0.0,0.15090883851688083,0.16385559692528517,0.22988505747126436,0.03333333333333333,1
cao,saudavel,0.0,0.0,0.040461516135389626,0.04801857764186479,0.42017983697022326,0.0,0
gato,atividade_intensa,0.0,0.5316856864036588,0.0561344828728988,0.0,0.0,0.0,0
bovino,saudavel,0.0,0.0,0.033239390417103505,0.0,0.2543601570250036,0.0,0
cao,letargia,0.0,0.0,0.046977855287540136,0.3807543179005751,0.5602397826269643,0.0,1
bovino,hipotermia_choque,0.6259917369800121,0.0,0.26763169770436007,0.8404655741017794,0.0,0.0,1
ave,febre,0.04935709041757974,0.0,0.08376537213028683,0.11515790050212793,0.0,0.0,1
cao,saudavel,0.0,0.0,0.04668872441001332,0.023185299568626028,0.28011989131348214,0.0,0
cao,saudavel,0.0,0.0,0.03417700849417823,0.01888101483423532,0.14005994565674107,0.0,0
bovino,letargia,0.0,0.0,0.03400786629623958,0.22153665670787126,0.4239335950416727,0.0,1
ave,taquicardia_repouso,0.0,1.0,0.0497510248022759,0.8306817602970967,0.0,1.0,1
coelho,letargia,0.0,0.0,0.059400347133802364,0.5294435574028389,1.0,0.0,1
cao,febre,0.0,0.0,0.09250387782057037,0.1369342077080946,0.42017983697022326,0.03333333333333333,1
cao,letargia,0.0,0.0,0.0402797910782525,0.4841518693991591,0.7002997282837055,0.0,1
gato,saudavel,0.0,0.0,0.021413411199924518,0.0,0.0,0.0,0
bovino,saudavel,0.0,0.0,0.035465737936069226,0.015087144691460108,0.2543601570250036,0.0,0
ave,saudavel,0.0,0.0,0.024249416382731908,0.006539325560583675,0.0,0.0,0
ave,taquicardia_repouso,0.0,1.0,0.045110717665280436,0.8236986588587235,0.0,1.0,1
cao,febre,0.0,0.0,0.11600489434854669,0.11119473071139396,0.28011989131348214,0.03333333333333333,1
ave,taquicardia_repouso,0.0,1.0,0.05081913490621603,0.812998521868852,0.0,1.0,1
coelho,febre,0.16750112329377953,0.0,0.13451617959250606,0.2010707159400137,0.0,0.03333333333333333,1
gato,atividade_intensa,0.0,0.6291937584413225,0.06408476764920831,0.0,0.0,0.0,0
bovino,saudavel,0.0,0.0,0.033081572456994515,0.0,0.21196679752083636,0.0,0
ave,taquicardia_repouso,0.0,1.0,0.044830226787196344,0.8074582022192938,0.0,1.0,1
cao,taquicardia_repouso,0.0,0.8303998727388957,0.043752117622460764,0.7199945135627361,0.0,1.0,1
bovino,saudavel,0.0,0.0,0.04588963889070771,0.0,0.2543601570250036,0.0,0
bovino,saudavel,0.0,0.0,0.0286019046401736,0.10996312674179276,0.1271800785125018,0.0,0
ave,taquicardia_repouso,0.0,1.0,0.03855017905953663,0.7740749662871816,0.0,1.0,1
coelho,saudavel,0.0,0.0,0.04075606477455269,0.0,0.0,0.0,0
gato,atividade_intensa,0.0,0.6364603787749907,0.0529828855427065,0.0,0.0,0.0,0
bovino,saudavel,0.0,0.0,0.031389990619334215,0.029899552015147157,0.1271800785125018,0.0,0
gato,letargia,0.0,0.0,0.022589427663413448,0.47564229186075246,1.0,0.0,1
coelho,saudavel,0.0,0.0,0.04096666639744369,0.0020278414935367417,0.0,0.0,0
coelho,saudavel,0.0,0.0,0.04975216785417716,0.012228843903125397,0.0,0.0,0
gato,saudavel,0.0,0.0,0.02504288649224655,0.03206494870459642,0.0,0.0,0
coelho,taquicardia_repouso,0.0,0.8091668991883703,0.04999466814987389,0.8101087640810581,0.0,1.0,1
bovino,atividade_intensa,0.0,0.28397099979450147,0.07048628101914384,0.0,0.0,0.0,0
ave,taquicardia_repouso,0.0,1.0,0.05324316266352399,0.8214986878458366,0.0,1.0,1
coelho,taquicardia_repouso,0.0,0.8428942907697616,0.04305344110821536,0.7998618845696158,0.0,1.0,1
bovino,hipotermia_choque,0.8311800761109776,0.0,0.21048008408218835,0.8265858297633517,0.0,0.0,1
gato,saudavel,0.0,0.0,0.026459220197422004,0.0,0.0,0.0,0
gato,taquicardia_repouso,0.0,1.0,0.044168879263558274,0.8183608615314042,0.0,1.0,1
bovino,letargia,0.0,0.0,0.0390262208265723,0.22423794924821783,0.38154023553750543,0.0,1
gato,febre,0.24641000825354742,0.0,0.0721588983184814,0.16346894531618827,1.0,0.03333333333333333,1
cao,saudavel,0.0,0.0,0.04399818866874277,0.0,0.35014986414185273,0.0,0
coelho,febre,0.7645996587493944,0.0,0.12457407787301188,0.16573989827040103,1.0,0.1,1
coelho,letargia,0.0,0.0,0.054027926952262495,0.5903381507489949,1.0,0.0,1
ave,atividade_intensa,0.0,0.47411967914843056,0.051004166688257156,0.0,0.0,0.0,0
cao,saudavel,0.0,0.0,0.038135095811042734,0.0,0.14005994565674107,0.0,0
coelho,febre,0.3602380102619993,0.0,0.14427665649105675,0.13383451545704528,0.0,0.1,1
coelho,saudavel,0.0,0.0,0.04007246555587887,0.0,0.0,0.0,0
gato,saudavel,0.0,0.0,0.023811215247019558,0.0,0.0,0.0,0
bovino,saudavel,0.0,0.0,0.034297431822645046,0.0,0.16957343801666908,0.0,0
gato,saudavel,0.0,0.0,0.019059920878802292,0.0,0.0,0.0,0
coelho,hipotermia_choque,1.0,0.0,0.31771995209731835,0.8918527680814451,0.0,0.0,1
gato,hipotermia_choque,1.0,0.19996332359382474,0.24142821393462516,0.879400793655877,0.0,0.0,1
gato,taquicardia_repouso,0.0,1.0,0.053039456270429726,0.7759732558965424,0.0,1.0,1
ave,letargia,0.0,0.0,0.028445036429813823,0.6223609259698766,1.0,0.0,1
coelho,saudavel,0.0,0.0,0.04212175445281291,0.04425096607571066,0.0,0.0,0
cao,febre,0.0,0.0,0.11849561424138698,0.16539269798147038,0.35014986414185273,0.06666666666666667,1
ave,taquicardia_repouso,0.0,1.0,0.04415722536359383,0.8253282295171703,0.0,1.0,1
ave,letargia,0.0,0.0,0.030608881905906313,0.5911589218374053,1.0,0.0,1
gato,atividade_intensa,0.0,0.5897831712113217,0.059408829668046566,0.0,0.0,0.0,0
bovino,saudavel,0.0,0.0,0.039028723486666264,0.0,0.1271800785125018,0.0,0
gato,febre,0.43543283837806146,0.0,0.0830161387219611,0.14290381329770996,0.22988505747126436,0.03333333333333333,1
gato,saudavel,0.0,0.0,0.022955384141434162,0.025975823948289123,0.0,0.0,0
coelho,saudavel,0.0,0.0,0.043119293610834525,0.0,0.0,0.0,0
ave,febre,0.3081707502010076,0.0,0.06588513269109764,0.17225263059434315,0.0,0.0,1
bovino,atividade_intensa,0.0,0.4362125698492556,0.04702980354583546,0.0,0.0,0.0,0
bovino,saudavel,0.0,0.0,0.039567240965827824,0.006461757597600815,0.1271800785125018,0.0,0
bovino,taquicardia_repouso,0.0,0.9631337700871696,0.03707143233220156,0.6809556463721903,0.0,1.0,1
ave,taquicardia_repouso,0.0,1.0,0.05704317206966705,0.8261111739803639,0.0,1.0,1
gato,saudavel,0.0,0.0,0.020574464847517415,0.035058426807070164,0.0,0.0,0
bovino,saudavel,0.0,0.0,0.03191922004940295,0.02899021715195238,0.1271800785125018,0.0,0
gato,saudavel,0.0,0.0,0.02221175781745477,0.0,0.0,0.0,0
ave,taquicardia_repouso,0.0,1.0,0.05057152919328409,0.8164825045798362,0.0,1.0,1
gato,hipotermia_choque,1.0,0.2686602888277796,0.2372813362767856,0.8925879632821055,0.0,0.0,1
cao,hipotermia_choque,0.712316518605516,0.0,0.22404170899709702,0.8762868958409243,0.0,0.0,1
ave,taquicardia_repouso,0.0,1.0,0.046811600812522926,0.8369715900088526,0.0,1.0,1
ave,letargia,0.0,0.0,0.032631572392151656,0.5763513093798034,1.0,0.0,1
bovino,letargia,0.0,0.0,0.03827978717729581,0.25461839951826504,0.38154023553750543,0.0,1
cao,hipotermia_choque,0.46875971404118055,0.0,0.26387794240205936,0.8791785987986209,0.0,0.0,1
gato,hipotermia_choque,1.0,0.07286324637428909,0.19543906606848116,0.8798992117840012,0.0,0.0,1
bovino,atividade_intensa,0.0,0.3912409709662321,0.03577299723861087,0.0,0.0,0.0,0
cao,febre,0.4334559601021051,0.0,0.1301481386028863,0.22581238568551432,0.14005994565674107,0.23333333333333334,1
ave,atividade_intensa,0.0,0.5762719468328645,0.05792153498091343,0.0,0.0,0.0,0
ave,febre,0.40195322279939205,0.0,0.07310018911795603,0.09372694839080409,0.0,0.03333333333333333,1
coelho,saudavel,0.0,0.0,0.04837365936810955,0.010594978429333657,0.0,0.0,0
ave,hipotermia_choque,0.6225053955380204,0.10605022998387881,0.21275826149587043,0.9152370987779348,0.0,0.0,1
ave,letargia,0.0,0.0,0.02498135141977482,0.5806451695194728,1.0,0.0,1
bovino,saudavel,0.0,0.0,0.03211091272660923,0.05711716297968639,0.16957343801666908,0.0,0
ave,atividade_intensa,0.0,0.5126869202511215,0.0527450060258854,0.0,0.0,0.0,0
ave,saudavel,0.0,0.0,0.02360317818722749,0.028884631547349437,0.0,0.0,0
ave,febre,0.2709711492134801,0.0,0.056020627132833935,0.15823624246071377,0.0,0.0,1
coelho,febre,0.13518871763558127,0.0,0.12015249211175671,0.16033065610903052,0.22988505747126436,0.03333333333333333,1
ave,febre,0.16075355267084745,0.0,0.07756141765720743,0.14954293633633464,0.0,0.0,1
ave,febre,0.3645756975861403,0.0,0.06041987487874818,0.1497311559356047,0.0,0.0,1
coelho,taquicardia_repouso,0.0,0.8028134227602457,0.048249130861941214,0.8107741855536976,0.0,1.0,1
cao,saudavel,0.0,0.0,0.0376571577219427,0.0,0.14005994565674107,0.0,0
cao,letargia,0.0,0.0,0.04702861354535747,0.39850456527668243,0.7002997282837055,0.0,1
cao,taquicardia_repouso,0.0,0.8721916840438007,0.043665211146464315,0.7108241189294797,0.0,1.0,1
bovino,saudavel,0.0,0.0,0.03262745771158119,0.09861541717504285,0.1271800785125018,0.0,0
ave,atividade_intensa,0.0,0.5070589248175468,0.059717294980712814,0.0,0.0,0.0,0
bovino,febre,0.3239643464516746,0.0,0.10406226276551192,0.19897870534236695,0.0,0.13333333333333333,1
coelho,saudavel,0.0,0.0,0.0451812225357474,0.0,0.0,0.0,0
cao,taquicardia_repouso,0.0,0.8521874537719398,0.041424657912317066,0.7232021448739023,0.0,1.0,1
bovino,saudavel,0.0,0.0,0.032919670503357756,0.001330253660403291,0.21196679752083636,0.0,0
cao,letargia,0.0,0.0,0.04570139344440548,0.3713856149872937,0.5602397826269643,0.0,1
gato,letargia,0.0,0.0,0.02475884350242159,0.4583429597991133,1.0,0.0,1
coelho,taquicardia_repouso,0.0,0.831955281443171,0.04743109728700787,0.7610860161214834,0.0,1.0,1
cao,hipotermia_choque,0.41050944810738055,0.0,0.2250057006046362,0.8736648583125771,0.0,0.0,1
bovino,saudavel,0.0,0.0,0.03303623236145683,0.0,0.16957343801666908,0.0,0
coelho,atividade_intensa,0.0,0.2895700653363309,0.05754962014801445,0.0,0.0,0.0,0
ave,saudavel,0.0,0.0,0.02519685574942256,0.0,0.0,0.0,0
gato,taquicardia_repouso,0.0,1.0,0.040428386832500024,0.8174507880294039,0.0,1.0,1
coelho,hipotermia_choque,0.9748657330437804,0.0,0.22503703792215674,0.9020692859412723,0.0,0.0,1
gato,taquicardia_repouso,0.0,1.0,0.046769242574416565,0.7517431641082557,0.0,1.0,1
bovino,taquicardia_repouso,0.0,0.960280029763642,0.05022955525792705,0.6804999391080915,0.0,1.0,1
cao,saudavel,0.0,0.0,0.041260358898602384,0.0,0.0,0.0,0
coelho,saudavel,0.0,0.0,0.047341263689273785,0.009693778359306737,0.0,0.0,0
ave,saudavel,0.0,0.0,0.027812053086902107,0.05149491998803346,0.0,0.0,0
ave,saudavel,0.0,0.0,0.019471181229580786,0.013557450665357074,0.0,0.0,0
cao,letargia,0.0,0.0,0.04687584320945092,0.4419020342012089,0.5602397826269643,0.0,1
gato,saudavel,0.0,0.0,0.01987761456431198,0.0,0.0,0.0,0
ave,letargia,0.0,0.0,0.03234819028804016,0.5816102396692098,1.0,0.0,1
ave,saudavel,0.0,0.0,0.020699963643170272,0.0,0.0,0.0,0
coelho,saudavel,0.0,0.0,0.03637190273219065,0.0,0.0,0.0,0
coelho,saudavel,0.0,0.0,0.04610151125573802,0.0,0.0,0.0,0
cao,saudavel,0.0,0.0,0.04101398420148043,0.11616733648552002,0.42017983697022326,0.0,0
coelho,taquicardia_repouso,0.0,0.8566497230625718,0.034687033731342166,0.7749716507664304,0.0,1.0,1
bovino,saudavel,0.0,0.0,0.02690088161714024,0.0,0.29675351652917087,0.0,0
gato,saudavel,0.0,0.0,0.019487146548190202,0.016880061278986225,0.0,0.0,0
ave,letargia,0.0,0.0,0.03203939339981029,0.5693832762019226,1.0,0.0,1
cao,atividade_intensa,0.0,0.3062650140357235,0.0615673097900569,0.0,0.0,0.0,0
gato,saudavel,0.0,0.0,0.020986059076389313,0.022822900774789656,0.0,0.0,0
bovino,atividade_intensa,0.0,0.35600250137258627,0.05280765273495331,0.0,0.0,0.0,0
gato,saudavel,0.0,0.0,0.02087663408584117,0.046306899418395386,0.22988505747126436,0.0,0
bovino,taquicardia_repouso,0.0,1.0,0.047185216407665403,0.6443305016367128,0.0,1.0,1
cao,hipotermia_choque,0.13759586900419252,0.0,0.25015966262333406,0.8723890973119813,0.0,0.0,1
cao,saudavel,0.0,0.0,0.036270591644642955,0.006861490620536093,0.14005994565674107,0.0,0
coelho,saudavel,0.0,0.0,0.038747031675161824,0.0,0.0,0.0,0
bovino,letargia,0.0,0.0,0.04653300031068767,0.2700246676646656,0.33914687603333815,0.0,1
coelho,atividade_intensa,0.0,0.3883191264691266,0.04157007616799365,0.0,0.0,0.0,0
bovino,saudavel,0.0,0.0,0.029085965366988185,0.0,0.21196679752083636,0.0,0
cao,atividade_intensa,0.0,0.4113760994740985,0.06145007271180381,0.0,0.0,0.0,0
ave,saudavel,0.0,0.0,0.0232644257639435,0.020531823572683683,0.0,0.0,0
bovino,saudavel,0.0,0.0,0.031322261157241224,0.0498054047003097,0.21196679752083636,0.0,0
bovino,saudavel,0.0,0.0,0.025463750693261296,0.0,0.1271800785125018,0.0,0
gato,letargia,0.0,0.0,0.02891898932079951,0.4155957605803512,1.0,0.0,1
ave,hipotermia_choque,0.18696063800861396,0.2400625723936678,0.2548738366575161,0.9102118701010029,0.0,0.0,1
gato,hipotermia_choque,0.5742784242471057,0.04855545350842627,0.19314947638091787,0.8504871727913035,0.0,0.0,1
cao,saudavel,0.0,0.0,0.03555198986846433,0.01164348860997999,0.35014986414185273,0.0,0
ave,saudavel,0.0,0.0,0.02116460889599559,0.0,0.0,0.0,0
bovino,saudavel,0.0,0.0,0.03379090670876449,0.0,0.1271800785125018,0.0,0
cao,taquicardia_repouso,0.0,0.8351224349170814,0.05415463699401981,0.7409025816952526,0.0,1.0,1
ave,taquicardia_repouso,0.0,1.0,0.052902235997631025,0.8181430595161592,0.0,1.0,1
ave,taquicardia_repouso,0.0,1.0,0.04734145580536096,0.8589546549224273,0.0,1.0,1
gato,taquicardia_repouso,0.0,1.0,0.043512164833266025,0.7666887234950239,0.0,1.0,1
bovino,saudavel,0.0,0.0,0.03914469162547427,0.0,0.16957343801666908,0.0,0
gato,letargia,0.0,0.0,0.023187456245573237,0.4120482763261233,1.0,0.0,1
gato,hipotermia_choque,0.9747430381741018,0.0,0.16857828916186854,0.87141860598175,0.0,0.0,1
coelho,saudavel,0.0,0.0,0.04833802612839101,0.0,0.0,0.0,0
cao,saudavel,0.0,0.0,0.04617772915769775,0.0,0.14005994565674107,0.0,0
ave,saudavel,0.0,0.0,0.02180393839190691,0.0,0.0,0.0,0
coelho,saudavel,0.0,0.0,0.037125847705807236,0.013823329353911062,0.0,0.0,0
coelho,saudavel,0.0,0.0,0.035108655686191606,0.0,0.0,0.0,0
cao,saudavel,0.0,0.0,0.03606703009354538,0.00730278094021819,0.21008991848511163,0.0,0
coelho,taquicardia_repouso,0.0,0.8441181921607424,0.04757491449089369,0.773558533474823,0.0,1.0,1
bovino,saudavel,0.0,0.0,0.03198941482350442,0.0,0.16957343801666908,0.0,0
bovino,taquicardia_repouso,0.0,0.9249575297505366,0.04023406710176961,0.6378805209260148,0.0,1.0,1
coelho,febre,0.37981811256905007,0.0,0.13705962845701858,0.13540366069393517,0.0,0.03333333333333333,1
coelho,taquicardia_repouso,0.0,0.8416270002777619,0.04103917430855064,0.8075181082603226,0.0,1.0,1
coelho,hipotermia_choque,0.29766773018694903,0.0,0.2848521411570964,0.908248259752569,0.0,0.0,1
bovino,febre,0.5214670529448426,0.0,0.12401483580605023,0.0925381791758314,0.08478671900833454,0.26666666666666666,1
gato,taquicardia_repouso,0.0,1.0,0.03968709492325737,0.7373684041152839,0.0,1.0,1
ave,saudavel,0.0,0.0,0.021862697280076848,0.02347867861582653,0.0,0.0,0
bovino,saudavel,0.0,0.0,0.02699021721797068,0.03481223231320507,0.21196679752083636,0.0,0
coelho,saudavel,0.0,0.0,0.049257100948438486,0.0,0.22988505747126436,0.0,0
ave,atividade_intensa,0.0,0.5564240837836671,0.04737711662310835,0.0,0.0,0.0,0
bovino,febre,0.5526292341699179,0.0,0.10697323293657865,0.06689100413107751,0.29675351652917087,0.16666666666666666,1
gato,letargia,0.0,0.0,0.018876763116004433,0.4267423739452486,1.0,0.0,1
bovino,taquicardia_repouso,0.0,0.9856001810642063,0.043165149087768466,0.6207081573246332,0.0,1.0,1
coelho,febre,0.30092154435183716,0.0,0.12331194894680847,0.09800401819981652,0.45977011494252873,0.0,1
gato,febre,0.904194301694484,0.0,0.06879691689145288,0.16443262419978055,0.45977011494252873,0.0,1
coelho,saudavel,0.0,0.0,0.04168452257654478,0.002506261154969769,0.0,0.0,0
bovino,letargia,0.0,0.0,0.04597389457978005,0.21170967344068226,0.4239335950416727,0.0,1
bovino,saudavel,0.0,0.0,0.03353160604312503,0.006796171990026356,0.2543601570250036,0.0,0
ave,saudavel,0.0,0.0,0.02242958121449687,0.0,0.0,0.0,0
bovino,saudavel,0.0,0.0,0.026276773236269837,0.013768591390004525,0.04239335950416727,0.0,0
bovino,atividade_intensa,0.0,0.4407054728125879,0.06040315758355923,0.0,0.0,0.0,0
coelho,taquicardia_repouso,0.0,0.810992572615024,0.05479702665209693,0.7400839617504116,0.0,1.0,1
cao,atividade_intensa,0.0,0.39577796343589355,0.057058280625849715,0.0,0.0,0.0,0
cao,saudavel,0.0,0.0,0.034670413992201686,0.02813723686187597,0.28011989131348214,0.0,0
bovino,letargia,0.0,0.0,0.03755767993198487,0.28143940436532,0.4239335950416727,0.0,1
bovino,saudavel,0.0,0.0,0.03078189438113033,0.0,0.29675351652917087,0.0,0
bovino,saudavel,0.0,0.0,0.0291473494781374,0.0,0.1271800785125018,0.0,0
gato,febre,0.6999241814258148,0.0,0.08028415123858848,0.13204019865706373,0.45977011494252873,0.1,1
ave,atividade_intensa,0.0,0.5482607694895758,0.038354319176639985,0.0,0.0,0.0,0
coelho,saudavel,0.0,0.0,0.03354424309482244,0.0,0.0,0.0,0
cao,taquicardia_repouso,0.0,0.7550708293916286,0.04181533794600812,0.7100323362096308,0.0,1.0,1
coelho,saudavel,0.0,0.0,0.044771820360401296,0.0,0.0,0.0,0
cao,febre,0.428783313855986,0.0,0.11795154586387625,0.14672406029354512,0.42017983697022326,0.06666666666666667,1
ave,febre,0.3794575577347743,0.0,0.06693544525742055,0.17168257867734227,0.0,0.0,1
coelho,saudavel,0.0,0.0,0.04915862942284071,0.038641078360540315,0.0,0.0,0
gato,saudavel,0.0,0.0,0.017357436957723987,0.054299500645284327,0.0,0.0,0
bovino,saudavel,0.0,0.0,0.03149052147006419,0.0,0.21196679752083636,0.0,0
coelho,taquicardia_repouso,0.0,0.8044144926102192,0.04668085011345379,0.7755820365483674,0.0,1.0,1
ave,hipotermia_choque,0.6375626895954554,0.11732948536143262,0.20465508777169336,0.8966252548353889,0.0,0.0,1
coelho,taquicardia_repouso,0.0,0.8718767965481944,0.0524809437288867,0.8244457243760388,0.0,1.0,1
cao,saudavel,0.0,0.0,0.034917654960784236,0.08418038769250924,0.42017983697022326,0.0,0
coelho,febre,0.3219076902085287,0.0,0.13381540956159518,0.16463532959417426,0.0,0.03333333333333333,1
coelho,saudavel,0.0,0.0,0.04265954622087867,0.0,0.0,0.0,0
ave,atividade_intensa,0.0,0.5842079188314286,0.0536394187745121,0.0,0.0,0.0,0
ave,atividade_intensa,0.0,0.533182204146301,0.050345409225088664,0.0,0.0,0.0,0
ave,saudavel,0.0,0.0,0.02658964261086235,0.0,0.0,0.0,0
cao,taquicardia_repouso,0.0,0.9461862161387657,0.06915271169450476,0.7377463554377177,0.0,1.0,1
coelho,atividade_intensa,0.0,0.3135258878354936,0.05625045503465324,0.0,0.0,0.0,0
cao,hipotermia_choque,0.205434065627347,0.0,0.27069110441186817,0.8510367364948963,0.0,0.0,1
bovino,taquicardia_repouso,0.0,0.984789165760364,0.04318356888339385,0.6567103466939264,0.0,1.0,1
bovino,letargia,0.0,0.0,0.03289684487563514,0.211483512803484,0.4239335950416727,0.0,1
coelho,saudavel,0.0,0.0,0.03574049703906152,0.0,0.0,0.0,0
cao,letargia,0.0,0.0,0.0482387118457251,0.36865637532974593,0.6302697554553349,0.0,1
ave,taquicardia_repouso,0.0,1.0,0.04847899828530147,0.8238791476360586,0.0,1.0,1
bovino,saudavel,0.0,0.0,0.03069511718418589,0.023841280261138076,0.08478671900833454,0.0,0
bovino,saudavel,0.0,0.0,0.04059215839346283,0.04948689906312409,0.16957343801666908,0.0,0
ave,febre,0.2358544883778464,0.0,0.0704560420290289,0.1536212348296384,0.0,0.0,1
cao,saudavel,0.0,0.0,0.04433721248072469,0.0,0.0,0.0,0
cao,taquicardia_repouso,0.0,0.9084650332047304,0.03928666602999933,0.7528605276879674,0.0,1.0,1
ave,atividade_intensa,0.0,0.5995631854781778,0.06014754564251428,0.0,0.0,0.0,0
ave,taquicardia_repouso,0.0,1.0,0.04594072721182682,0.814132749069669,0.0,1.0,1
gato,letargia,0.0,0.0,0.027902362731880796,0.44430871687084095,1.0,0.0,1
gato,saudavel,0.0,0.0,0.024076559524837077,0.0,0.0,0.0,0
bovino,taquicardia_repouso,0.0,0.9889515441917609,0.05176946703912399,0.6855075029379691,0.0,1.0,1
ave,hipotermia_choque,0.6033888843629001,0.1790980504799009,0.2309879657465653,0.9014005603455724,0.0,0.0,1
ave,saudavel,0.0,0.0,0.02574879495029612,0.0,0.0,0.0,0
gato,saudavel,0.0,0.0,0.013717919831640528,0.0,0.45977011494252873,0.0,0
ave,hipotermia_choque,0.24468080910061474,0.027799103278286275,0.19898848296684954,0.915203278897132,0.0,0.0,1
bovino,atividade_intensa,0.0,0.5111909034808513,0.050066414344134565,0.0,0.0,0.0,0
bovino,atividade_intensa,0.0,0.390289474498384,0.054592824815474755,0.0,0.0,0.0,0
ave,febre,0.22299576639176877,0.0,0.07769781297065874,0.14505467604799027,0.22988505747126436,0.03333333333333333,1
bovino,saudavel,0.0,0.0,0.02710862601203946,0.0,0.16957343801666908,0.0,0
gato,letargia,0.0,0.0,0.02707691440831074,0.5060320519009424,1.0,0.0,1
ave,letargia,0.0,0.0,0.02705089475149559,0.6369296515488869,1.0,0.0,1
gato,hipotermia_choque,0.5712030612786603,0.0,0.15558446048918453,0.8718456023831664,0.0,0.0,1
bovino,febre,0.5137451911641999,0.0,0.1243168010287595,0.1994156642421946,0.08478671900833454,0.26666666666666666,1
ave,taquicardia_repouso,0.0,1.0,0.0546625440320955,0.8050543580803365,0.0,1.0,1
coelho,saudavel,0.0,0.0,0.03494593500816964,0.0,0.0,0.0,0
bovino,hipotermia_choque,0.7190670831175225,0.0,0.22243798997546863,0.8339291226886114,0.0,0.0,1
cao,saudavel,0.0,0.0,0.03950084472135968,0.0,0.28011989131348214,0.0,0
cao,saudavel,0.0,0.0,0.02737811727536332,0.0,0.14005994565674107,0.0,0
ave,saudavel,0.0,0.0,0.02567456713385295,0.010227044385221262,0.0,0.0,0
coelho,saudavel,0.0,0.0,0.05069008498831407,0.014912913902647706,0.0,0.0,0
gato,letargia,0.0,0.0,0.02491786274827028,0.4341058223710712,1.0,0.0,1
ave,saudavel,0.0,0.0,0.025684578840592717,0.0,0.0,0.0,0
ave,saudavel,0.0,0.0,0.023598305387955286,0.0,0.0,0.0,0
coelho,saudavel,0.0,0.0,0.032875830520061156,0.0009307498733694963,0.0,0.0,0
bovino,febre,0.6895581258418133,0.0,0.09455876062862716,0.15677436004852086,0.08478671900833454,0.06666666666666667,1
bovino,hipotermia_choque,0.9057478280611899,0.0,0.16855776127187458,0.8275727886976438,0.0,0.0,1
cao,hipotermia_choque,0.6993603514902607,0.0,0.23831095632160995,0.8659562942082335,0.0,0.0,1
gato,saudavel,0.0,0.0,0.025232390902902812,0.02573108373132893,0.0,0.0,0
gato,hipotermia_choque,0.43824391561326226,0.0,0.15295325672088236,0.8993804245279148,0.0,0.0,1
coelho,hipotermia_choque,0.7219130060196808,0.0,0.23670473221188582,0.9091731573753316,0.0,0.0,1
gato,febre,0.6861914757275975,0.0,0.06376136196569593,0.17306468682650133,0.9195402298850575,0.03333333333333333,1
ave,hipotermia_choque,0.5478122908265632,0.143902563185206,0.21835612821584133,0.8764466079857087,0.0,0.0,1
ave,saudavel,0.0,0.0,0.02598753715127887,0.0,0.0,0.0,0
coelho,febre,0.6837496778409313,0.0,0.11679152345302117,0.13526851330947776,0.9195402298850575,0.03333333333333333,1
cao,febre,0.17507135776308802,0.0,0.09080279507289683,0.12251231616997282,0.21008991848511163,0.0,1
cao,saudavel,0.0,0.0,0.04487531877992867,0.008612278603153167,0.28011989131348214,0.0,0
gato,letargia,0.0,0.0,0.03334722825150865,0.4552150873655616,1.0,0.0,1
bovino,saudavel,0.0,0.0,0.030740913345762236,0.08416839814258004,0.21196679752083636,0.0,0
bovino,taquicardia_repouso,0.0,0.8967820737711008,0.043577761094621206,0.6679765037647825,0.0,1.0,1
gato,hipotermia_choque,1.0,0.22233686186811985,0.2294531252798306,0.8719482256191724,0.0,0.0,1
coelho,saudavel,0.0,0.0,0.03377472893449842,0.028324451089310476,0.0,0.0,0
ave,saudavel,0.0,0.0,0.023714297552538954,0.043283104788761184,0.0,0.0,0
coelho,letargia,0.0,0.0,0.052573720880778836,0.5524389518559392,1.0,0.0,1
ave,taquicardia_repouso,0.0,1.0,0.04281762061741699,0.8085535198503752,0.0,1.0,1
coelho,letargia,0.0,0.0,0.05766776530763471,0.5009479963305798,1.0,0.0,1
coelho,saudavel,0.0,0.0,0.045864178631503355,0.011084689502604994,0.45977011494252873,0.0,0
cao,saudavel,0.0,0.0,0.03872099020833079,0.04039398959796214,0.28011989131348214,0.0,0
coelho,taquicardia_repouso,0.0,0.7326789446443573,0.04773947190586493,0.8210345881919764,0.0,1.0,1
gato,febre,0.3393938828966836,0.0,0.08896158624023524,0.14528816307206893,0.45977011494252873,0.1,1
ave,saudavel,0.0,0.0,0.023937387207672755,0.013682348142855849,0.0,0.0,0
cao,letargia,0.0,0.0,0.051116492719692715,0.4023793954602928,0.5602397826269643,0.0,1
cao,saudavel,0.0,0.0,0.03791640544213496,0.009034962725337992,0.14005994565674107,0.0,0
coelho,febre,0.21858196344196767,0.0,0.10821072594402205,0.09309376086091659,0.0,0.03333333333333333,1
ave,letargia,0.0,0.0,0.027794027333260186,0.5321266422482621,1.0,0.0,1
coelho,atividade_intensa,0.0,0.28614231642927024,0.054080968718666855,0.0,0.0,0.0,0
bovino,febre,0.31852748779415196,0.0,0.08362877168308114,0.15256227260865596,0.08478671900833454,0.06666666666666667,1
ave,hipotermia_choque,0.38070741995090174,0.23186616937086724,0.23415585563182761,0.8908949433319914,0.0,0.0,1
gato,letargia,0.0,0.0,0.023403948824386085,0.4638956142722611,1.0,0.0,1
coelho,febre,0.6966110008045803,0.0,0.13740366551799976,0.09714692700863403,0.0,0.06666666666666667,1
bovino,febre,0.20735669208051877,0.0,0.09464685684619917,0.1458511104463286,0.21196679752083636,0.03333333333333333,1
gato,atividade_intensa,0.0,0.5860066357954374,0.051340153916500944,0.0,0.0,0.0,0
coelho,taquicardia_repouso,0.0,0.8084238221498399,0.03322006511965802,0.7821818450560113,0.0,1.0,1
coelho,saudavel,0.0,0.0,0.039917510471039405,0.01231196952087954,0.0,0.0,0
gato,letargia,0.0,0.0,0.02619713385540377,0.4693356266674964,1.0,0.0,1
coelho,saudavel,0.0,0.0,0.040964593388077813,0.011030999370157946,0.0,0.0,0
coelho,saudavel,0.0,0.0,0.055767557845889645,0.0,0.0,0.0,0
bovino,hipotermia_choque,0.4582094684482929,0.0,0.27401568362791406,0.8483060855401758,0.0,0.0,1
cao,taquicardia_repouso,0.0,0.8819819311341874,0.042846161328547926,0.6976032568351834,0.0,1.0,1
coelho,hipotermia_choque,0.5880869688116945,0.0,0.24557740996481722,0.8820525737026923,0.0,0.0,1
bovino,saudavel,0.0,0.0,0.031130046759272015,0.0,0.16957343801666908,0.0,0
ave,hipotermia_choque,0.2730306491862038,0.13853875983293729,0.2304977460511301,0.9159934353249151,0.0,0.0,1
gato,saudavel,0.0,0.0,0.01803512856180982,0.04024508541430072,0.45977011494252873,0.0,0
cao,saudavel,0.0,0.0,0.04002071255859508,0.02542008810781593,0.21008991848511163,0.0,0
ave,saudavel,0.0,0.0,0.017094674256833222,0.04543149407783631,0.0,0.0,0
ave,letargia,0.0,0.0,0.03221720289279306,0.5400454065570323,1.0,0.0,1
coelho,saudavel,0.0,0.0,0.036590459705812796,0.010700779101588287,0.0,0.0,0
gato,hipotermia_choque,0.3562585065445363,0.0,0.17004498978960994,0.8879919152260701,0.0,0.0,1
bovino,saudavel,0.0,0.0,0.03434504737290377,0.0,0.1271800785125018,0.0,0
ave,hipotermia_choque,0.49009607320970616,0.0,0.15264057016868765,0.9201684647728187,0.0,0.0,1
ave,taquicardia_repouso,0.0,1.0,0.03996078666999492,0.8049028335685221,0.0,1.0,1
ave,atividade_intensa,0.0,0.5306050025208795,0.04476981681964492,0.0,0.0,0.0,0
gato,saudavel,0.0,0.0,0.02188300733256125,0.0,0.0,0.0,0
bovino,atividade_intensa,0.0,0.45793592452373777,0.05561417989141179,0.0,0.0,0.0,0
gato,saudavel,0.0,0.0,0.02065753861913923,0.02882732525187348,0.0,0.0,0
cao,letargia,0.0,0.0,0.056204330398976675,0.3887343146542206,0.4902098097985938,0.0,1
gato,taquicardia_repouso,0.0,1.0,0.043611640540652835,0.7610072767301526,0.0,1.0,1
gato,hipotermia_choque,0.5735763137560792,0.0,0.14038908168770983,0.8890696361484592,0.0,0.0,1
bovino,saudavel,0.0,0.0,0.03786121297943825,0.0,0.2543601570250036,0.0,0
coelho,atividade_intensa,0.0,0.3302023823817022,0.0574145253624397,0.0,0.0,0.0,0
bovino,taquicardia_repouso,0.0,1.0,0.046040974979611446,0.6827148826846127,0.0,1.0,1
bovino,atividade_intensa,0.0,0.3827570053051539,0.05119125898934433,0.0,0.0,0.0,0
gato,febre,0.7094911151418142,0.0,0.06234796748249523,0.16616907332215236,0.45977011494252873,0.0,1
coelho,saudavel,0.0,0.0,0.04477234299492412,0.013661211815732432,0.0,0.0,0
cao,hipotermia_choque,0.6122606445325944,0.0,0.2638854352746449,0.8685834781692475,0.0,0.0,1
coelho,febre,0.11403809279059374,0.0,0.10311955198925042,0.14228524052222424,0.45977011494252873,0.0,1
bovino,taquicardia_repouso,0.0,1.0,0.04496479490964527,0.6608930353596028,0.0,1.0,1
gato,letargia,0.0,0.0,0.02776253127830667,0.5296061219359247,1.0,0.0,1
cao,saudavel,0.0,0.0,0.03528497924550718,0.0,0.0,0.0,0
bovino,saudavel,0.0,0.0,0.03408770850210345,0.017095313225980124,0.1271800785125018,0.0,0
ave,saudavel,0.0,0.0,0.023391959290060903,0.0,0.0,0.0,0
gato,saudavel,0.0,0.0,0.02054972321939019,0.0,0.0,0.0,0
bovino,atividade_intensa,0.0,0.4072196477770589,0.04612770484243279,0.0,0.0,0.0,0
ave,saudavel,0.0,0.0,0.015939178529385516,0.012365422616781307,0.0,0.0,0
cao,saudavel,0.0,0.0,0.033364588790609995,0.0,0.4902098097985938,0.0,0
gato,atividade_intensa,0.0,0.515560070441365,0.037116049462508766,0.0,0.0,0.0,0
gato,taquicardia_repouso,0.0,1.0,0.049569992914994865,0.7700685317075262,0.0,1.0,1
cao,febre,0.4339834116840571,0.0,0.11336855264916501,0.1584782325619235,0.21008991848511163,0.06666666666666667,1
cao,febre,0.42134846840845697,0.0,0.12546635235428258,0.15045669586764154,0.35014986414185273,0.13333333333333333,1
bovino,saudavel,0.0,0.0,0.03466365857048963,0.020071139326542364,0.2543601570250036,0.0,0
gato,saudavel,0.0,0.0,0.02004240493033644,0.0,0.6896551724137931,0.0,0
ave,febre,0.08640926124956394,0.0,0.06437317776784116,0.142726857696565,0.0,0.0,1
gato,taquicardia_repouso,0.0,1.0,0.04521468723180729,0.7372333208920738,0.0,1.0,1
gato,atividade_intensa,0.0,0.5336029009278811,0.05451017210550716,0.0,0.0,0.0,0
gato,taquicardia_repouso,0.0,1.0,0.037358123712639295,0.7843401824859458,0.0,1.0,1
cao,hipotermia_choque,0.5306860855882216,0.0,0.22224238145076014,0.84070088204627,0.0,0.0,1
ave,febre,0.0,0.0,0.06689340467249748,0.14465129517653552,0.0,0.0,1
bovino,taquicardia_repouso,0.0,0.9988461122346841,0.05534253569212783,0.6698562443726008,0.0,1.0,1
gato,hipotermia_choque,0.9208667551516903,0.0,0.15360713600073006,0.8997827015547544,0.0,0.0,1
bovino,taquicardia_repouso,0.0,0.9971532156627092,0.05593953550324602,0.7039795793687564,0.0,1.0,1
gato,saudavel,0.0,0.0,0.021972679865780286,0.052652637148763115,0.0,0.0,0
cao,febre,0.07123912745162664,0.0,0.1261096385343207,0.17681716203118847,0.4902098097985938,0.16666666666666666,1
gato,saudavel,0.0,0.0,0.02218058649585789,0.0,0.0,0.0,0
cao,taquicardia_repouso,0.0,0.8986225730981239,0.04626015142869728,0.7112371962183789,0.0,1.0,1
coelho,febre,0.22329616566371624,0.0,0.1403401343994223,0.16112981346078803,0.0,0.03333333333333333,1
bovino,saudavel,0.0,0.0,0.026179454870392947,0.0,0.21196679752083636,0.0,0
bovino,letargia,0.0,0.0,0.03796545957793737,0.3269263756071805,0.33914687603333815,0.0,1
gato,hipotermia_choque,0.8763464990204382,0.0,0.15933270310996384,0.8464089979636371,0.0,0.0,1
coelho,saudavel,0.0,0.0,0.03540391710203734,0.015376559161848657,0.0,0.0,0
gato,febre,0.35236043589692345,0.0,0.06417976354326647,0.10555399587501613,0.45977011494252873,0.0,1
gato,hipotermia_choque,1.0,0.0,0.16100821767646195,0.861996018669777,0.0,0.0,1
bovino,atividade_intensa,0.0,0.4456061794004669,0.05084287243439646,0.0,0.0,0.0,0
ave,saudavel,0.0,0.0,0.022090158651272857,0.0,0.0,0.0,0
cao,atividade_intensa,0.0,0.4011776260140629,0.057422318221870855,0.0,0.0,0.0,0
cao,letargia,0.0,0.0,0.05049298507183139,0.3942507803397295,0.5602397826269643,0.0,1
bovino,saudavel,0.0,0.0,0.02956593744218292,0.028790325743042966,0.16957343801666908,0.0,0
bovino,febre,0.5352284265807061,0.0,0.1009856020417798,0.14135471609934958,0.16957343801666908,0.06666666666666667,1
bovino,atividade_intensa,0.0,0.37426253229730255,0.05136848330650131,0.0,0.0,0.0,0
coelho,febre,0.533017584496946,0.0,0.13790452931223418,0.15990476449753377,0.6896551724137931,0.06666666666666667,1
cao,atividade_intensa,0.0,0.3649990059670387,0.049770857042039936,0.0,0.0,0.0,0
bovino,saudavel,0.0,0.0,0.040398418480724514,0.046396214782098766,0.16957343801666908,0.0,0
ave,hipotermia_choque,0.7066132029036325,0.0,0.17870624692014142,0.9197408890612723,0.0,0.0,1
coelho,febre,0.111575964046845,0.0,0.099187272962666,0.19744312194746594,0.45977011494252873,0.0,1
cao,febre,0.5963794810555387,0.0,0.1170218639308251,0.12750709624315515,0.35014986414185273,0.1,1
gato,hipotermia_choque,1.0,0.18924737301570005,0.24644967016867256,0.861903949412577,0.0,0.0,1
coelho,atividade_intensa,0.0,0.3844735499538512,0.044792585566860374,0.0,0.0,0.0,0
gato,taquicardia_repouso,0.0,1.0,0.04323594045842452,0.7750528832087085,0.0,1.0,1
coelho,saudavel,0.0,0.0,0.04164793778534021,0.04207133169636501,0.0,0.0,0
bovino,atividade_intensa,0.0,0.34535671319547423,0.042793893419003574,0.0,0.0,0.0,0
cao,atividade_intensa,0.0,0.3578945537946574,0.0524979525713228,0.0,0.0,0.0,0
coelho,taquicardia_repouso,0.0,0.8018368587886995,0.03723593513691394,0.7733477260377336,0.0,1.0,1
coelho,letargia,0.0,0.0,0.05134247776049059,0.5101195526488966,1.0,0.0,1
coelho,saudavel,0.0,0.0,0.037688659411092444,0.0,0.0,0.0,0
gato,saudavel,0.0,0.0,0.026717626168386254,0.039990247347187924,0.45977011494252873,0.0,0
ave,atividade_intensa,0.0,0.4394168127508571,0.04791941480738188,0.0,0.0,0.0,0
coelho,saudavel,0.0,0.0,0.0442979813825475,0.04425407024714012,0.0,0.0,0
coelho,febre,0.38883620459607005,0.0,0.1417613195899941,0.16008256646367613,0.0,0.03333333333333333,1
ave,hipotermia_choque,0.5820616394705951,0.23859995335128747,0.24597326458353272,0.8921959566304237,0.0,0.0,1
coelho,taquicardia_repouso,0.0,0.7855052472515096,0.04513192830875178,0.7796209981036646,0.0,1.0,1
gato,taquicardia_repouso,0.0,1.0,0.046650169490956184,0.7817617505814864,0.0,1.0,1
ave,saudavel,0.0,0.0,0.023105190226211207,0.050334203891967855,0.0,0.0,0
coelho,atividade_intensa,0.0,0.38151278229068475,0.05362167675894203,0.0,0.0,0.0,0
bovino,letargia,0.0,0.0,0.04192614023218486,0.24896364003512617,0.4663269545458399,0.0,1
bovino,febre,0.24057903865206254,0.0,0.09043357634589504,0.1260205010591844,0.08478671900833454,0.0,1
bovino,letargia,0.0,0.0,0.03846085479331233,0.13091580490289523,0.38154023553750543,0.0,1
ave,saudavel,0.0,0.0,0.01889479042434308,0.0,0.0,0.0,0
ave,saudavel,0.0,0.0,0.022944134585609562,0.017450762780489626,0.0,0.0,0
gato,letargia,0.0,0.0,0.023921169133789836,0.4739501537338915,1.0,0.0,1
cao,saudavel,0.0,0.0,0.0399754008131405,0.010626063930907148,0.28011989131348214,0.0,0
cao,febre,0.3755017553046127,0.0,0.10228565944503486,0.14512122773250846,0.28011989131348214,0.0,1
bovino,taquicardia_repouso,0.0,0.9350747214958104,0.043026394168188584,0.6226883561883243,0.0,1.0,1
coelho,letargia,0.0,0.0,0.047216170146538505,0.52720019610014,1.0,0.0,1
cao,atividade_intensa,0.0,0.365430047190062,0.052895046040548524,0.0,0.0,0.0,0
bovino,taquicardia_repouso,0.0,0.9906839813218866,0.048398482467790854,0.6903318858089283,0.0,1.0,1
cao,saudavel,0.0,0.0,0.041453786689053945,0.0,0.28011989131348214,0.0,0
ave,hipotermia_choque,0.6897189086475493,0.1699605481713471,0.23156402032537524,0.8889210956962893,0.0,0.0,1
bovino,taquicardia_repouso,0.0,1.0,0.048000416515781484,0.6371481305692855,0.0,0.9666666666666667,1
bovino,febre,0.5974147186944851,0.0,0.11978070538868983,0.1558921718333548,0.2543601570250036,0.2,1
coelho,saudavel,0.0,0.0,0.05064137431509216,0.05241989118451307,0.0,0.0,0
cao,saudavel,0.0,0.0,0.036380652390129324,0.0,0.21008991848511163,0.0,0
gato,saudavel,0.0,0.0,0.018273714630818012,0.0,0.0,0.0,0
bovino,saudavel,0.0,0.0,0.036475898438617295,0.050153608869559774,0.2543601570250036,0.0,0
gato,letargia,0.0,0.0,0.02561041098118291,0.43951071797959806,1.0,0.0,1
cao,saudavel,0.0,0.0,0.04081681663093963,0.0030160331816734276,0.35014986414185273,0.0,0
bovino,letargia,0.0,0.0,0.03795002904419451,0.19220415893323817,0.38154023553750543,0.0,1
gato,saudavel,0.0,0.0,0.021205991199426982,0.0,0.0,0.0,0
coelho,febre,0.664505882405507,0.0,0.12112796265904753,0.0784666828731041,0.45977011494252873,0.0,1
cao,saudavel,0.0,0.0,0.035550813723483246,0.0,0.28011989131348214,0.0,0
gato,atividade_intensa,0.0,0.6745671601436016,0.051847643284938655,0.0,0.0,0.0,0
cao,atividade_intensa,0.0,0.31097759122137836,0.045441955146851565,0.0,0.0,0.0,0
gato,hipotermia_choque,1.0,0.0,0.18526106566316627,0.8978333350377641,0.0,0.0,1
coelho,atividade_intensa,0.0,0.2888848623404574,0.04497101923797852,0.0,0.0,0.0,0
ave,hipotermia_choque,0.36467695825094637,0.0853738923847649,0.19074080471213403,0.9191751896180352,0.0,0.0,1
coelho,saudavel,0.0,0.0,0.04957424748688277,0.027918775247686156,0.0,0.0,0
bovino,atividade_intensa,0.0,0.41609862040749945,0.048860446741517204,0.0,0.0,0.0,0
coelho,letargia,0.0,0.0,0.036956358000939285,0.5894125606451057,1.0,0.0,1
coelho,febre,0.6116885226960089,0.0,0.1308931494746516,0.11469477393212968,0.0,0.0,1
bovino,hipotermia_choque,0.7956348638746722,0.0,0.22526174321123313,0.8317374469367244,0.0,0.0,1
bovino,atividade_intensa,0.0,0.3649316143859367,0.05944580050809885,0.0,0.0,0.0,0
ave,saudavel,0.0,0.0,0.021998862071554385,0.04843526147104571,0.0,0.0,0
coelho,saudavel,0.0,0.0,0.04191589583484303,0.0003995103852462156,0.0,0.0,0
coelho,febre,0.856465651483423,0.0,0.13663626242992696,0.09491371508015978,0.0,0.03333333333333333,1
coelho,saudavel,0.0,0.0,0.04356194247050181,0.036642757984554186,0.0,0.0,0
ave,saudavel,0.0,0.0,0.024816348004168674,0.006901799931810948,0.0,0.0,0
gato,febre,0.41328828267308304,0.0,0.06633980565662706,0.18643123084936197,0.22988505747126436,0.03333333333333333,1
coelho,saudavel,0.0,0.0,0.04550557216701235,0.01740899708950705,0.0,0.0,0
gato,hipotermia_choque,0.6428993557232099,0.0,0.15155035968540706,0.8755174906046734,0.0,0.0,1
bovino,taquicardia_repouso,0.0,0.9979365517338821,0.04625205720080855,0.6192084871844783,0.0,1.0,1
gato,hipotermia_choque,1.0,0.09435173596637791,0.1964371679681385,0.8827419080298488,0.0,0.0,1
coelho,atividade_intensa,0.0,0.3582365164312442,0.047921742002277556,0.0,0.0,0.0,0
bovino,taquicardia_repouso,0.0,1.0,0.05487536773041484,0.7231763745811783,0.0,1.0,1
cao,letargia,0.0,0.0,0.04875736451473299,0.38519107531805463,0.6302697554553349,0.0,1
cao,letargia,0.0,0.0,0.05773247271895952,0.3531508301771106,0.7002997282837055,0.0,1
gato,letargia,0.0,0.0,0.026476927661081926,0.4106098076505257,1.0,0.0,1
cao,saudavel,0.0,0.0,0.038362086402567,0.0,0.21008991848511163,0.0,0
ave,hipotermia_choque,0.003968360045682573,0.010266979654889985,0.1933467813147794,0.9212823078519556,0.0,0.0,1
bovino,febre,0.7849946760650539,0.0,0.11173523961825965,0.11497964594452126,0.21196679752083636,0.2,1
ave,saudavel,0.0,0.0,0.020654535248397513,0.0,0.0,0.0,0
ave,atividade_intensa,0.0,0.5755482712239397,0.059428129585044204,0.0,0.0,0.0,0
bovino,saudavel,0.0,0.0,0.025083040257316332,0.10676602171792682,0.21196679752083636,0.0,0
gato,letargia,0.0,0.0,0.034380586592815295,0.4325299471044547,1.0,0.0,1
gato,hipotermia_choque,0.9032248113759638,0.0,0.18590763694946805,0.9008068645959527,0.0,0.0,1
ave,atividade_intensa,0.0,0.5863241493576963,0.051497198401946165,0.0,0.0,0.0,0
ave,hipotermia_choque,0.15491533884814146,0.0,0.1814844726586576,0.9128059329264464,0.0,0.0,1
gato,letargia,0.0,0.0,0.022176627185185507,0.4687396613049145,1.0,0.0,1
bovino,atividade_intensa,0.0,0.4411093955635601,0.047570751573952644,0.0,0.0,0.0,0
coelho,saudavel,0.0,0.0,0.0564392095693619,0.0,0.0,0.0,0
gato,saudavel,0.0,0.0,0.02204337358525717,0.0,0.0,0.0,0
coelho,saudavel,0.0,0.0,0.041276183888876335,0.043041184921041475,0.0,0.0,0
gato,hipotermia_choque,1.0,0.0,0.17835932630727594,0.8981477167526124,0.0,0.0,1
ave,hipotermia_choque,0.3176696514422872,0.06821278241230866,0.20615929727329207,0.9053876779568685,0.0,0.0,1
bovino,saudavel,0.0,0.0,0.03699253658506215,0.05785046817562989,0.16957343801666908,0.0,0
coelho,saudavel,0.0,0.0,0.044576378510466405,0.018824904296847023,0.0,0.0,0
bovino,saudavel,0.0,0.0,0.03231853892260733,0.058002678165150146,0.16957343801666908,0.0,0
ave,saudavel,0.0,0.0,0.020957627984786762,0.0,0.0,0.0,0
bovino,saudavel,0.0,0.0,0.031572562161612694,0.05432464969614159,0.16957343801666908,0.0,0
ave,letargia,0.0,0.0,0.029835464028384304,0.56049101313648,1.0,0.0,1
coelho,saudavel,0.0,0.0,0.048692644381723035,0.024955236643969148,0.0,0.0,0
coelho,atividade_intensa,0.0,0.2880491710265216,0.06687063579208048,0.0,0.0,0.0,0
bovino,saudavel,0.0,0.0,0.029947365018316383,0.07213806124484357,0.1271800785125018,0.0,0
gato,taquicardia_repouso,0.0,1.0,0.05614745488522435,0.7688057880544615,0.0,1.0,1
coelho,taquicardia_repouso,0.0,0.8438555529866614,0.045132973884845246,0.783391996750718,0.0,1.0,1
cao,saudavel,0.0,0.0,0.047978232942704375,0.01574135244311292,0.35014986414185273,0.0,0
bovino,saudavel,0.0,0.0,0.0275106588571324,0.05952445500445169,0.08478671900833454,0.0,0
cao,saudavel,0.0,0.0,0.04948832954385679,0.0,0.0,0.0,0
cao,letargia,0.0,0.0,0.04819943227947061,0.34175263957850033,0.6302697554553349,0.0,1
cao,febre,0.646518394312142,0.0,0.13115657001459477,0.14135889145042047,0.42017983697022326,0.13333333333333333,1
ave,letargia,0.0,0.0,0.02573128664680046,0.5602144287011852,1.0,0.0,1
gato,saudavel,0.0,0.0,0.0251718387450043,0.0,0.0,0.0,0
ave,letargia,0.0,0.0,0.03341680227010702,0.6210261046202518,1.0,0.0,1
cao,febre,0.6911669788515475,0.0,0.12081638335751774,0.15349618048840463,0.4902098097985938,0.13333333333333333,1
gato,saudavel,0.0,0.0,0.02179904103645012,0.0,0.0,0.0,0
coelho,atividade_intensa,0.0,0.3963053137421284,0.04119471542176935,0.0,0.0,0.0,0
ave,saudavel,0.0,0.0,0.0216658145195853,0.01792537162116825,0.0,0.0,0
bovino,hipotermia_choque,1.0,0.0,0.24767693720834896,0.8257220719909161,0.0,0.0,1
ave,hipotermia_choque,0.04329367615117974,0.040012482035211905,0.19024103544765705,0.9192793376594736,0.0,0.0,1
coelho,letargia,0.0,0.0,0.045858603170771006,0.5415338041283053,1.0,0.0,1
bovino,atividade_intensa,0.0,0.36879545333003994,0.0531143008595838,0.0,0.0,0.0,0
bovino,saudavel,0.0,0.0,0.03707082926420388,0.0,0.21196679752083636,0.0,0
cao,saudavel,0.0,0.0,0.04763282355403382,0.0,0.35014986414185273,0.0,0
bovino,taquicardia_repouso,0.0,1.0,0.038879823465684686,0.6490794634110015,0.0,1.0,1
gato,taquicardia_repouso,0.0,1.0,0.047402039666812106,0.7551474603339183,0.0,1.0,1
cao,saudavel,0.0,0.0,0.05025626472542121,0.05029667965767426,0.42017983697022326,0.0,0
gato,taquicardia_repouso,0.0,1.0,0.05189149540448028,0.7486942550063985,0.0,1.0,1
ave,taquicardia_repouso,0.0,1.0,0.044289345473436256,0.8399482640036166,0.0,1.0,1
coelho,taquicardia_repouso,0.0,0.9072467184502382,0.04396973642212489,0.7896709376257139,0.0,1.0,1
coelho,atividade_intensa,0.0,0.3233017318166229,0.06149249920337138,0.0,0.0,0.0,0
coelho,taquicardia_repouso,0.0,0.7889267218935045,0.043231192285633074,0.7814448955661408,0.0,1.0,1
coelho,letargia,0.0,0.0,0.05358134643589387,0.5213878847125972,1.0,0.0,1
cao,atividade_intensa,0.0,0.3881966968858115,0.06074404189061527,0.0,0.0,0.0,0
ave,saudavel,0.0,0.0,0.020854107494596544,0.04454200967204747,0.0,0.0,0
gato,febre,1.0,0.0,0.07980095382048874,0.10776923096670776,0.45977011494252873,0.1,1
gato,saudavel,0.0,0.0,0.020034673603414602,0.06104748407173888,0.45977011494252873,0.0,0
bovino,saudavel,0.0,0.0,0.03235821376162305,0.0,0.29675351652917087,0.0,0
bovino,letargia,0.0,0.0,0.04514930016716532,0.2291330634442278,0.33914687603333815,0.0,1
bovino,atividade_intensa,0.0,0.38699579917413796,0.05724317870238339,0.0,0.0,0.0,0
bovino,taquicardia_repouso,0.0,0.9502151005762656,0.046870661515467836,0.6773879253510868,0.0,1.0,1
ave,hipotermia_choque,0.21396665859388975,0.03492429875696379,0.1949456769245663,0.9028259798671725,0.0,0.0,1
coelho,letargia,0.0,0.0,0.05902291232640552,0.5628183500026128,1.0,0.0,1
gato,febre,1.0,0.0,0.07887731457057866,0.19822592883131007,0.45977011494252873,0.06666666666666667,1
coelho,atividade_intensa,0.0,0.3589433432519207,0.04061254284619068,0.0,0.0,0.0,0
gato,atividade_intensa,0.0,0.5854705767972157,0.04660038177581298,0.0,0.0,0.0,0
ave,saudavel,0.0,0.0,0.020989642759062545,0.0,0.0,0.0,0
ave,saudavel,0.0,0.0,0.018902139108882166,0.0,0.0,0.0,0
ave,saudavel,0.0,0.0,0.021562680285604235,0.0,0.0,0.0,0
bovino,letargia,0.0,0.0,0.0331739350683366,0.2311056256287629,0.4239335950416727,0.0,1
coelho,taquicardia_repouso,0.0,0.8487766572451223,0.053373779934774254,0.7885152263147361,0.0,1.0,1
coelho,saudavel,0.0,0.0,0.0377454296461653,0.0,0.0,0.0,0
bovino,letargia,0.0,0.0,0.039637675378265534,0.2721687321071984,0.33914687603333815,0.0,1
ave,hipotermia_choque,0.1709393322286772,0.0,0.1649598046642318,0.905567348895399,0.0,0.0,1
cao,saudavel,0.0,0.0,0.0513091550066587,0.044616039835817856,0.28011989131348214,0.0,0
cao,taquicardia_repouso,0.0,0.8581756608067899,0.041923778412244476,0.7460145916100445,0.0,1.0,1
coelho,letargia,0.0,0.0,0.03465963898118189,0.5827047561507464,1.0,0.0,1
ave,atividade_intensa,0.0,0.6151952973566435,0.05423195096507601,0.0,0.0,0.0,0
coelho,saudavel,0.0,0.0,0.04410843005743995,0.046960935340016996,0.0,0.0,0
ave,saudavel,0.0,0.0,0.02013454971759289,0.0,0.0,0.0,0
cao,saudavel,0.0,0.0,0.039547030135516754,0.0,0.07002997282837053,0.0,0
ave,taquicardia_repouso,0.0,1.0,0.03741007589331102,0.7827799815139308,0.0,1.0,1
bovino,saudavel,0.0,0.0,0.04511224634566415,0.0,0.08478671900833454,0.0,0
coelho,saudavel,0.0,0.0,0.04421199963522747,0.0,0.0,0.0,0
bovino,taquicardia_repouso,0.0,1.0,0.05292163307390718,0.6716368789962484,0.0,1.0,1
ave,hipotermia_choque,0.6831929831735195,0.0,0.18357999456188326,0.9189299401509696,0.0,0.0,1
gato,letargia,0.0,0.0,0.028970587801727166,0.3980203358169314,1.0,0.0,1
gato,saudavel,0.0,0.0,0.020040249365630786,0.056947154298164326,0.0,0.0,0
ave,taquicardia_repouso,0.0,1.0,0.05430219875394424,0.8044151824339926,0.0,1.0,1
ave,saudavel,0.0,0.0,0.019852640981175177,0.0,0.0,0.0,0
gato,taquicardia_repouso,0.0,1.0,0.05529990499332174,0.7958341651471674,0.0,1.0,1
cao,hipotermia_choque,0.28169795064949366,0.0,0.2216161562325392,0.8509044281973072,0.0,0.0,1
bovino,saudavel,0.0,0.0,0.031266427612022966,0.0,0.16957343801666908,0.0,0
bovino,saudavel,0.0,0.0,0.031302159087308254,0.009682386132454535,0.21196679752083636,0.0,0
gato,taquicardia_repouso,0.0,1.0,0.0416612613977957,0.7595595730900104,0.0,1.0,1
gato,atividade_intensa,0.0,0.5622406824465684,0.050442805870784146,0.0,0.0,0.0,0
cao,taquicardia_repouso,0.0,0.888986922979651,0.07062013669471937,0.7468963773601528,0.0,1.0,1
coelho,febre,0.8231333504239728,0.0,0.12421948748955525,0.09890746026767816,0.0,0.0,1
cao,saudavel,0.0,0.0,0.03894276440111134,0.062011526149659546,0.42017983697022326,0.0,0
ave,atividade_intensa,0.0,0.6125612449905673,0.05087530116057129,0.0,0.0,0.0,0
cao,letargia,0.0,0.0,0.05112874112308743,0.3709206970244966,0.6302697554553349,0.0,1
gato,febre,0.3323123549203535,0.0,0.0670210950478198,0.18056173238515238,1.0,0.03333333333333333,1
gato,saudavel,0.0,0.0,0.02137861321398691,0.0541184667139013,0.0,0.0,0
cao,taquicardia_repouso,0.0,0.9116229659150676,0.044224457941398614,0.7121089880878223,0.0,1.0,1
ave,taquicardia_repouso,0.0,1.0,0.05710503944625935,0.8189677329386689,0.0,1.0,1
bovino,taquicardia_repouso,0.0,0.9891074423580115,0.05109127204521402,0.6482933431577667,0.0,1.0,1
ave,saudavel,0.0,0.0,0.024967239456294435,0.029037169782323624,0.0,0.0,0
bovino,atividade_intensa,0.0,0.4338898821725272,0.06213661494519606,0.0,0.0,0.0,0
ave,saudavel,0.0,0.0,0.02148139540867422,0.06205548151423124,0.0,0.0,0
coelho,febre,0.410314021111958,0.0,0.12298686867210405,0.19090130432898,0.45977011494252873,0.06666666666666667,1
gato,taquicardia_repouso,0.0,1.0,0.04800913350427861,0.7765941100079017,0.0,1.0,1
coelho,febre,0.5107271690874124,0.0,0.11935896638840955,0.12356090501073391,0.0,0.0,1
coelho,taquicardia_repouso,0.0,0.8816981792037029,0.05914210551259835,0.7745889261052887,0.0,1.0,1
bovino,febre,0.7691432987509852,0.0,0.09435579979090425,0.21389467279454522,0.08478671900833454,0.06666666666666667,1
ave,letargia,0.0,0.0,0.032796633558174824,0.6196104525506864,1.0,0.0,1
ave,atividade_intensa,0.0,0.6033415458941385,0.05526693580909267,0.0,0.0,0.0,0
bovino,saudavel,0.0,0.0,0.0326738503071412,0.0,0.08478671900833454,0.0,0
cao,febre,0.5881884152028454,0.0,0.11462826651060197,0.17714306764083787,0.5602397826269643,0.13333333333333333,1
ave,saudavel,0.0,0.0,0.019107401467888037,0.0,0.0,0.0,0
bovino,atividade_intensa,0.0,0.34241971165183505,0.049517974361673885,0.0,0.0,0.0,0
coelho,saudavel,0.0,0.0,0.04963511953807261,0.0,0.0,0.0,0
bovino,taquicardia_repouso,0.0,0.9721410580417924,0.043438466422497005,0.6618782284923608,0.0,1.0,1
bovino,saudavel,0.0,0.0,0.032708098975128434,0.03172034370591492,0.1271800785125018,0.0,0
bovino,saudavel,0.0,0.0,0.035978505806597394,0.0,0.1271800785125018,0.0,0
coelho,taquicardia_repouso,0.0,0.7669793647464112,0.04327469249968338,0.7726189389356496,0.0,1.0,1
bovino,saudavel,0.0,0.0,0.0401706887639722,0.05266111275636243,0.16957343801666908,0.0,0
coelho,taquicardia_repouso,0.0,0.8184278567290197,0.050500279556221425,0.8270154847082052,0.0,1.0,1
bovino,febre,0.14670659691626997,0.0,0.11834660915959196,0.11913290274744559,0.08478671900833454,0.23333333333333334,1
cao,saudavel,0.0,0.0,0.03834985578510755,0.0,0.07002997282837053,0.0,0
bovino,saudavel,0.0,0.0,0.028904232853911943,0.0,0.2543601570250036,0.0,0
cao,febre,0.31672295360166025,0.0,0.12856012268736636,0.10207723486802212,0.14005994565674107,0.16666666666666666,1
gato,saudavel,0.0,0.0,0.022105743335773195,0.0,0.22988505747126436,0.0,0
bovino,febre,0.6856209577511738,0.0,0.12288697502971276,0.2091747032542195,0.16957343801666908,0.3,1
coelho,saudavel,0.0,0.0,0.042341962120702084,0.0,0.0,0.0,0
ave,taquicardia_repouso,0.0,1.0,0.05609997487454783,0.8274827511142249,0.0,1.0,1
gato,saudavel,0.0,0.0,0.019464137948641727,0.0,0.0,0.0,0
coelho,saudavel,0.0,0.0,0.039148684778109816,0.010372366977321135,0.0,0.0,0
cao,febre,0.18001144686887516,0.0,0.11468858751345624,0.17816641264329613,0.28011989131348214,0.1,1
ave,saudavel,0.0,0.0,0.01954249547903382,0.038149433155948875,0.0,0.0,0
coelho,febre,0.30363531615352213,0.0,0.10711955838231961,0.1362076594482241,0.0,0.0,1
cao,saudavel,0.0,0.0,0.044330743997654576,0.014475574525902535,0.14005994565674107,0.0,0
cao,saudavel,0.0,0.0,0.04419791793933019,0.0009719237554182136,0.14005994565674107,0.0,0
bovino,saudavel,0.0,0.0,0.031613767897093636,0.07235480679030559,0.16957343801666908,0.0,0
ave,saudavel,0.0,0.0,0.023807281295842274,0.001983497454868699,0.0,0.0,0
gato,hipotermia_choque,1.0,0.27910878512645,0.22757260616395752,0.862167096231184,0.0,0.0,1
cao,taquicardia_repouso,0.0,0.8254261078035525,0.04892656315834164,0.7493969643119991,0.0,1.0,1
coelho,hipotermia_choque,0.6131029735655222,0.0,0.2948688012809513,0.8849672471033375,0.0,0.0,1
ave,febre,0.09165352918771674,0.0,0.07960410746979196,0.1590410487770988,0.0,0.0,1
bovino,hipotermia_choque,0.8858391100162823,0.0,0.2173167492957133,0.8394202155280431,0.0,0.0,1
gato,saudavel,0.0,0.0,0.024291860338382435,0.0551558391201149,0.0,0.0,0
bovino,saudavel,0.0,0.0,0.02767904582171953,0.04436368432661686,0.21196679752083636,0.0,0
cao,hipotermia_choque,0.3268953159447854,0.0,0.23955039018800295,0.8904690762328235,0.0,0.0,1
ave,letargia,0.0,0.0,0.03201287302228348,0.5877938128965281,1.0,0.0,1
ave,saudavel,0.0,0.0,0.02254621008045128,0.020909320829246347,0.0,0.0,0
gato,letargia,0.0,0.0,0.02415101011594867,0.38756279319848186,1.0,0.0,1
coelho,saudavel,0.0,0.0,0.039078771226016544,0.0015949676270982094,0.0,0.0,0
ave,febre,0.46295089809868983,0.0,0.05996237092640816,0.10928110414733871,0.0,0.0,1
coelho,saudavel,0.0,0.0,0.042268101238866575,0.03167149413047787,0.45977011494252873,0.0,0
cao,atividade_intensa,0.0,0.34005460710152,0.06815895585048923,0.0,0.0,0.0,0
coelho,saudavel,0.0,0.0,0.033063852262090014,0.0,0.0,0.0,0
gato,saudavel,0.0,0.0,0.02213923942909058,0.0,0.0,0.0,0
bovino,saudavel,0.0,0.0,0.03402061499872841,0.2253867822330765,0.0,0.0,0
bovino,taquicardia_repouso,0.0,0.9876134887780252,0.04804655780753233,0.6581416678245732,0.0,1.0,1
coelho,febre,0.49134025048553553,0.0,0.13882282934944992,0.144399140773257,0.22988505747126436,0.0,1
gato,saudavel,0.0,0.0,0.020095762524485434,0.0,0.0,0.0,0
coelho,saudavel,0.0,0.0,0.04848304526489498,0.0,0.0,0.0,0
bovino,hipotermia_choque,0.29615883171545465,0.0,0.24333849996041515,0.8485344841423773,0.0,0.0,1
coelho,hipotermia_choque,0.677583885045351,0.0,0.24246255662672822,0.9037713212211965,0.0,0.0,1
ave,saudavel,0.0,0.0,0.022275472520176417,0.007296260845520375,0.0,0.0,0
cao,taquicardia_repouso,0.0,0.9042572615694282,0.046514751182680655,0.748026606177878,0.0,1.0,1
gato,letargia,0.0,0.0,0.02421654721382458,0.49311411789843296,1.0,0.0,1
gato,saudavel,0.0,0.0,0.018259688908702436,0.0,0.0,0.0,0
coelho,taquicardia_repouso,0.0,0.8216186953618343,0.03338974128985051,0.7541269222502703,0.0,1.0,1
coelho,letargia,0.0,0.0,0.0441171315731141,0.5269476816414674,1.0,0.0,1
ave,saudavel,0.0,0.0,0.02045561065445824,0.0,0.0,0.0,0
bovino,atividade_intensa,0.0,0.42707413160618435,0.04562742144979915,0.0,0.0,0.0,0
gato,taquicardia_repouso,0.0,1.0,0.0487207903267664,0.7878130700597556,0.0,1.0,1
coelho,febre,0.5446267781146048,0.0,0.1159328278252066,0.15111586289031054,0.0,0.0,1
cao,saudavel,0.0,0.0,0.03079881736404594,0.0,0.14005994565674107,0.0,0
ave,saudavel,0.0,0.0,0.019647609420602834,0.0,0.0,0.0,0
bovino,febre,0.5183408094961142,0.0,0.09106996281785582,0.08234161619199964,0.16957343801666908,0.1,1
coelho,letargia,0.0,0.0,0.05670726207999297,0.542429742927985,1.0,0.0,1
bovino,saudavel,0.0,0.0,0.03849910741278062,0.0,0.21196679752083636,0.0,0
cao,taquicardia_repouso,0.0,0.9377016897919013,0.052809282834566026,0.7453563070213465,0.0,1.0,1
ave,saudavel,0.0,0.0,0.02140848370365094,0.005841642596248864,0.0,0.0,0
ave,febre,0.2838730728894916,0.0,0.08755892704349612,0.19253048616759505,0.0,0.03333333333333333,1
bovino,saudavel,0.0,0.0,0.036626867426870824,0.0,0.33914687603333815,0.0,0
coelho,taquicardia_repouso,0.0,0.886564234986442,0.04936906342623096,0.8110299020831113,0.0,1.0,1
coelho,taquicardia_repouso,0.0,0.872420795632237,0.04619576264108465,0.8071459541085495,0.0,1.0,1
coelho,letargia,0.0,0.0,0.04655924418353464,0.5889487163168987,1.0,0.0,1
bovino,taquicardia_repouso,0.0,0.9513122383720045,0.048849699232714226,0.6249782935134449,0.0,1.0,1
bovino,febre,0.1143402494946788,0.0,0.09633911190374746,0.16556275639191775,0.1271800785125018,0.03333333333333333,1
bovino,saudavel,0.0,0.0,0.026238321434091594,0.07609631781487425,0.1271800785125018,0.0,0
ave,febre,0.21019565262350426,0.0,0.059029638726031355,0.16991938439514165,0.0,0.0,1
gato,febre,0.24909889916991967,0.0,0.07718416103144188,0.15492598630040522,0.45977011494252873,0.13333333333333333,1
coelho,saudavel,0.0,0.0,0.04700330127587262,0.0,0.0,0.0,0
cao,febre,0.11704145354876916,0.0,0.10469354527050141,0.13552732452827587,0.21008991848511163,0.0,1
coelho,saudavel,0.0,0.0,0.036960766884483964,0.0,0.0,0.0,0
coelho,febre,0.10582615090628633,0.0,0.1355090115969292,0.16080072184140548,0.45977011494252873,0.03333333333333333,1
bovino,taquicardia_repouso,0.0,1.0,0.03965500099171785,0.672385062955669,0.0,1.0,1
ave,febre,0.17614867988538663,0.0,0.06144967470825392,0.19387443668431692,0.0,0.0,1
bovino,saudavel,0.0,0.0,0.028513512219966633,0.0,0.16957343801666908,0.0,0
bovino,hipotermia_choque,0.6431580724304145,0.0,0.23945263174443626,0.8483505008585925,0.0,0.0,1
gato,letargia,0.0,0.0,0.027907474038585827,0.4837607543660384,1.0,0.0,1
cao,letargia,0.0,0.0,0.044978535730125495,0.4355557867248011,0.7002997282837055,0.0,1
gato,saudavel,0.0,0.0,0.025033422727004588,0.0,0.0,0.0,0
coelho,taquicardia_repouso,0.0,0.8279599328308642,0.04697646318938503,0.8099702025398309,0.0,1.0,1
cao,saudavel,0.0,0.0,0.03779903664535157,0.0,0.07002997282837053,0.0,0
cao,letargia,0.0,0.0,0.049169555494083736,0.3569082576058946,0.6302697554553349,0.0,1
ave,atividade_intensa,0.0,0.627823896950378,0.057198746846158034,0.0,0.0,0.0,0
gato,saudavel,0.0,0.0,0.021596591255136105,0.025344496618277756,0.0,0.0,0
ave,hipotermia_choque,0.49171624844123585,0.23693987503746516,0.2441233925381239,0.9464921234582477,0.0,0.0,1
cao,taquicardia_repouso,0.0,0.8379306815189587,0.03678661450597513,0.7594616091636883,0.0,1.0,1
bovino,taquicardia_repouso,0.0,1.0,0.060914662732727665,0.6934314916475796,0.0,1.0,1
gato,saudavel,0.0,0.0,0.026870852135811116,0.05232784161600268,0.45977011494252873,0.0,0
bovino,atividade_intensa,0.0,0.2756150152252026,0.04434581783158757,0.0,0.0,0.0,0
cao,saudavel,0.0,0.0,0.027559153139021186,0.009776244792061517,0.14005994565674107,0.0,0
bovino,taquicardia_repouso,0.0,0.9656065883410734,0.04701568035337333,0.6267482622267624,0.0,1.0,1
ave,letargia,0.0,0.0,0.024407186586692806,0.5867483810750934,1.0,0.0,1
bovino,febre,0.23834188541177537,0.0,0.10021517942326776,0.2115072646660161,0.2543601570250036,0.2,1
bovino,hipotermia_choque,0.5749808279531787,0.0,0.27935214231289945,0.837531653266463,0.0,0.0,1
cao,febre,0.04989385030875271,0.0,0.12728811696206926,0.1415999432738898,0.28011989131348214,0.13333333333333333,1
gato,saudavel,0.0,0.0,0.017558135791484936,0.02733486710103461,0.0,0.0,0
bovino,saudavel,0.0,0.0,0.033597571793718424,0.01567823153565273,0.29675351652917087,0.0,0
coelho,letargia,0.0,0.0,0.048989837254912134,0.5202643401031017,1.0,0.0,1
bovino,taquicardia_repouso,0.0,0.9794131348729125,0.037399159931585844,0.634155196132454,0.0,1.0,1
bovino,saudavel,0.0,0.0,0.03265792313598119,0.028050906583173663,0.21196679752083636,0.0,0
ave,febre,0.49729217795866987,0.0,0.08159601989295868,0.1627836766389833,0.0,0.0,1
coelho,saudavel,0.0,0.0,0.04233429998255974,0.025574511375420883,0.0,0.0,0
bovino,letargia,0.0,0.0,0.028710722353212766,0.2786501874010867,0.29675351652917087,0.0,1
bovino,saudavel,0.0,0.0,0.02928950192256896,0.07689970283429692,0.2543601570250036,0.0,0
gato,saudavel,0.0,0.0,0.02361932036466749,0.020153404354145033,0.0,0.0,0
bovino,febre,0.668590367900644,0.0,0.1155013464439237,0.15464348545922713,0.2543601570250036,0.13333333333333333,1
coelho,saudavel,0.0,0.0,0.050839791584637264,0.0378005232625761,0.0,0.0,0
cao,saudavel,0.0,0.0,0.04024410341381416,0.021080359616859945,0.35014986414185273,0.0,0
coelho,febre,0.5259615864696343,0.0,0.12098061435218688,0.11826710688830289,0.0,0.0,1
ave,taquicardia_repouso,0.0,1.0,0.02994122636245359,0.8515752327325544,0.0,1.0,1
coelho,letargia,0.0,0.0,0.055116342533242615,0.6273416413778818,1.0,0.0,1
bovino,saudavel,0.0,0.0,0.0403633127283956,0.054151251605844,0.08478671900833454,0.0,0
cao,febre,0.32685093443534385,0.0,0.10266554786479201,0.1879290770043771,0.28011989131348214,0.0,1
ave,saudavel,0.0,0.0,0.028217491055326234,0.07127310912128326,0.0,0.0,0
gato,letargia,0.0,0.0,0.02965089646243516,0.42871361087248183,1.0,0.0,1
bovino,atividade_intensa,0.0,0.4677600780334159,0.04194036246348265,0.0,0.0,0.0,0
bovino,saudavel,0.0,0.0,0.03416006447032383,0.044507332835379,0.1271800785125018,0.0,0
coelho,hipotermia_choque,0.9773440265042173,0.0,0.2539827709654386,0.9036016888596321,0.0,0.0,1
ave,taquicardia_repouso,0.0,1.0,0.05674624405969753,0.8085283650007667,0.0,1.0,1
coelho,taquicardia_repouso,0.0,0.904376313292726,0.05207784612367437,0.7725120028049433,0.0,1.0,1
bovino,letargia,0.0,0.0,0.04831717706924895,0.22227716566375166,0.4239335950416727,0.0,1
bovino,febre,0.6709716203108183,0.0,0.1080558036334398,0.17143811212433147,0.0,0.2,1
bovino,saudavel,0.0,0.0,0.04210161410350202,0.03650624043674777,0.16957343801666908,0.0,0
coelho,saudavel,0.0,0.0,0.04557973459422484,0.0,0.0,0.0,0
ave,saudavel,0.0,0.0,0.020199028491252047,0.029340258293049204,0.0,0.0,0
bovino,saudavel,0.0,0.0,0.03136445071857425,0.03156331102483312,0.16957343801666908,0.0,0
cao,febre,0.5036623936379077,0.0,0.13525918630398615,0.16455829887272488,0.21008991848511163,0.23333333333333334,1
gato,atividade_intensa,0.0,0.7078399891424163,0.056747293158294,0.0,0.0,0.0,0
gato,taquicardia_repouso,0.0,1.0,0.04199339909146686,0.7195518365940491,0.0,1.0,1
bovino,hipotermia_choque,0.6199935136160282,0.0,0.27332928368090287,0.8235804471391484,0.0,0.0,1
gato,saudavel,0.0,0.0,0.01791009094449834,0.00485896354911286,0.45977011494252873,0.0,0
bovino,saudavel,0.0,0.0,0.039006396216113924,0.0,0.16957343801666908,0.0,0
cao,saudavel,0.0,0.0,0.044441676758434696,0.03145219905409147,0.28011989131348214,0.0,0
ave,saudavel,0.0,0.0,0.018112059214899823,0.02617425201616541,0.0,0.0,0
ave,letargia,0.0,0.0,0.023257641704323626,0.5761924837494051,1.0,0.0,1
coelho,taquicardia_repouso,0.0,0.8451128582126413,0.04990854284132814,0.7890783231971149,0.0,1.0,1
